date,station,temperature,humidity,pressure,rainfall,label
2022-01-01,AWS_01_Delhi,37.743293300026245,47.58872105162012,1012.9651987203198,4.852011532288183,0
2022-01-02,AWS_01_Delhi,36.78549235711968,44.06962246123727,1012.4566941051008,0.3289620702620673,0
2022-01-03,AWS_01_Delhi,37.95553460261274,48.23542373683561,1012.9987277058036,4.537117977303078,0
2022-01-04,AWS_01_Delhi,39.256108448291066,41.9112067448338,1012.7123446265,7.894220897983942,0
2022-01-05,AWS_01_Delhi,36.60434803713029,50.11708151250007,1012.8816678725724,1.865749172527023,0
2022-01-06,AWS_01_Delhi,36.58484440351448,48.46042588794696,1013.5004925971052,5.956364834139669,0
2022-01-07,AWS_01_Delhi,39.28180389275397,47.8260994232797,1014.0753683419744,1.2643505438391094,0
2022-01-08,AWS_01_Delhi,38.03754151931604,50.02381333477876,1013.471893309138,0.4507291087384792,0
2022-01-09,AWS_01_Delhi,36.15206040906194,52.09224200807815,1012.7106761103108,0.8617025144892143,0
2022-01-10,AWS_01_Delhi,37.63648134645168,50.1613493410059,1013.5648876224732,1.3504818956424267,0
2022-01-11,AWS_01_Delhi,36.090380731197314,41.62037245906106,1013.9747691630092,0.1138345533207658,0
2022-01-12,AWS_01_Delhi,36.04628632924759,43.331348460057576,1013.1053175475776,1.4606544050924266,0
2022-01-13,AWS_01_Delhi,37.06371779443539,45.325028008855405,1013.376834442672,5.959080311813082,0
2022-01-14,AWS_01_Delhi,33.78328025560871,47.309472735568896,1013.4846896293764,0.3162809116730005,0
2022-01-15,AWS_01_Delhi,34.01479701449378,48.818194552565146,1013.1182574336912,2.359623654234368,0
2022-01-16,AWS_01_Delhi,35.704277635588326,45.124295940906414,1013.8680565319902,3.577300858426886,0
2022-01-17,AWS_01_Delhi,34.97057557975883,47.90041878659092,1013.5164907914572,4.315633553838744,0
2022-01-18,AWS_01_Delhi,36.89990190765768,45.114830597096855,1013.819608671266,4.8334075416722975,0
2022-01-19,AWS_01_Delhi,35.00181692363108,45.58954456641556,1013.1987932344836,1.1055220830854315,0
2022-01-20,AWS_01_Delhi,34.17735225815123,43.24947816935256,1013.4563166490263,5.678608177289034,0
2022-01-21,AWS_01_Delhi,38.42288854514011,44.7473566671621,1014.0685429232666,2.1239568355862604,0
2022-01-22,AWS_01_Delhi,35.81103248610829,43.5118148919256,1013.5530325097354,0.2645177617212844,0
2022-01-23,AWS_01_Delhi,36.17296689311773,44.6912638503441,1014.634808738104,0.9719742482074804,0
2022-01-24,AWS_01_Delhi,33.85324917988726,50.83401108368522,1013.6031578856048,1.9005349183818776,0
2022-01-25,AWS_01_Delhi,35.08923756128626,44.88126223478815,1013.9467295681004,0.4262131499696938,0
2022-01-26,AWS_01_Delhi,35.98440409414741,55.6851327214571,1014.3318466010376,1.5350423286920294,0
2022-01-27,AWS_01_Delhi,34.00053279209763,49.32860493048861,1013.1872758170142,1.6476206182784443,0
2022-01-28,AWS_01_Delhi,36.19639448592817,48.46594339881152,1013.0466961358152,0.2663588156977644,0
2022-01-29,AWS_01_Delhi,34.63456298153245,45.40124598184926,1013.1946395229464,1.2489080815629867,0
2022-01-30,AWS_01_Delhi,34.99753204746942,50.14421452345408,1014.6188431520336,2.215161948062094,0
2022-01-31,AWS_01_Delhi,34.42897227232383,46.38539839417472,1013.741412814758,1.036411417739904,0
2022-02-01,AWS_01_Delhi,38.00334752997912,48.54940927512561,1015.3259308575653,0.0182654338315505,0
2022-02-02,AWS_01_Delhi,35.09505261115049,55.93672131596812,1013.793886543748,0.0136193457763564,0
2022-02-03,AWS_01_Delhi,33.41610286862899,48.04337412611749,1014.1971462779336,0.6624842877301601,0
2022-02-04,AWS_01_Delhi,36.12089343724544,51.85643593279659,1014.9044584888662,3.9094742655786026,0
2022-02-05,AWS_01_Delhi,32.93728764714208,46.3781019765566,1015.1646469909872,0.3894716564458754,0
2022-02-06,AWS_01_Delhi,34.96043093450099,48.46361083384655,1015.2202051622396,1.50917418758283,0
2022-02-07,AWS_01_Delhi,31.583354121606103,53.96382903528935,1014.8211368555268,0.3766894195957646,0
2022-02-08,AWS_01_Delhi,32.40348217077711,46.85525799722019,1014.7561247597874,0.5821820528198336,0
2022-02-09,AWS_01_Delhi,34.561170867793656,54.26009299799747,1014.5671280763808,2.826227552631188,0
2022-02-10,AWS_01_Delhi,35.24095097392241,51.03442173708022,1014.6864396601532,1.957687958439596,0
2022-02-11,AWS_01_Delhi,34.25496923623978,47.31398846268065,1014.0476763783204,0.1503924345550034,0
2022-02-12,AWS_01_Delhi,33.68644382445492,50.99061238514171,1013.9397877959548,0.8397665261702678,0
2022-02-13,AWS_01_Delhi,33.26763475383885,52.10480315073166,1014.372418305742,0.0444054897033782,0
2022-02-14,AWS_01_Delhi,31.358297646964388,51.14804279830791,1014.3138243428408,0.9834596319537086,0
2022-02-15,AWS_01_Delhi,32.35056337743782,44.66910604697537,1014.1966992199,1.6289914003433184,0
2022-02-16,AWS_01_Delhi,32.591122502475976,47.29720136658162,1014.7954818003202,0.1891998801554376,0
2022-02-17,AWS_01_Delhi,34.71706080788864,48.836525780971975,1014.9484866502132,0.5113815484905517,0
2022-02-18,AWS_01_Delhi,33.493692209924134,49.457856528985566,1014.538147618539,0.7608397264242754,0
2022-02-19,AWS_01_Delhi,30.17822771750045,51.64682432562233,1015.2553766574848,3.779825352445665,0
2022-02-20,AWS_01_Delhi,33.151119018710524,50.42310762638755,1013.9679850967012,7.498434113853526,0
2022-02-21,AWS_01_Delhi,31.92730345519848,45.99068233998773,1014.4637619725016,0.0689265932725241,0
2022-02-22,AWS_01_Delhi,31.327253814765758,51.24550234286809,1014.223480153212,2.1469873204508616,0
2022-02-23,AWS_01_Delhi,33.0956854061323,52.04630992060414,1013.6694538678128,0.6971637364582335,0
2022-02-24,AWS_01_Delhi,33.55807736728435,52.00498595476618,1014.5817377750934,0.7475014153262596,0
2022-02-25,AWS_01_Delhi,33.239827690975744,53.68040383512957,1014.5820793524132,2.1052521764930128,0
2022-02-26,AWS_01_Delhi,30.41338295505058,53.053626970390354,1015.4190661243526,3.7593749892557584,0
2022-02-27,AWS_01_Delhi,31.03571528409495,52.04451767243746,1014.9966426535464,4.521718179880809,0
2022-02-28,AWS_01_Delhi,31.82182765081381,50.57288119648508,1014.1875407708905,1.2910094151681957,0
2022-03-01,AWS_01_Delhi,32.611774636224624,45.91814590242464,1015.6445741997188,0.6626985009741211,0
2022-03-02,AWS_01_Delhi,30.25139811011823,52.30874834614031,1015.345429557222,2.323566464365648,0
2022-03-03,AWS_01_Delhi,30.511604436138896,51.76300112739958,1015.0428322620228,0.4335272134181592,0
2022-03-04,AWS_01_Delhi,28.948808144886986,52.0758627743221,1014.6548929704618,1.2454242614276605,0
2022-03-05,AWS_01_Delhi,28.630556511066647,47.55317664108064,1014.3042430745572,0.6661026178149804,0
2022-03-06,AWS_01_Delhi,31.458603517064063,48.2636205231267,1014.6131583512688,1.6034247344816908,0
2022-03-07,AWS_01_Delhi,32.08757049240931,54.79065159363,1015.3584019354572,0.4124428033327645,0
2022-03-08,AWS_01_Delhi,29.757093557949467,51.63792871155005,1015.770549129338,0.3190343509266639,0
2022-03-09,AWS_01_Delhi,31.180864741207493,53.92745849587157,1015.6135643395692,3.75593397268453,0
2022-03-10,AWS_01_Delhi,30.027090615057084,52.095197410067634,1014.6106586562652,0.1610499280556876,0
2022-03-11,AWS_01_Delhi,28.32469923408982,52.22768250782223,1014.3078657410014,1.0577018376147265,0
2022-03-12,AWS_01_Delhi,29.640942638276886,55.082285264585146,1014.9501552393392,0.3743329033357876,0
2022-03-13,AWS_01_Delhi,31.211159866242717,50.84912913765204,1014.0069730920728,0.0595619905707999,0
2022-03-14,AWS_01_Delhi,28.65446487383444,52.81622637582337,1015.0636968896828,0.0550252584169906,0
2022-03-15,AWS_01_Delhi,30.85816951132119,51.27237144881809,1014.8386683600344,0.2889611151874903,0
2022-03-16,AWS_01_Delhi,24.38354602103501,51.4877355329233,1014.6892413168104,3.023521472806084,0
2022-03-17,AWS_01_Delhi,29.346995321400435,51.99638925303568,1014.1341283416764,0.4979290600020741,0
2022-03-18,AWS_01_Delhi,28.044767267508483,53.72360353813365,1015.196927896988,4.507437168803639,0
2022-03-19,AWS_01_Delhi,27.26487720040066,51.75482865094326,1014.681850490514,1.3070559737607956,0
2022-03-20,AWS_01_Delhi,27.649416916359836,57.09275120901618,1014.3707382651562,0.8606859147226316,0
2022-03-21,AWS_01_Delhi,24.32806561174862,50.776565437574845,1013.5264818339024,1.3015681517911548,0
2022-03-22,AWS_01_Delhi,26.776870053300872,53.035133144144496,1014.9551901809788,1.09067153849263,0
2022-03-23,AWS_01_Delhi,27.43838147850524,52.4123317443524,1015.8608246831228,2.133045552824022,0
2022-03-24,AWS_01_Delhi,28.91532460971679,58.20861129132486,1015.8104945974488,0.4979652725980896,0
2022-03-25,AWS_01_Delhi,25.716345839231,54.59383021844042,1014.7558962905428,0.6532303087839398,0
2022-03-26,AWS_01_Delhi,25.075835755630173,57.2364828450926,1014.687329783607,3.367809341070781,0
2022-03-27,AWS_01_Delhi,25.330383754995687,49.82130600064075,1015.2262251203318,4.390891675416226,0
2022-03-28,AWS_01_Delhi,27.25024473533005,55.21638975842316,1014.4954572266222,3.346209343795961,0
2022-03-29,AWS_01_Delhi,26.164130545696768,57.221556466065486,1015.1477667922208,0.8156638402462411,0
2022-03-30,AWS_01_Delhi,24.670027065055532,54.93707372068888,1015.3815401616716,2.2736857373272907,0
2022-03-31,AWS_01_Delhi,26.0280943189047,58.02431234570628,1015.613003615902,0.9703567686175224,0
2022-04-01,AWS_01_Delhi,25.19725878357699,53.41370634332893,1014.9499044412324,1.0323584249210542,0
2022-04-02,AWS_01_Delhi,26.29804393289923,59.33132468915681,1014.897996442221,0.3435163000740676,0
2022-04-03,AWS_01_Delhi,23.585476701021072,62.137656809633015,1014.5601012679964,1.3415381453609911,0
2022-04-04,AWS_01_Delhi,23.940650120234164,54.29005542526048,1014.5843192541502,0.3089428162114961,0
2022-04-05,AWS_01_Delhi,23.637736376909967,54.17956003139221,1014.88259487578,0.6042235043593776,0
2022-04-06,AWS_01_Delhi,21.82461083383675,60.013564593996485,1015.1770005569164,2.896844767935532,0
2022-04-07,AWS_01_Delhi,24.25833875080241,60.52927754705511,1015.447002935318,0.3480414898696546,0
2022-04-08,AWS_01_Delhi,24.00036771312383,54.3588967153042,1014.5849242231948,0.1107254055045394,0
2022-04-09,AWS_01_Delhi,23.41149370655334,54.80355720098599,1015.7285724124666,0.1072562356034319,0
2022-04-10,AWS_01_Delhi,22.847454519801445,55.3550893601757,1014.8417933799434,4.239858439925319,0
2022-04-11,AWS_01_Delhi,20.87232438089895,52.30306147091412,1014.9612126527534,1.0606271017736997,0
2022-04-12,AWS_01_Delhi,22.1610517959598,53.71603097380884,1014.592247264386,0.7899551247024956,0
2022-04-13,AWS_01_Delhi,22.075241563642223,53.59470214078888,1013.7471072531546,2.4980490624927496,0
2022-04-14,AWS_01_Delhi,21.18390533140919,54.43839314785987,1015.3940437994452,2.7102419983214547,0
2022-04-15,AWS_01_Delhi,21.944174757656068,56.771876454402936,1015.3126583418044,0.6056296860943314,0
2022-04-16,AWS_01_Delhi,22.591795518603973,57.71216470868812,1014.795211787489,1.7743841657495234,0
2022-04-17,AWS_01_Delhi,24.615507189869703,61.79401591973962,1014.9604364557408,2.211854599588893,0
2022-04-18,AWS_01_Delhi,21.84955647187572,54.27981137603165,1015.1754052428266,1.5947983085208308,0
2022-04-19,AWS_01_Delhi,21.77648789445614,60.35952565651509,1014.1260890648176,0.2465958765420739,0
2022-04-20,AWS_01_Delhi,21.08203566328148,56.89556377603632,1014.6321968213512,3.129796924112922,0
2022-04-21,AWS_01_Delhi,18.1202178300332,57.519359102388194,1015.2826546265918,1.1618435408563856,0
2022-04-22,AWS_01_Delhi,20.764459723811434,59.82163811850964,1014.2466179810062,0.4979158529106655,0
2022-04-23,AWS_01_Delhi,20.701675032944312,54.55761412329125,1015.0082268281592,0.8306732417816522,0
2022-04-24,AWS_01_Delhi,24.114592525528025,59.20074300068542,1014.1702905420746,0.0574426135540534,0
2022-04-25,AWS_01_Delhi,19.940944781437643,58.679699138899615,1015.0683822433356,0.205219673769996,0
2022-04-26,AWS_01_Delhi,20.492977720105568,59.78358265428768,1014.8033885190396,2.17574861026821,0
2022-04-27,AWS_01_Delhi,19.80122909049233,59.29864143502333,1013.9991456966968,1.7452234575648485e-05,0
2022-04-28,AWS_01_Delhi,17.914444806315345,65.92092584456958,1015.3740482586984,0.8082354753199066,0
2022-04-29,AWS_01_Delhi,21.197441348347287,56.76464196286288,1014.40881885686,1.1088186614008095,0
2022-04-30,AWS_01_Delhi,20.42848668422556,57.20661771153095,1014.3548981894398,0.0842753537347453,0
2022-05-01,AWS_01_Delhi,20.30620392341586,57.05080775215818,1014.843697236034,5.422226304418164,0
2022-05-02,AWS_01_Delhi,17.576386161149646,57.3732570802914,1015.3006029308142,0.3845180177746692,0
2022-05-03,AWS_01_Delhi,20.86726572053796,57.24578911532457,1014.2007334300104,0.5440367642012552,0
2022-05-04,AWS_01_Delhi,16.484752706439835,62.84203005957048,1014.72133803963,0.5434845370859379,0
2022-05-05,AWS_01_Delhi,19.29417014128378,63.65225641024732,1014.8862592090026,0.392859045338092,0
2022-05-06,AWS_01_Delhi,21.527874747415943,57.79296691295092,1014.9992612010792,0.0022123638455775,0
2022-05-07,AWS_01_Delhi,16.586696113683242,57.12126621310114,1014.7212968805304,1.9603643566120312,0
2022-05-08,AWS_01_Delhi,17.055416067232905,61.14433822806784,1014.4294459731004,5.109865228354123,0
2022-05-09,AWS_01_Delhi,17.888804211845272,58.18377942434788,1014.1785706172408,0.3809715456663165,0
2022-05-10,AWS_01_Delhi,16.820729679675665,61.84816667936656,1014.6143716516806,1.6317185901908808,0
2022-05-11,AWS_01_Delhi,15.088763919152616,60.66559635205269,1014.0136985767411,2.031590911920936,0
2022-05-12,AWS_01_Delhi,17.35866710345444,55.61555256084471,1013.0671019838338,2.830015842055552,0
2022-05-13,AWS_01_Delhi,47.03189305192036,64.90972828157457,1014.7236135571428,0.8239058690808383,1
2022-05-14,AWS_01_Delhi,17.655269155142395,65.75771267982681,1014.9344114422404,0.5413061130890238,0
2022-05-15,AWS_01_Delhi,15.413830589153967,58.63298930154373,1013.277648890402,0.590219878971953,0
2022-05-16,AWS_01_Delhi,18.96838690036384,59.40790512496702,1013.930488474997,1.8704318039886347,0
2022-05-17,AWS_01_Delhi,15.321599922322129,61.52660959829039,1014.7207443507168,2.545597125945079,0
2022-05-18,AWS_01_Delhi,15.868901931045157,61.76870756639196,1015.41531018863,0.3006316974624597,0
2022-05-19,AWS_01_Delhi,17.43034696669156,62.83558539092712,1014.3719436727918,0.6952953599501706,0
2022-05-20,AWS_01_Delhi,14.224456246892736,66.98344513526993,1013.9721262578124,3.483266623765549,0
2022-05-21,AWS_01_Delhi,16.27527013303403,60.513104830099294,1014.2188644938658,2.4652175530940563,0
2022-05-22,AWS_01_Delhi,17.760808299821733,58.73837882078591,1014.9715476360471,6.285464308023564,0
2022-05-23,AWS_01_Delhi,13.257609384474634,57.08281949174543,1013.9345435396294,2.105150157480061,0
2022-05-24,AWS_01_Delhi,15.817290117832153,59.11365032681845,1013.8309731966016,0.7493221843254966,0
2022-05-25,AWS_01_Delhi,15.804471716736256,61.29085406446953,1013.9618763653588,1.339732534949937,0
2022-05-26,AWS_01_Delhi,16.464530375166596,66.85580954555294,1013.6989062004556,1.6226958306193864,0
2022-05-27,AWS_01_Delhi,13.316395293665916,59.99928519623613,1014.208879693806,0.1225568331822466,0
2022-05-28,AWS_01_Delhi,13.07407403427954,62.30152455231273,1014.9315177540552,1.1795293295286158,0
2022-05-29,AWS_01_Delhi,15.723555885812054,61.656968953523936,1014.2520205136392,1.8533026850352416,0
2022-05-30,AWS_01_Delhi,15.274985935135806,65.3455072034869,1013.9352833452608,0.274661145469417,0
2022-05-31,AWS_01_Delhi,15.097127324706772,69.4332052448289,1013.886219147574,2.275504958961168,0
2022-06-01,AWS_01_Delhi,15.135985261886992,60.32985171614468,1013.2208882225432,3.944357852161243,0
2022-06-02,AWS_01_Delhi,13.494277674299294,60.52213850133398,1014.414100302791,13.685334799997312,0
2022-06-03,AWS_01_Delhi,14.763804246271262,65.18886683085404,1013.9034004168414,0.1950678473495062,0
2022-06-04,AWS_01_Delhi,14.759277792731902,64.16589508035635,1013.8215734302216,1.387478712642471,0
2022-06-05,AWS_01_Delhi,13.155552150549644,67.72206912548197,1015.4775913526234,4.1408234782300966,0
2022-06-06,AWS_01_Delhi,16.936343488020366,63.99333007510907,1013.999377134122,1.5829765609708586,0
2022-06-07,AWS_01_Delhi,14.762252285718954,61.22112179140464,1013.4428163925836,5.639614470849416,0
2022-06-08,AWS_01_Delhi,12.181613117572702,64.12625224982581,1013.5740017552102,6.403411192094315,0
2022-06-09,AWS_01_Delhi,14.873733086624547,65.73350895929953,1014.3296387850064,0.4867197571736733,0
2022-06-10,AWS_01_Delhi,12.35050693656486,64.9197602489882,1013.7800626667284,3.2456125959528417,0
2022-06-11,AWS_01_Delhi,14.92009820472331,64.0288412272488,1012.9720856361828,3.19989723745417,0
2022-06-12,AWS_01_Delhi,15.407643262500711,65.75352413944105,1014.1184314317368,2.0740251428426557,0
2022-06-13,AWS_01_Delhi,12.372362408975254,66.10562951366848,1013.292142039102,12.15873825195229,0
2022-06-14,AWS_01_Delhi,14.98546313560342,66.78621101195462,1014.5300745266557,7.908276060576368,0
2022-06-15,AWS_01_Delhi,14.099979114487812,64.62559118004688,1014.1004853832558,5.376211837867709,0
2022-06-16,AWS_01_Delhi,14.657720131696813,62.21555916457939,1013.3036700376268,5.638077917214973,0
2022-06-17,AWS_01_Delhi,16.217071565288045,63.192219665095216,1014.1345525418294,2.7871615990317418,0
2022-06-18,AWS_01_Delhi,12.954497779196553,66.40447359739117,1013.4945390957248,11.422071340704171,0
2022-06-19,AWS_01_Delhi,12.146133840137583,60.36470092925574,1013.8534286684408,5.337530610003941,0
2022-06-20,AWS_01_Delhi,11.90009843122213,63.94977320951176,1013.6357121882344,5.875049598098774,0
2022-06-21,AWS_01_Delhi,11.971773047268526,61.6896579132068,1012.9363548439558,8.902189218922073,0
2022-06-22,AWS_01_Delhi,13.04445224117896,62.97949793193772,1013.0038391097185,1.4413674461794852,0
2022-06-23,AWS_01_Delhi,13.63995751458057,66.74986921958482,1013.8065788026304,7.404446408060695,0
2022-06-24,AWS_01_Delhi,13.514908360203547,63.50671576325404,1013.0901086888518,0.9774536935456496,0
2022-06-25,AWS_01_Delhi,14.3158159083199,63.08928228795787,1013.0214937826224,1.906390098747065,0
2022-06-26,AWS_01_Delhi,13.073246368843158,58.884602556376045,1012.7115122099598,1.8399898632160252,0
2022-06-27,AWS_01_Delhi,15.216287076635794,65.21477005748179,1013.3665724912636,17.28399430013677,0
2022-06-28,AWS_01_Delhi,12.624788336480762,64.9219368191981,1014.1516890143532,8.737558543675991,0
2022-06-29,AWS_01_Delhi,17.09136436865767,69.48235709073423,1012.552278008882,5.435459846931996,0
2022-06-30,AWS_01_Delhi,13.942501239521375,62.07399848322509,1013.0637466087906,5.8432114053909645,0
2022-07-01,AWS_01_Delhi,11.71470815598039,63.65715465592194,1013.7233242714852,3.715661608578589,0
2022-07-02,AWS_01_Delhi,11.394105743513144,63.74785472406239,1012.9429653105996,13.226289887291408,0
2022-07-03,AWS_01_Delhi,13.727708840738645,67.72969302737451,1013.1745490176706,3.0856164359447518,0
2022-07-04,AWS_01_Delhi,59.62035894072827,62.70670632365699,1012.3827587699176,2.1549202455697687,1
2022-07-05,AWS_01_Delhi,14.092774327475832,63.82254885308589,1013.0937269938722,0.8008804257306827,0
2022-07-06,AWS_01_Delhi,13.745842397760136,64.79969888854974,1012.7516549090308,6.942333230474039,0
2022-07-07,AWS_01_Delhi,12.944500162040988,63.52399834878488,1013.3037914982054,5.966681768874911,0
2022-07-08,AWS_01_Delhi,11.804850457663257,61.61067179983784,1013.370375011539,2.1828817928208792,0
2022-07-09,AWS_01_Delhi,10.827601324179724,63.51568853788925,1014.0372854661042,0.1148229042947598,0
2022-07-10,AWS_01_Delhi,12.458457124255071,66.13540888134224,1012.998218192767,8.218504422497887,0
2022-07-11,AWS_01_Delhi,14.444702996785324,59.81371756490008,1012.837284132414,0.0516765109691859,0
2022-07-12,AWS_01_Delhi,13.516629090911987,63.26858337262951,1012.7376589793377,5.473719362971071,0
2022-07-13,AWS_01_Delhi,11.365761907592432,60.743390838075534,1012.4300710740074,15.818243210729154,0
2022-07-14,AWS_01_Delhi,13.536509475450591,66.40064782899198,1012.7422000908512,2.5904294623663158,0
2022-07-15,AWS_01_Delhi,13.900556022794111,58.21538598351477,1012.3916879544691,1.205301064719181,0
2022-07-16,AWS_01_Delhi,12.046095937005424,61.07531306398048,1012.590186127173,5.491542438539092,0
2022-07-17,AWS_01_Delhi,13.65521755062337,63.84854903072351,1013.131467782348,7.6453632045419635,0
2022-07-18,AWS_01_Delhi,13.568120801752066,67.37603360498098,1011.9362673669616,3.5577286343500525,0
2022-07-19,AWS_01_Delhi,11.825943494991002,62.44248325562308,1012.9765136420176,15.355427563813873,0
2022-07-20,AWS_01_Delhi,14.140066927025243,60.93214416225186,1013.0323434517984,0.2387312461915273,0
2022-07-21,AWS_01_Delhi,14.51092668354196,68.19697127899536,1012.2821487720554,3.162531010178582,0
2022-07-22,AWS_01_Delhi,15.364048163872544,58.16297743267818,1011.2478479251542,5.703566613074002,0
2022-07-23,AWS_01_Delhi,15.393232519958191,55.86189583553586,1011.9726615449932,8.933190715938057,0
2022-07-24,AWS_01_Delhi,11.822398621738165,63.7274415677108,1012.8930813428726,0.888946020719797,0
2022-07-25,AWS_01_Delhi,12.56183080350399,60.84812508469105,1012.2013854155376,7.242548946318191,0
2022-07-26,AWS_01_Delhi,14.82405580516426,59.23529961237368,1011.6816369662212,3.6204371432992346,0
2022-07-27,AWS_01_Delhi,14.908360647671543,64.36661486102923,1011.8976118594468,2.272941870762507,0
2022-07-28,AWS_01_Delhi,14.999650807048267,62.913349289587465,1012.5392724445512,0.6355588955152172,0
2022-07-29,AWS_01_Delhi,20.098766318765964,60.42798471926723,1012.361553397084,9.021031697719147,0
2022-07-30,AWS_01_Delhi,15.271759466569508,58.21547100363414,1011.9382149350674,0.7700060874433995,0
2022-07-31,AWS_01_Delhi,16.21766321693793,64.60782881372909,1011.8440423798752,1.668403252000946,0
2022-08-01,AWS_01_Delhi,16.04731559288133,63.87306156878163,1011.8016372985865,1.541494982374744,0
2022-08-02,AWS_01_Delhi,15.698474926146654,61.554880375869885,1011.5066701257192,9.230209216651396,0
2022-08-03,AWS_01_Delhi,14.356605058325506,67.32023837128564,1012.7462277484108,5.025992605767582,0
2022-08-04,AWS_01_Delhi,16.079097368126607,58.49598334276374,1011.7483588883132,7.168414762397884,0
2022-08-05,AWS_01_Delhi,13.895521132099596,57.05358518462181,1012.4894007355924,1.297377594869518,0
2022-08-06,AWS_01_Delhi,14.816593449873023,59.47639488370091,1012.6131134901526,4.412221087394548,0
2022-08-07,AWS_01_Delhi,14.56375074575698,61.335377905933086,1012.3235849444892,3.816174429551412,0
2022-08-08,AWS_01_Delhi,15.537458734443106,62.120253331059,1011.5809417171912,8.04935823386813,0
2022-08-09,AWS_01_Delhi,19.01232718004396,60.582732273075216,1011.9712958452416,10.644241955445334,0
2022-08-10,AWS_01_Delhi,12.867936447428855,62.27694336533191,1011.7303765676128,0.0550407123403706,0
2022-08-11,AWS_01_Delhi,16.82948445395986,57.378652281829936,1011.2640396431618,5.044135504002911,0
2022-08-12,AWS_01_Delhi,13.515006424343358,65.37524032480123,1011.8518669264428,0.2395241282080023,0
2022-08-13,AWS_01_Delhi,15.36285492285952,60.70637798379318,1011.074352375993,3.581885733164503,0
2022-08-14,AWS_01_Delhi,17.843497036088102,64.21184006767301,1012.2322928752768,1.5262275175644868,0
2022-08-15,AWS_01_Delhi,16.448414233996857,61.793513235564006,1011.3811288975768,1.6488133403825782,0
2022-08-16,AWS_01_Delhi,14.87986269393252,62.03927308357704,1011.689412607722,1.9590518235560272,0
2022-08-17,AWS_01_Delhi,15.570529728947577,62.28031164547159,1011.7062901084212,4.369459523122176,0
2022-08-18,AWS_01_Delhi,17.812363563906686,61.81448105304883,1011.4114324049748,1.829432856522753,0
2022-08-19,AWS_01_Delhi,15.849330561613918,62.298247940142886,1011.8109028790404,5.937210467967459,0
2022-08-20,AWS_01_Delhi,17.423868867996376,64.25467026798168,1011.2572145166248,2.332799454482231,0
2022-08-21,AWS_01_Delhi,17.324180401101124,60.75234841494081,1011.9078714231476,0.3186067788611495,0
2022-08-22,AWS_01_Delhi,16.43735854434309,62.18383856226433,1010.7772420771424,6.891145418625001,0
2022-08-23,AWS_01_Delhi,20.79185929483795,59.68016414323834,1011.4918900796158,1.514402518282712,0
2022-08-24,AWS_01_Delhi,18.690205697690825,64.16080020353921,1012.377098771964,2.551432106974243,0
2022-08-25,AWS_01_Delhi,14.86714878165065,57.700914652730816,1010.8868744450552,5.204667541643216,0
2022-08-26,AWS_01_Delhi,18.35218207353341,65.02115423114627,1011.0280514118458,1.81867593910724,0
2022-08-27,AWS_01_Delhi,17.249511611548392,59.38473194226632,1011.6042455273816,0.2621236672075414,0
2022-08-28,AWS_01_Delhi,19.692534502777697,55.09841835992361,1011.4179399321324,2.107254567834663,0
2022-08-29,AWS_01_Delhi,17.398748192979205,59.659293710980194,1011.4848169349308,13.007008121256144,0
2022-08-30,AWS_01_Delhi,18.590969591933465,57.11479552481948,1011.5359492255742,4.619162973020005,0
2022-08-31,AWS_01_Delhi,19.69794826181245,61.56161908473834,1011.5910764781812,5.009197359127687,0
2022-09-01,AWS_01_Delhi,20.41828879410647,56.9623573935253,1011.8114372835596,4.501977105312623,0
2022-09-02,AWS_01_Delhi,17.500142524611736,57.46105827689206,1011.4448849205172,0.3328267768931588,0
2022-09-03,AWS_01_Delhi,18.981455272813324,53.00923972278024,1011.1032565274318,0.8127879682663384,0
2022-09-04,AWS_01_Delhi,18.955043896003204,57.19810646708967,1011.5446082691316,2.0850909571480107,0
2022-09-05,AWS_01_Delhi,48.47212820647948,51.159497523413,1012.143229362798,0.1603306830815454,1
2022-09-06,AWS_01_Delhi,22.688838067026797,53.55452039180607,1011.1124738666202,0.4882893744649425,0
2022-09-07,AWS_01_Delhi,20.836958795050755,60.46158648269334,1010.677568095546,0.4851071119621529,0
2022-09-08,AWS_01_Delhi,18.52840342529753,60.410914238085766,1011.7049588902572,0.8485007760689713,0
2022-09-09,AWS_01_Delhi,21.988122638614936,59.20215287333305,1011.0783615559473,5.895948199919484,0
2022-09-10,AWS_01_Delhi,23.98746483250421,54.89625121262218,1010.039902534402,0.1048332877441844,0
2022-09-11,AWS_01_Delhi,58.026142859204015,57.52461616291956,1011.5381885517944,1.096899853058921,1
2022-09-12,AWS_01_Delhi,18.91464958799971,57.52672269144114,1010.8356127469988,0.296514691013267,0
2022-09-13,AWS_01_Delhi,20.663811199072608,53.93146439350772,1011.047371365587,5.29405137783866,0
2022-09-14,AWS_01_Delhi,23.48805647640789,61.78506840354948,1011.24855453131,0.1803787877333137,0
2022-09-15,AWS_01_Delhi,20.72472413962573,59.77460131302441,1011.1683087427612,0.7752680651696081,0
2022-09-16,AWS_01_Delhi,22.651448375601507,56.34662798958957,1011.4188503425214,2.008457823551562,0
2022-09-17,AWS_01_Delhi,23.34805440529908,56.95658863354688,1010.8380204214568,1.828905973054734,0
2022-09-18,AWS_01_Delhi,20.99692552787449,57.36693426701492,1011.3045317978232,0.8241642345298645,0
2022-09-19,AWS_01_Delhi,22.50002530433968,50.48191983577221,1010.910999277917,0.6381745933977306,0
2022-09-20,AWS_01_Delhi,17.930118770004235,55.73045466569965,1011.4035521364838,0.760281227151189,0
2022-09-21,AWS_01_Delhi,21.45879903197313,54.29046026002356,1011.3357874420788,0.460350882405059,0
2022-09-22,AWS_01_Delhi,22.820482992774423,53.19558315707247,1010.554925468513,0.3447480643070062,0
2022-09-23,AWS_01_Delhi,21.53214874864237,55.22081677361571,1011.5607629301006,0.9896837878025702,0
2022-09-24,AWS_01_Delhi,26.057401760751446,61.32053637731257,1010.745504578908,0.4690563089309026,0
2022-09-25,AWS_01_Delhi,21.668946268264584,57.71308969366401,1011.4138182769392,0.5083823469505707,0
2022-09-26,AWS_01_Delhi,23.35981652598945,53.93987419329499,1011.1903258531923,1.6039708490747762,0
2022-09-27,AWS_01_Delhi,24.42200947253734,57.233815939663,1011.9232575166668,5.188430353959474,0
2022-09-28,AWS_01_Delhi,26.594053273729983,59.57663741633746,1010.890507577644,1.388137990414001,0
2022-09-29,AWS_01_Delhi,22.48476311506794,58.01486348751358,1010.8262490405662,0.1201556982899176,0
2022-09-30,AWS_01_Delhi,26.589822075332336,55.28217347836059,1010.9904568797466,0.1178890117328266,0
2022-10-01,AWS_01_Delhi,25.066992051084306,53.02476136051333,1010.8484286291103,4.536914486148645,0
2022-10-02,AWS_01_Delhi,23.78593019266274,56.92254116135099,1011.4004339470112,0.5292181720775392,0
2022-10-03,AWS_01_Delhi,26.157822582100994,55.870677909127856,1010.1933446733024,0.1448770144812101,0
2022-10-04,AWS_01_Delhi,25.96959342456744,57.23824373927837,1010.4762879481156,1.370857571638236,0
2022-10-05,AWS_01_Delhi,24.97681624303874,56.32075436586129,1010.471448592994,1.465848706950876,0
2022-10-06,AWS_01_Delhi,26.18772244785752,57.42664526570967,1011.4833158036924,1.5683389212346976,0
2022-10-07,AWS_01_Delhi,25.710605764677315,52.53524359200499,1011.8668708725032,0.4667372950043489,0
2022-10-08,AWS_01_Delhi,26.664027184518336,57.95634808580866,1010.9633309718954,0.0228390208273366,0
2022-10-09,AWS_01_Delhi,27.691679554386088,54.460476452340856,1010.9357241482304,5.029269661811945,0
2022-10-10,AWS_01_Delhi,29.28173784545565,59.95730753705072,1011.0603271967686,0.4333102642788987,0
2022-10-11,AWS_01_Delhi,25.249654636816857,51.52818462235988,1011.6119915178,1.6906393536692417,0
2022-10-12,AWS_01_Delhi,30.50896904563436,58.66827875372911,1010.5737104923616,1.8394803366751145,0
2022-10-13,AWS_01_Delhi,24.583644052272835,53.91921518268355,1011.163487808356,1.4124413372877296,0
2022-10-14,AWS_01_Delhi,27.485710583546084,51.23682050509035,1011.5393979045464,0.5629292977261339,0
2022-10-15,AWS_01_Delhi,28.796672474878097,51.60554472106955,1011.3104192412668,0.4743203865488489,0
2022-10-16,AWS_01_Delhi,28.53562936644014,51.96286369885865,1011.1633109329896,1.3657175448305383,0
2022-10-17,AWS_01_Delhi,27.379114397438737,54.063722054426,1011.5782634785388,3.0159441262409854,0
2022-10-18,AWS_01_Delhi,28.199020652064263,54.22770377903972,1009.7359142003164,4.398677941413845,0
2022-10-19,AWS_01_Delhi,27.96870253051112,50.806764033184685,1011.4368246271752,0.1679162177361407,0
2022-10-20,AWS_01_Delhi,28.020057881127435,52.32419954552121,1010.781769383582,0.2523237702946455,0
2022-10-21,AWS_01_Delhi,30.37325237554581,58.69424492249274,1010.204971435688,4.343457389548378,0
2022-10-22,AWS_01_Delhi,29.82790209494508,57.32104359963713,1011.3879268421166,2.000753420713084,0
2022-10-23,AWS_01_Delhi,28.44527218459465,53.31921329069834,1011.8317459054232,3.2182928495166703,0
2022-10-24,AWS_01_Delhi,31.02496520751933,51.996966838258295,1011.0893331672528,0.3396596558249881,0
2022-10-25,AWS_01_Delhi,30.32605802163488,52.11668815327481,1011.6481812972308,1.328590900897063,0
2022-10-26,AWS_01_Delhi,31.27250362781151,53.47174695182253,1011.9921115033892,1.811668028356622,0
2022-10-27,AWS_01_Delhi,31.184258046358185,48.438412448756274,1011.8581954874876,1.7096759795237664,0
2022-10-28,AWS_01_Delhi,29.18137393080454,50.61129275627154,1012.0360195717666,0.7867573672559152,0
2022-10-29,AWS_01_Delhi,29.768039045600567,46.25537404110322,1011.6029287256492,0.0232719351966224,0
2022-10-30,AWS_01_Delhi,31.911033308819505,52.33760743372609,1011.2859334091625,1.3117376266360068,0
2022-10-31,AWS_01_Delhi,31.88571486503636,52.96148150785078,1010.4641043845922,0.4377390485677718,0
2022-11-01,AWS_01_Delhi,31.11710455459486,49.45146931607449,1011.1594408393836,0.8974490600215506,0
2022-11-02,AWS_01_Delhi,31.50092357867164,55.50533862073112,1010.8787425192868,4.740238889250815,0
2022-11-03,AWS_01_Delhi,33.41603119155441,46.98968044574512,1012.40423454748,0.7638286664545683,0
2022-11-04,AWS_01_Delhi,30.78485215663079,46.158735866114185,1011.2497158410522,2.747013410271663,0
2022-11-05,AWS_01_Delhi,32.663553584056494,51.11141711414562,1011.4186492967874,0.3133813967569448,0
2022-11-06,AWS_01_Delhi,31.70828910488958,53.46690951880952,1011.6526645700056,1.6742199216944589,0
2022-11-07,AWS_01_Delhi,31.85164916803016,55.26633575912628,1011.4190790468368,5.658845213528497,0
2022-11-08,AWS_01_Delhi,33.99080209320548,48.72825600124339,1012.265634206702,0.1611992646309414,0
2022-11-09,AWS_01_Delhi,33.74305139930499,53.23275791641192,1011.1280836169911,0.0125321191878672,0
2022-11-10,AWS_01_Delhi,33.88525751861928,49.77447921508566,1011.5584740738508,0.8526365352376033,0
2022-11-11,AWS_01_Delhi,34.781006161276046,49.26692613314785,1011.1121530901938,0.1457999936079149,0
2022-11-12,AWS_01_Delhi,33.009770538020575,52.33213662874572,1010.8460445689964,2.0697788293436417,0
2022-11-13,AWS_01_Delhi,34.15430692550271,51.53605032286675,1011.2232814086194,3.6897123493444735,0
2022-11-14,AWS_01_Delhi,32.81668052402548,44.74943642310348,1011.534193524884,0.8537973835818566,0
2022-11-15,AWS_01_Delhi,33.91657921876254,53.80940125582444,1011.3620356431778,0.4490483737429789,0
2022-11-16,AWS_01_Delhi,33.380866050964,53.422886974098674,1011.2548728559598,0.8548110488000182,0
2022-11-17,AWS_01_Delhi,33.86478424471186,47.31045169732289,1010.9227357337166,1.9280336279340893,0
2022-11-18,AWS_01_Delhi,34.75265178619265,50.28079976828737,1011.6095599760198,0.0136430994108429,0
2022-11-19,AWS_01_Delhi,32.77058578960461,50.48347934921167,1010.9243705765,1.335400908434217,0
2022-11-20,AWS_01_Delhi,37.27183201745748,49.69318722818553,1012.0827688597748,1.4251268667782186,0
2022-11-21,AWS_01_Delhi,32.75685294174042,47.17183186247043,1011.770355274687,1.522875362029752,0
2022-11-22,AWS_01_Delhi,32.57447832494315,46.721289066769344,1011.0271307533858,0.4156515345396024,0
2022-11-23,AWS_01_Delhi,36.260025617675865,48.57476491540849,1011.6284417212448,1.8779217489485047,0
2022-11-24,AWS_01_Delhi,35.83462958293825,52.08676336311552,1011.4344684232832,0.143761433408754,0
2022-11-25,AWS_01_Delhi,35.704732847676844,50.11843171571756,1011.997986708302,0.3333478313840976,0
2022-11-26,AWS_01_Delhi,35.82959433298706,47.296772957681256,1012.5368217104292,3.149099642670781,0
2022-11-27,AWS_01_Delhi,34.98429910279247,50.64664995723648,1010.957543138842,2.013262062967994,0
2022-11-28,AWS_01_Delhi,33.76941689102865,39.71083983927151,1011.981502696497,0.0207613482883897,0
2022-11-29,AWS_01_Delhi,35.3386370905063,51.62967693230584,1011.8731023874856,0.4282791397255212,0
2022-11-30,AWS_01_Delhi,34.315789623399766,42.89317053655375,1012.318328150521,0.361973661387709,0
2022-12-01,AWS_01_Delhi,36.89775227228596,46.95596206101772,1012.1190472137988,0.4737238714039167,0
2022-12-02,AWS_01_Delhi,35.31493494415745,44.61730963851446,1011.666547653899,0.4266505716856836,0
2022-12-03,AWS_01_Delhi,34.39460166322089,44.027390600564175,1011.913372490361,0.096849855484972,0
2022-12-04,AWS_01_Delhi,35.244944395751595,51.3311315899815,1011.7055283881176,0.9213390830132032,0
2022-12-05,AWS_01_Delhi,36.437417390996046,46.38488292300925,1012.6724523841984,1.9792633450489057,0
2022-12-06,AWS_01_Delhi,35.06022481886807,48.768970546476126,1012.1762686191114,1.399894898542376,0
2022-12-07,AWS_01_Delhi,34.75704086585779,47.53232395722416,1013.1476193644644,1.6761041014547204,0
2022-12-08,AWS_01_Delhi,36.43720540332372,49.05000609094546,1012.1983427806056,0.1269472452422924,0
2022-12-09,AWS_01_Delhi,36.517146793501176,47.79733438195537,1011.9063475307636,4.538999934951021,0
2022-12-10,AWS_01_Delhi,35.46400062870108,43.6680797329291,1011.5357905593409,2.734799359737434,0
2022-12-11,AWS_01_Delhi,35.58925035172668,50.45826191823865,1011.4233843626838,2.4528284992322966,0
2022-12-12,AWS_01_Delhi,36.71192794294935,45.94282822590746,1011.5653927051123,2.597271080482096,0
2022-12-13,AWS_01_Delhi,34.25640439651878,42.71123369817757,1012.5237208761932,4.048126789794576,0
2022-12-14,AWS_01_Delhi,34.37862659869563,46.05577301026195,1012.6773976458538,1.1787293517750528,0
2022-12-15,AWS_01_Delhi,35.47004259757113,51.803806752269736,1011.6654883339156,0.3352442036990206,0
2022-12-16,AWS_01_Delhi,36.28200303569555,49.81588271749826,1012.9368125668057,1.4387331851963674,0
2022-12-17,AWS_01_Delhi,45.35561630466778,46.18524318171282,1012.2811239421465,2.037327279352253,1
2022-12-18,AWS_01_Delhi,38.91380871251066,46.15171062898716,1012.6295534799845,2.008643298560101,0
2022-12-19,AWS_01_Delhi,38.03137039440601,46.20517420661253,1013.3959013143904,1.1054888117950727,0
2022-12-20,AWS_01_Delhi,36.54559947547087,53.37323910373851,1013.0719662382462,0.1063721603805556,3
2022-12-21,AWS_01_Delhi,36.86078363588536,48.26404550264617,1012.523148387684,0.6957053861344417,3
2022-12-22,AWS_01_Delhi,35.48581127434099,48.38594361626363,1012.2457862459638,3.8030361880548993,3
2022-12-23,AWS_01_Delhi,37.05861972159809,50.16659074503774,1011.6495347551088,1.3172245670596223,3
2022-12-24,AWS_01_Delhi,36.74666337777934,47.77437769741762,1012.40000725058,1.1593637070523295,3
2022-12-25,AWS_01_Delhi,48.840525829729295,46.26550700324572,1012.6882314856912,0.4697121728787957,3
2022-12-26,AWS_01_Delhi,36.11473168388681,46.4405650532682,1012.3344806389496,0.6893646803297208,3
2022-12-27,AWS_01_Delhi,38.21725010170746,46.804153779305125,1012.7967666628492,3.3856446900885087,3
2022-12-28,AWS_01_Delhi,39.81644349829891,46.89899876016267,1012.935186607033,1.647002426619098,3
2022-12-29,AWS_01_Delhi,37.42974858619117,49.1876294249933,1012.8187287858505,2.3224226896124405,3
2022-12-30,AWS_01_Delhi,38.26745632032448,47.15702294374897,1012.6405719972768,0.9086537196319476,3
2022-12-31,AWS_01_Delhi,38.7685493209,49.19792023164674,1013.0843273359834,1.4923809860325328,3
2023-01-01,AWS_01_Delhi,37.19639136268064,46.75903554600132,1013.2553970370964,0.4282938047945073,3
2023-01-02,AWS_01_Delhi,38.19569419825875,47.24064636503063,1012.523643684524,1.8335149209059765,3
2023-01-03,AWS_01_Delhi,37.93622372996773,41.01606341609587,1013.8087055243196,0.8368793419835434,3
2023-01-04,AWS_01_Delhi,38.11807781150228,49.76794058165476,1013.0883107874624,0.8765616298559629,3
2023-01-05,AWS_01_Delhi,36.862730090098765,48.06908002821712,1013.1813544089472,1.5718316715798055,3
2023-01-06,AWS_01_Delhi,38.10614843366,50.03666377028679,1013.5603106065232,4.129899820664607,3
2023-01-07,AWS_01_Delhi,38.859982106361066,38.36924408575701,1013.3570241554304,0.0992198746384486,3
2023-01-08,AWS_01_Delhi,40.3297715039459,53.3408644972844,1013.7511258611833,2.612254747810728,3
2023-01-09,AWS_01_Delhi,39.62851156042552,46.6770497902249,1013.4521797239296,0.5187786722192034,3
2023-01-10,AWS_01_Delhi,41.45241496734006,50.44278759616406,1013.0363676010428,0.8802631938418446,3
2023-01-11,AWS_01_Delhi,37.1011525927506,44.0232773716794,1013.5572051822896,0.033235487984204,3
2023-01-12,AWS_01_Delhi,39.58669524801733,49.00840107545239,1012.8383458960768,0.5372556878544582,3
2023-01-13,AWS_01_Delhi,38.57578739569387,44.03923705242148,1013.4981228788968,1.047635342201444,3
2023-01-14,AWS_01_Delhi,41.60457168908858,45.35989270284898,1013.4607305366897,0.0867234792719325,3
2023-01-15,AWS_01_Delhi,37.12305966856394,53.00731155275814,1013.4066481615962,1.013243030345962,3
2023-01-16,AWS_01_Delhi,37.08812616617862,46.72948017807678,1013.4796475593488,3.928218676686868,3
2023-01-17,AWS_01_Delhi,37.4573999587611,47.99241711269885,1012.6360403430124,0.1670565106362368,3
2023-01-18,AWS_01_Delhi,35.17602065563339,49.99118258622309,1013.335479995442,2.168689067608202,3
2023-01-19,AWS_01_Delhi,37.57522050439176,48.91114363930921,1013.6889617739552,0.7906130411959876,3
2023-01-20,AWS_01_Delhi,35.15710881782362,47.92071817532796,1013.7549739951868,1.5970717636801846,0
2023-01-21,AWS_01_Delhi,36.45000607147209,48.61193941289349,1013.1935146738896,0.4521373063718478,0
2023-01-22,AWS_01_Delhi,36.66233090050383,54.77711546448944,1014.3723030062137,0.2606236805927749,0
2023-01-23,AWS_01_Delhi,38.88593084490968,47.44602721817534,1013.33823938838,0.2623564051923284,0
2023-01-24,AWS_01_Delhi,37.41600721648652,48.27638283400661,1014.2877045786752,0.1096497099010075,0
2023-01-25,AWS_01_Delhi,35.04045616458043,50.88142208930681,1014.0479843861604,0.3080414755165336,0
2023-01-26,AWS_01_Delhi,34.47039820256007,51.10456432581888,1013.542437530179,1.636945895679498,0
2023-01-27,AWS_01_Delhi,36.46490191549084,51.40974214452708,1014.7841141297856,3.2016782283872924,0
2023-01-28,AWS_01_Delhi,33.6524976478787,49.82762569381445,1013.3302821259274,2.5240268439921114,0
2023-01-29,AWS_01_Delhi,38.28270916519219,44.54730458420145,1014.4170447670366,1.7334136674546856,0
2023-01-30,AWS_01_Delhi,37.20423285324127,52.9435794821304,1014.4878422593414,0.1755287607159472,0
2023-01-31,AWS_01_Delhi,34.62776871251087,44.67327569383198,1013.682031783166,0.5120197822266446,0
2023-02-01,AWS_01_Delhi,32.65522845957939,49.09128622690663,1014.7430638647631,0.5561757445739454,0
2023-02-02,AWS_01_Delhi,37.14610700950551,45.99364015110366,1013.9509870857772,0.4314370039443028,0
2023-02-03,AWS_01_Delhi,34.83085949418391,48.13913878551247,1014.2492174409751,1.08542708642599,0
2023-02-04,AWS_01_Delhi,36.743800537050845,49.39490318485001,1014.263564431968,1.150364374409766,0
2023-02-05,AWS_01_Delhi,32.376911633907056,49.45170289828508,1014.0944461761724,0.6621498568758866,0
2023-02-06,AWS_01_Delhi,33.74807300756319,49.834338568043286,1014.5948575105016,0.6549441731772482,0
2023-02-07,AWS_01_Delhi,34.530724857003044,53.49256093555877,1014.6136981005064,2.645244376465631,0
2023-02-08,AWS_01_Delhi,34.46623213477187,50.09676207512544,1013.3698275102628,2.335929024403617,0
2023-02-09,AWS_01_Delhi,33.59078080677111,48.09027741813474,1014.9230347232194,0.5518114889350556,0
2023-02-10,AWS_01_Delhi,57.524208085416056,51.80342743557887,1013.466013128052,3.6764265727542496,1
2023-02-11,AWS_01_Delhi,32.39648617038093,52.56980025713737,1014.8395423386554,4.580519390769007,0
2023-02-12,AWS_01_Delhi,33.64634702050534,45.41056572256417,1014.9122398060796,0.5934412046816854,0
2023-02-13,AWS_01_Delhi,33.89973374479063,50.97934001140105,1013.8286223193396,0.6564207106862797,0
2023-02-14,AWS_01_Delhi,34.347738883603654,51.38613113858901,1014.193509510126,1.05671918365629,0
2023-02-15,AWS_01_Delhi,34.49775200716322,48.48708969656677,1013.8704609103206,4.24840140672203,0
2023-02-16,AWS_01_Delhi,31.59511752115885,53.60573333399108,1014.3398275614476,3.1350796663391804,0
2023-02-17,AWS_01_Delhi,30.830206212456837,49.128914926528914,1014.316816903835,0.1623268287210814,0
2023-02-18,AWS_01_Delhi,34.894780008419204,50.057886176700336,1014.883774441528,0.7481745003510715,0
2023-02-19,AWS_01_Delhi,33.32125896851394,49.26559256011869,1015.1717659900168,1.2090411472022606,0
2023-02-20,AWS_01_Delhi,31.5422632597835,49.93674176633219,1015.2366715591628,1.0491477491761023,0
2023-02-21,AWS_01_Delhi,34.83165483910674,46.70789015543242,1014.2795076888524,0.3232524900122662,0
2023-02-22,AWS_01_Delhi,32.51614876666398,45.78475614206732,1014.4772803766411,2.93654510543378,0
2023-02-23,AWS_01_Delhi,33.947116748966735,54.99806787442758,1013.7610030802388,1.6948794572820851,0
2023-02-24,AWS_01_Delhi,32.112855805655585,47.78473056601807,1014.2201430847666,2.729390274449161,0
2023-02-25,AWS_01_Delhi,34.93402939962442,47.463884610096784,1015.1253789231536,2.9359875102081423,0
2023-02-26,AWS_01_Delhi,34.30522050354934,44.0916901659325,1015.4701326645056,2.069608960754626,0
2023-02-27,AWS_01_Delhi,31.126087625153165,48.75009219168364,1014.064062375329,0.8676147708571158,0
2023-02-28,AWS_01_Delhi,32.78228893014,46.81410895063853,1014.4034020534788,1.4145171891405748,0
2023-03-01,AWS_01_Delhi,32.11652086991881,55.82707418338172,1014.7043250380722,0.2621827336099551,0
2023-03-02,AWS_01_Delhi,33.02310680318469,54.04934495677046,1014.874993288869,1.679656218374335,0
2023-03-03,AWS_01_Delhi,29.342707710264463,49.07548703037708,1014.3469816503276,0.2963110340908532,0
2023-03-04,AWS_01_Delhi,31.637387795893684,58.01843367876892,1014.9801655421188,1.7760081805537142,0
2023-03-05,AWS_01_Delhi,32.01250317746204,54.32871882951635,1014.5470430193836,0.3912645466650969,0
2023-03-06,AWS_01_Delhi,27.60170555383809,50.53229599382561,1014.7920356038652,0.1875819335192442,0
2023-03-07,AWS_01_Delhi,28.27832268055441,44.13297588901057,1015.0871697496073,0.2709964784145727,0
2023-03-08,AWS_01_Delhi,26.806260473679817,58.629421890892246,1014.831467111276,0.0029911832395659,0
2023-03-09,AWS_01_Delhi,29.27145514270262,47.71423900346291,1014.62374963017,1.902711617769396,0
2023-03-10,AWS_01_Delhi,30.56094996117957,47.07404604080557,1014.8002784651954,1.977398806475702,0
2023-03-11,AWS_01_Delhi,31.545914444141548,55.20612538536391,1014.8234929780432,1.0852034619405768,0
2023-03-12,AWS_01_Delhi,29.20999140064393,59.58669106567498,1014.6947066009428,0.2639656302611324,0
2023-03-13,AWS_01_Delhi,31.3470283349007,56.55008177783571,1014.7617947435208,0.1308787522860313,0
2023-03-14,AWS_01_Delhi,26.638051745177037,54.2195914051575,1015.7014366178428,0.0289714384757244,0
2023-03-15,AWS_01_Delhi,25.956130368567447,54.44346033992908,1015.1929293771544,0.2718299641726018,0
2023-03-16,AWS_01_Delhi,28.2298421288247,55.35147089156117,1014.77451940873,3.3226243607244523,0
2023-03-17,AWS_01_Delhi,28.69023973824656,55.20069139280189,1015.2799570775652,0.4146915797427531,0
2023-03-18,AWS_01_Delhi,27.86515454301009,53.90077649514064,1014.773218098825,0.6560638119016406,0
2023-03-19,AWS_01_Delhi,24.61222507603965,53.50367782778932,1015.5347632291382,0.16697647711645,0
2023-03-20,AWS_01_Delhi,27.3780956922874,53.13770344859704,1015.1405177791104,0.3772398969925246,0
2023-03-21,AWS_01_Delhi,25.35271473289268,51.19849357763333,1014.908961868541,1.0985325015287466,0
2023-03-22,AWS_01_Delhi,28.1108867083022,52.75372284602825,1015.1928060964092,1.4037940914926097,0
2023-03-23,AWS_01_Delhi,27.452609990382893,48.652654476588765,1014.1892608087536,0.4222564198856804,0
2023-03-24,AWS_01_Delhi,25.288663863113484,53.57265875787941,1014.41648125572,0.0891985691815223,0
2023-03-25,AWS_01_Delhi,25.72295079063643,51.03839256745294,1014.3874819156364,0.7439864775350638,0
2023-03-26,AWS_01_Delhi,24.69975587713653,50.83018127503938,1015.0599073611696,0.4002579626775837,0
2023-03-27,AWS_01_Delhi,25.989000674462737,54.81766957321211,1015.8580954920368,0.3718344442080344,0
2023-03-28,AWS_01_Delhi,27.30985503952879,58.59124581984918,1016.1103000193126,4.823177642259011,0
2023-03-29,AWS_01_Delhi,24.192414811703927,57.30761389720212,1015.3158963930316,1.4368433222264951,0
2023-03-30,AWS_01_Delhi,26.22073714398286,49.97871994199308,1015.2489222599517,1.2208667278964178,0
2023-03-31,AWS_01_Delhi,24.462806741676005,51.85898681079921,1014.0990081368834,0.8062039103669627,0
2023-04-01,AWS_01_Delhi,23.862333211161413,57.787885257594695,1014.7286445796052,0.8404028766952081,0
2023-04-02,AWS_01_Delhi,24.68453090716806,52.15582018798514,1014.6059414413554,1.1677471905297243,0
2023-04-03,AWS_01_Delhi,23.08569285820804,54.56706298878419,1014.6886687622492,1.7882136253857075,0
2023-04-04,AWS_01_Delhi,23.60166938211005,57.02872740365312,1014.9136875218776,1.816728252502569,0
2023-04-05,AWS_01_Delhi,22.42908176772493,52.61103423100362,1014.7597890328822,0.2825587743393415,0
2023-04-06,AWS_01_Delhi,26.966970955409515,55.969537681081256,1014.0036678983204,1.0400590652146258,0
2023-04-07,AWS_01_Delhi,23.867053663163137,51.78848462510836,1015.3641657502602,0.7964356000111084,0
2023-04-08,AWS_01_Delhi,22.55919654286512,54.12337386491036,1014.450142185665,3.066423979899928,0
2023-04-09,AWS_01_Delhi,23.724793387690983,57.02346345470118,1015.1018515600424,1.497141851585565,0
2023-04-10,AWS_01_Delhi,23.03084314532792,51.42146198616221,1016.0143965153396,1.1405469427608437,0
2023-04-11,AWS_01_Delhi,22.663926094674736,57.65783721789815,1014.5122040041344,0.1839204851904103,0
2023-04-12,AWS_01_Delhi,23.713269830172976,56.4130734164814,1013.7007093425868,1.3957285936991035,0
2023-04-13,AWS_01_Delhi,23.725574903503336,58.26459430429652,1014.816225272351,0.1869915432080216,0
2023-04-14,AWS_01_Delhi,21.591569513825828,57.41352824536624,1015.502500918764,0.6169378715530957,0
2023-04-15,AWS_01_Delhi,21.322375964188065,60.96835240648481,1015.9234101203684,0.2311994584011378,0
2023-04-16,AWS_01_Delhi,21.5731416876547,57.38519401902228,1014.321100768822,1.7668419574744327,0
2023-04-17,AWS_01_Delhi,18.333346590950534,55.85429781792163,1015.1752907087464,0.3464840878191696,0
2023-04-18,AWS_01_Delhi,19.31490315933013,57.64176600734488,1014.6847804055844,0.7460236944925273,0
2023-04-19,AWS_01_Delhi,23.44047370953878,59.0364525481945,1014.8543878161088,3.390363181330695,0
2023-04-20,AWS_01_Delhi,23.66115610718265,57.68411051968996,1016.2188948335328,0.3428304580952303,0
2023-04-21,AWS_01_Delhi,20.624820593647197,57.78952530495714,1014.1340371225832,1.0633206442424534,0
2023-04-22,AWS_01_Delhi,21.66906598156891,55.69120457858956,1015.000632523338,0.8152083099513607,0
2023-04-23,AWS_01_Delhi,21.078204949848075,55.93707743532531,1015.0952944479586,0.0274354399748477,0
2023-04-24,AWS_01_Delhi,25.038050569482948,53.84569794673419,1015.391474606856,2.3608029516838864,0
2023-04-25,AWS_01_Delhi,21.908848595761192,63.42907274382127,1014.8841588288544,0.107317967294058,0
2023-04-26,AWS_01_Delhi,19.848780319384,54.574639156089376,1014.9752345299404,0.9644085218512864,0
2023-04-27,AWS_01_Delhi,18.41998608414956,56.35241990991215,1014.6108873209386,1.2337849813989792,0
2023-04-28,AWS_01_Delhi,17.257792382358282,56.39980362812931,1014.9262420520924,1.4850127065961378,0
2023-04-29,AWS_01_Delhi,19.78840258037559,61.36263504645015,1014.6045185075104,1.7501678940857843,0
2023-04-30,AWS_01_Delhi,18.166061017268945,57.91475954166032,1015.0708103528752,0.4380821953829917,0
2023-05-01,AWS_01_Delhi,16.98627543845478,62.66345554945367,1014.5586074693967,0.015043347546822,0
2023-05-02,AWS_01_Delhi,17.970608016977966,57.01921656504056,1014.9148344530508,1.9280110889840976,0
2023-05-03,AWS_01_Delhi,17.140752248712218,59.994932983915525,1014.6940129326572,1.1506963693090415,0
2023-05-04,AWS_01_Delhi,21.1182417532371,56.76893930646855,1015.253523240092,2.712910216969328,0
2023-05-05,AWS_01_Delhi,19.736344136007546,65.82619104959791,1014.646154097043,2.583812182997169,0
2023-05-06,AWS_01_Delhi,18.230232346726048,55.94241053711081,1013.7661921633444,2.780383704701882,0
2023-05-07,AWS_01_Delhi,20.292416809714314,60.5477950630949,1015.2640368532489,0.995658301497404,0
2023-05-08,AWS_01_Delhi,18.020915123108487,61.63142220170492,1014.1600937422106,0.6088616997554825,0
2023-05-09,AWS_01_Delhi,16.447400862221418,61.08184584954528,1014.2654825582408,2.352143138747894,0
2023-05-10,AWS_01_Delhi,19.860629276754448,59.393508249466905,1014.2734690631356,0.9002890590484058,0
2023-05-11,AWS_01_Delhi,18.223124131278805,59.66736519029851,1015.2369871293196,0.3039863620731435,0
2023-05-12,AWS_01_Delhi,15.699953409755716,60.29421932177373,1013.4599401185916,2.8962635657601847,0
2023-05-13,AWS_01_Delhi,16.813672966498,59.82620667269892,1016.074207921894,3.212739997252047,2
2023-05-14,AWS_01_Delhi,16.813672966498,63.261717010924976,1015.0104724262304,0.9419095140067612,2
2023-05-15,AWS_01_Delhi,16.813672966498,67.10292437777093,1014.5707345652376,0.1180774345319367,2
2023-05-16,AWS_01_Delhi,16.813672966498,58.89853444975147,1014.4079068270438,0.7361083050527243,2
2023-05-17,AWS_01_Delhi,19.36060482153168,56.55960448737845,1014.5539442576433,2.440926775874157,0
2023-05-18,AWS_01_Delhi,14.254142844624958,60.50049105137712,1014.6471236679636,3.4807269352496504,0
2023-05-19,AWS_01_Delhi,17.05452499567291,68.59908058587159,1014.6841546119292,0.3412408929301276,0
2023-05-20,AWS_01_Delhi,15.09478886786093,58.54180781506169,1014.6139299614288,0.1039826934054521,0
2023-05-21,AWS_01_Delhi,15.203392155480792,65.96129692891364,1014.3551030550458,3.1476363042062143,0
2023-05-22,AWS_01_Delhi,14.911503282039789,66.1663729966306,1014.1854402163196,0.7399819311669389,0
2023-05-23,AWS_01_Delhi,14.372848081796752,59.56001245066504,1014.1818889873648,1.1705464784057034,0
2023-05-24,AWS_01_Delhi,15.613121771950937,63.01338968420003,1014.1331150597504,5.166117180793817,0
2023-05-25,AWS_01_Delhi,14.168222350747063,66.27542485247653,1014.7701331748832,0.103325486038691,0
2023-05-26,AWS_01_Delhi,15.69748130617039,60.33475273203712,1014.4723488657254,1.5675419129771244,0
2023-05-27,AWS_01_Delhi,15.096464195809332,60.94137801303756,1012.6773502184764,0.1154923471351874,0
2023-05-28,AWS_01_Delhi,14.69633688360634,59.8851179555501,1014.4471289130852,0.7061312945958025,0
2023-05-29,AWS_01_Delhi,13.579298044324313,58.66196744966359,1014.1878489744408,2.443042303683222,0
2023-05-30,AWS_01_Delhi,13.964351929433526,59.83249474794463,1014.052105718101,0.8523437764192799,0
2023-05-31,AWS_01_Delhi,15.854474887926592,58.18058716692126,1013.8378655554872,8.8077801899414,0
2023-06-01,AWS_01_Delhi,15.3676887290781,62.02470843968332,1014.5645399868846,3.684801805009682,0
2023-06-02,AWS_01_Delhi,13.047981889469204,59.68053713571272,1014.4463086452788,1.7431784590259134,0
2023-06-03,AWS_01_Delhi,14.564422158673594,62.75774193501907,1013.555880181436,1.118718427516515,0
2023-06-04,AWS_01_Delhi,15.446749767841563,57.45253367286653,1014.1153395305791,1.9421282650517175,0
2023-06-05,AWS_01_Delhi,11.722971355907138,63.17458784491724,1013.3952092014304,2.097290858821903,0
2023-06-06,AWS_01_Delhi,14.952722009873131,64.74213240395795,1013.1601915975446,0.3203482781819027,0
2023-06-07,AWS_01_Delhi,13.0575672659325,56.317791136051454,1013.5053533053364,2.0761191628682463,0
2023-06-08,AWS_01_Delhi,14.824466366266414,63.4764574672916,1014.2183772895044,2.8082979740991663,0
2023-06-09,AWS_01_Delhi,12.744013938860029,66.09040519497067,1014.231978453096,5.772561650338144,0
2023-06-10,AWS_01_Delhi,11.105206290909065,58.82939064932249,1013.9799701715082,4.811564107688886,0
2023-06-11,AWS_01_Delhi,11.298157642284888,67.52473629444002,1014.0537725187654,5.551321623330001,0
2023-06-12,AWS_01_Delhi,13.74187731398168,63.81055709877173,1013.9169061080066,0.0377948417045255,0
2023-06-13,AWS_01_Delhi,13.992969639085045,60.48270717505623,1013.3054732842602,1.1046388888365437,0
2023-06-14,AWS_01_Delhi,12.183924004080326,62.47242680586893,1013.809386910884,4.876990926620566,0
2023-06-15,AWS_01_Delhi,14.438696412249126,64.35444225484312,1013.9606661130124,2.9773255923451103,0
2023-06-16,AWS_01_Delhi,10.932349798301637,62.944929579767184,1013.9044766503628,0.0239743907346294,0
2023-06-17,AWS_01_Delhi,13.27276239333615,64.36834658313435,1014.0885010466992,7.3447537297113215,0
2023-06-18,AWS_01_Delhi,11.506055653557173,60.022925918628,1013.8147632640618,6.668850280427447,0
2023-06-19,AWS_01_Delhi,12.298983924970582,63.323590414325686,1013.6027659346504,3.5775039652300573,0
2023-06-20,AWS_01_Delhi,13.305468082635036,58.602609792178114,1013.9284208987456,0.3094876348939255,0
2023-06-21,AWS_01_Delhi,11.904868426790754,62.53599616614278,1013.3462725418268,6.545869451594907,0
2023-06-22,AWS_01_Delhi,12.583271488955376,60.181540538738886,1012.8846767002632,3.943717940662731,0
2023-06-23,AWS_01_Delhi,14.637668766177264,60.70792380399363,1013.210064911868,6.853844889113764,0
2023-06-24,AWS_01_Delhi,12.234534356923795,66.64169808482563,1012.885045032502,6.269880874081694,0
2023-06-25,AWS_01_Delhi,14.328579202863576,66.22390300527223,1012.8857288767564,7.31052930533369,0
2023-06-26,AWS_01_Delhi,11.35918324903987,64.79158534203734,1013.1168141642768,3.28422555157895,0
2023-06-27,AWS_01_Delhi,13.830692227772742,59.699071065382384,1012.7585629979668,0.6804013845799084,0
2023-06-28,AWS_01_Delhi,15.184126517324549,62.03625892669046,1012.966445789912,5.004793283823462,0
2023-06-29,AWS_01_Delhi,9.303643868582308,66.63188602075539,1012.1392371325322,4.359742231208779,0
2023-06-30,AWS_01_Delhi,11.808657334668151,63.4224839290038,1013.1582837341408,6.100998847327784,0
2023-07-01,AWS_01_Delhi,13.866052681375624,69.95769229287521,1013.0178167314584,0.8378380001858047,0
2023-07-02,AWS_01_Delhi,12.695876411540324,64.17965719111324,1012.5742416906884,0.975969875073766,0
2023-07-03,AWS_01_Delhi,13.56071902793083,63.57348053755419,1013.277985953762,9.949521348816564,0
2023-07-04,AWS_01_Delhi,12.105132838699513,62.06524352821034,1013.3827406028042,6.237925014920446,0
2023-07-05,AWS_01_Delhi,13.151658267547043,63.38610699012171,1012.075793513084,10.748040137755025,0
2023-07-06,AWS_01_Delhi,12.8024701078117,62.51859985025849,1012.46386465225,6.398000111802513,0
2023-07-07,AWS_01_Delhi,14.805416623516008,65.08849700938157,1012.426355325472,4.091418746897018,0
2023-07-08,AWS_01_Delhi,13.45667229971768,65.82007959387317,1012.306730435202,4.7776509475151645,0
2023-07-09,AWS_01_Delhi,13.606276154321325,60.57545017767048,1013.1572410660608,9.89720194589844,0
2023-07-10,AWS_01_Delhi,12.5104141031719,58.9208147710896,1012.611488536774,3.89098590841816,0
2023-07-11,AWS_01_Delhi,12.428695469191377,57.38464734382337,1012.5421285534676,4.503313295691327,0
2023-07-12,AWS_01_Delhi,12.546651192987252,64.39364833092651,1011.6385356463454,0.7657549800774428,0
2023-07-13,AWS_01_Delhi,13.82604828922786,59.53365346437143,1012.9243632355174,2.8903693761751037,0
2023-07-14,AWS_01_Delhi,12.645261365443426,56.35683616336,1011.9533289716936,5.670811353921429,0
2023-07-15,AWS_01_Delhi,13.757242238545476,63.95068251145899,1012.569354974672,1.422013261184935,0
2023-07-16,AWS_01_Delhi,16.484983289275284,70.23107715809363,1012.6446441080172,1.0168436440430668,0
2023-07-17,AWS_01_Delhi,14.731316946852616,62.69870067091027,1013.1529983124632,1.6948134763888467,0
2023-07-18,AWS_01_Delhi,12.991772425831304,65.19493384063288,1011.785128450042,1.2438598866045556,0
2023-07-19,AWS_01_Delhi,15.342219824982854,62.88522211448474,1010.8968182835426,1.0888212464664748,0
2023-07-20,AWS_01_Delhi,12.991272826970494,62.30107378275802,1012.4657106905051,2.4890664065239627,0
2023-07-21,AWS_01_Delhi,10.612563091222826,65.3107295196369,1013.2414386263064,10.728958305459996,0
2023-07-22,AWS_01_Delhi,12.227341832733524,61.636195501360966,1012.9282485511284,3.1831519480138444,0
2023-07-23,AWS_01_Delhi,11.006341560367057,63.26049064761182,1012.3814022461778,0.9367060069991632,0
2023-07-24,AWS_01_Delhi,13.361632447611838,63.37249163613884,1011.998765976776,0.3604290789980088,0
2023-07-25,AWS_01_Delhi,13.996195932161,60.35001639681974,1012.6163807450056,5.36058605184231,0
2023-07-26,AWS_01_Delhi,16.566158872764195,65.27512511237539,1011.6945149825164,2.1715207047442213,0
2023-07-27,AWS_01_Delhi,14.628072781949474,61.71666624904496,1012.388178204739,7.762600985047225,0
2023-07-28,AWS_01_Delhi,13.898428484375902,59.91471166979534,1012.3716975108824,4.848173009355438,0
2023-07-29,AWS_01_Delhi,15.563777454559116,63.72975014218863,1012.6182915667324,7.158688052437453,0
2023-07-30,AWS_01_Delhi,11.09872073701793,59.36098025427371,1013.4375110041078,1.4282105033446737,0
2023-07-31,AWS_01_Delhi,14.86773659382988,62.07500030099603,1012.223662569372,5.304696786910869,0
2023-08-01,AWS_01_Delhi,15.772610738471975,61.89510104497303,1011.7430345602546,1.3797422196015638,0
2023-08-02,AWS_01_Delhi,12.503508680518197,65.11009466470277,1011.9550880618724,12.591020967079745,0
2023-08-03,AWS_01_Delhi,16.545139990096416,63.2044220817825,1011.0540019512316,4.55233583845691,0
2023-08-04,AWS_01_Delhi,15.448388148628329,61.631156765506766,1011.5621625573742,1.7654381574113676,0
2023-08-05,AWS_01_Delhi,14.43182708305475,64.0834595949969,1011.6761802561232,1.413190289323567,0
2023-08-06,AWS_01_Delhi,16.120994159142466,65.72274174039659,1011.590411265224,0.9533952823171306,0
2023-08-07,AWS_01_Delhi,18.69783535420723,63.14556687405516,1011.900606931432,5.338201548408662,0
2023-08-08,AWS_01_Delhi,15.687446907951363,61.42129284262106,1011.3855419073592,1.1106722859188418,0
2023-08-09,AWS_01_Delhi,15.9126702094842,57.37093174959372,1012.3299461337356,4.070777837081159,0
2023-08-10,AWS_01_Delhi,14.979792887006113,58.0254361865629,1011.7425779032674,1.3832475345409456,0
2023-08-11,AWS_01_Delhi,14.525327614200902,60.21759644133727,1011.7112404129576,4.88077878785257,0
2023-08-12,AWS_01_Delhi,17.179583955944203,59.2154099061036,1011.5257399273254,7.5918317188033555,0
2023-08-13,AWS_01_Delhi,14.78662698268037,60.39191761001455,1011.7414676135024,6.773362251452479,0
2023-08-14,AWS_01_Delhi,16.31742049646614,61.02990234759995,1012.0510023133796,6.4380144335693394,0
2023-08-15,AWS_01_Delhi,15.635508035205987,62.35441545950109,1011.1798724383706,0.9356090954937007,0
2023-08-16,AWS_01_Delhi,17.21494959944607,60.457517091938406,1011.259774535248,0.416418610522859,0
2023-08-17,AWS_01_Delhi,17.14397845076795,62.03051473625359,1011.4127831582596,5.402137606457314,0
2023-08-18,AWS_01_Delhi,18.34927685689152,60.664778617427245,1010.8679494300904,2.0673694112390053,0
2023-08-19,AWS_01_Delhi,16.179855910907502,54.44367996147864,1011.107927048442,2.5480961983857853,0
2023-08-20,AWS_01_Delhi,16.694368580683356,57.44920649612813,1011.2565559081636,0.1424004365758671,0
2023-08-21,AWS_01_Delhi,15.78767706757194,59.730522238671554,1011.9094173647752,1.3523980080521136,0
2023-08-22,AWS_01_Delhi,16.74831917563765,56.427743060975466,1011.5815125817668,0.154154318524109,0
2023-08-23,AWS_01_Delhi,18.14189390041724,61.74915741608864,1011.5254952455264,9.510755507715553,0
2023-08-24,AWS_01_Delhi,18.874810089181835,64.4327010542219,1011.8330832535188,1.2551228234772551,0
2023-08-25,AWS_01_Delhi,16.52161467537062,63.386377114000574,1011.3183542131584,3.667261067349768,0
2023-08-26,AWS_01_Delhi,19.37690948153776,58.9780043196232,1011.5621563220726,0.1789170825624568,0
2023-08-27,AWS_01_Delhi,20.2756480969084,63.97738420474921,1011.295680726086,4.946195743265287,0
2023-08-28,AWS_01_Delhi,19.03403685541891,59.83674603788409,1011.4608302158624,1.7555597974454868,0
2023-08-29,AWS_01_Delhi,21.402723019465355,58.26372255289371,1011.0181225564882,10.268957225974354,0
2023-08-30,AWS_01_Delhi,17.602390455478453,57.3177425066213,1010.0719470813622,9.856405004416835,0
2023-08-31,AWS_01_Delhi,17.073485288374634,58.13227937830778,1011.2065761628072,1.7706295194396118,0
2023-09-01,AWS_01_Delhi,16.45157562949487,57.75569887580879,1011.9679614306314,10.405082312150308,0
2023-09-02,AWS_01_Delhi,21.54465360242917,59.31085724366287,1011.7030832931736,8.342515854222558,0
2023-09-03,AWS_01_Delhi,20.464755611105836,59.15958385876643,1011.7065840970366,2.6180210309133924,0
2023-09-04,AWS_01_Delhi,19.584084856378954,58.56416348529715,1011.8263867794332,2.795250737778045,0
2023-09-05,AWS_01_Delhi,20.27324968452992,59.74195001253892,1011.2376171908312,0.4295418898814022,0
2023-09-06,AWS_01_Delhi,18.352423135657585,61.878167686622255,1011.2774485935144,1.2895196977659982,0
2023-09-07,AWS_01_Delhi,23.898114198034563,61.02900492058443,1010.856006800164,0.1044366108859516,0
2023-09-08,AWS_01_Delhi,20.61356112976294,53.59881985678357,1010.9933821276004,0.149594492772082,0
2023-09-09,AWS_01_Delhi,20.77542190994011,50.26401678327229,1011.4464377128096,10.208626829833925,0
2023-09-10,AWS_01_Delhi,21.8928804728333,60.60013937572764,1011.7281795259936,0.5932110891143839,0
2023-09-11,AWS_01_Delhi,21.719888500586823,53.56711413609923,1011.0447545753786,2.068584401443668,0
2023-09-12,AWS_01_Delhi,21.529530573349422,56.8632341030348,1010.87818220755,2.464996676597392,0
2023-09-13,AWS_01_Delhi,20.204450625204014,53.89621938290727,1011.0929019861674,2.928138172714988,0
2023-09-14,AWS_01_Delhi,22.294892288331948,51.868932185507965,1011.38316774049,9.066220779064851,0
2023-09-15,AWS_01_Delhi,24.60926508276645,58.76690262591176,1010.3511314948048,0.4146117695948956,0
2023-09-16,AWS_01_Delhi,24.003849302614636,59.2869859919865,1009.9160339573832,0.0617812589354144,0
2023-09-17,AWS_01_Delhi,24.575883265114168,55.14639991438313,1010.780495181996,0.7944814591370741,0
2023-09-18,AWS_01_Delhi,21.62049772059484,48.96865896673753,1010.437622685778,0.2090321933609346,0
2023-09-19,AWS_01_Delhi,21.104906108044503,54.96839109628763,1010.7867025178854,0.0340217599238218,0
2023-09-20,AWS_01_Delhi,22.60333939995837,57.64739882946908,1010.9602567366312,0.6704313637879993,0
2023-09-21,AWS_01_Delhi,23.078967862407605,51.89967829769456,1010.8014794955608,2.296898706537092,0
2023-09-22,AWS_01_Delhi,24.84062249757059,56.75052294609469,1011.7488785867708,1.2526907562048688,0
2023-09-23,AWS_01_Delhi,20.865126577017413,56.018188104754586,1011.1811442543144,0.5626468187316246,0
2023-09-24,AWS_01_Delhi,25.903110284044917,57.66535129556727,1011.1637234812706,1.5934581719244998,0
2023-09-25,AWS_01_Delhi,23.57714648733705,56.14930221510544,1011.3208929498204,0.3959838275876324,0
2023-09-26,AWS_01_Delhi,23.3795616511138,52.73420433999871,1010.4372656376012,0.021728792058059,0
2023-09-27,AWS_01_Delhi,22.707742043717957,59.105782100588,1011.5237215719794,2.1681329945023653,0
2023-09-28,AWS_01_Delhi,21.949858332332155,54.90298238749855,1010.9643584255622,1.466224625983449,0
2023-09-29,AWS_01_Delhi,25.87331221777997,55.159048820245474,1011.336147747246,2.1551354188641323,0
2023-09-30,AWS_01_Delhi,24.9550533978825,52.30347849138048,1010.4642380661704,0.059574559991497,0
2023-10-01,AWS_01_Delhi,23.116701109943342,53.63572494005552,1010.2231391375196,2.7221088910393503,0
2023-10-02,AWS_01_Delhi,23.31557501113924,52.17346307842952,1011.4094078250528,1.4495069413709398,0
2023-10-03,AWS_01_Delhi,24.960990321770897,54.171383573092335,1011.1897047405694,1.243090779111378,0
2023-10-04,AWS_01_Delhi,28.174536169141327,59.68778951962221,1010.55210338051,1.4697008658782789,0
2023-10-05,AWS_01_Delhi,25.487754531731525,50.29953553202131,1010.5705185131465,2.99743667539983,0
2023-10-06,AWS_01_Delhi,23.82830489069533,49.43730292612145,1011.570879399913,1.3262309410379172,0
2023-10-07,AWS_01_Delhi,25.91996156384104,58.55446020916752,1010.4168582397784,1.3046489114757285,0
2023-10-08,AWS_01_Delhi,26.08466581201996,53.37619485745009,1011.836892057792,7.013253316180579,0
2023-10-09,AWS_01_Delhi,22.65315357819216,51.86045942228391,1010.5698246425012,2.120376042179549,0
2023-10-10,AWS_01_Delhi,26.8212703214609,56.85123898136315,1011.3444970780164,0.8758844825018839,0
2023-10-11,AWS_01_Delhi,26.759976089744114,51.77890145741799,1010.8667431286214,1.843407806484327,0
2023-10-12,AWS_01_Delhi,28.35372853087009,58.93841648487417,1011.338980774998,0.7395533925721629,0
2023-10-13,AWS_01_Delhi,30.285209893974606,55.35926044631341,1010.7722463159316,0.3898580868062616,0
2023-10-14,AWS_01_Delhi,29.40323577042109,51.72734029149658,1010.9704026366188,1.362676850128247,0
2023-10-15,AWS_01_Delhi,27.510863629318983,59.52912686302903,1011.0803317439947,3.9504322561743512,0
2023-10-16,AWS_01_Delhi,26.454352701725085,51.10676085443159,1010.5674263967996,3.9705636087983422,0
2023-10-17,AWS_01_Delhi,32.17320338204442,55.01751033124817,1011.4481526049656,0.6276096056553945,0
2023-10-18,AWS_01_Delhi,28.600031678621907,53.55707505615269,1010.8309235635804,1.125139788730609,0
2023-10-19,AWS_01_Delhi,28.729097870368783,56.433087913196815,1010.9835870097396,0.356692857281345,0
2023-10-20,AWS_01_Delhi,28.867917385878748,57.08179691248472,1010.6116325378416,8.149869288022224,0
2023-10-21,AWS_01_Delhi,29.395976371166057,52.36344629385446,1009.8391210547186,5.9543119684864685,0
2023-10-22,AWS_01_Delhi,29.07583824811159,49.87816047829645,1011.036811661054,1.572630074829144,0
2023-10-23,AWS_01_Delhi,28.62414356716528,53.3901587104936,1012.351224343648,2.447633105559865,0
2023-10-24,AWS_01_Delhi,28.855276982508865,49.849810294497374,1011.5503595685158,1.8834264053771816,0
2023-10-25,AWS_01_Delhi,29.81597883499597,57.79675591569989,1011.1621138337622,1.3489963705335273,0
2023-10-26,AWS_01_Delhi,29.238073292852423,52.0407990268795,1011.0545269597906,0.0822355895879511,0
2023-10-27,AWS_01_Delhi,29.17054610945702,50.41082549041517,1011.2119712071016,0.9098057681856778,0
2023-10-28,AWS_01_Delhi,30.584511788725493,51.9374632861363,1011.4895968646686,1.6849091714086974,0
2023-10-29,AWS_01_Delhi,30.22584477976474,47.21974739414689,1010.6414585724588,1.6976252626464494,0
2023-10-30,AWS_01_Delhi,33.04608238400865,48.225095950378304,1011.805377437046,0.7005064817195218,0
2023-10-31,AWS_01_Delhi,26.993704754296644,54.62113541257583,1011.6227779482614,4.263023617427322,0
2023-11-01,AWS_01_Delhi,32.785717223424776,48.93034586605842,1011.6415649463024,0.2747255082345877,0
2023-11-02,AWS_01_Delhi,33.194060292454914,47.6426453828152,1011.5196036863498,1.0407994972772097,0
2023-11-03,AWS_01_Delhi,28.38944849925955,52.27693569233401,1011.328571517578,1.7610578882122103,0
2023-11-04,AWS_01_Delhi,31.158177848764016,54.10897297073264,1011.6740893652518,1.7917061673145778,0
2023-11-05,AWS_01_Delhi,31.285746213307757,52.594921590460906,1011.6529539602658,1.568911456473108,0
2023-11-06,AWS_01_Delhi,29.90031054146369,53.3137576683905,1011.1999015265149,0.4829718584421504,0
2023-11-07,AWS_01_Delhi,31.011445941484677,47.94416741904429,1011.1104769372022,0.2547713459564359,0
2023-11-08,AWS_01_Delhi,30.67677304702595,45.83947678962468,1011.4690368341174,1.5156562312385844,0
2023-11-09,AWS_01_Delhi,35.13333254095838,54.500716371984495,1012.213918373606,1.3718213136909614,0
2023-11-10,AWS_01_Delhi,34.06851065433951,48.921965107061375,1010.8416168084052,0.2964988404698606,0
2023-11-11,AWS_01_Delhi,34.73012059303579,49.03230898360516,1010.7496257501668,1.831877570727733,0
2023-11-12,AWS_01_Delhi,34.06077287163629,53.66573924183288,1011.5884362452252,0.9109276729316688,0
2023-11-13,AWS_01_Delhi,31.437799811734426,51.24777171582847,1011.554609805,1.6528491904668223,0
2023-11-14,AWS_01_Delhi,32.495300259496,50.84627621030105,1011.6393827555934,2.724389461384185,0
2023-11-15,AWS_01_Delhi,34.16439153187176,55.87478724135,1011.6986633543906,0.2790036558334517,0
2023-11-16,AWS_01_Delhi,31.74288891917761,47.352058220515886,1011.4894822185792,0.0289957561809615,0
2023-11-17,AWS_01_Delhi,34.78878794248136,51.97066018609519,1012.3708261848536,2.265085315606359,0
2023-11-18,AWS_01_Delhi,33.49942815080008,49.2644285426664,1010.850660773096,1.4112495115788597,0
2023-11-19,AWS_01_Delhi,33.43568560313042,49.80716562695323,1011.2624822511252,1.8041581363170016,0
2023-11-20,AWS_01_Delhi,35.19969105623453,53.4965712099514,1011.6511134978556,2.7316740560251627,0
2023-11-21,AWS_01_Delhi,58.89695696934277,50.34625459287555,1010.9075409926426,2.4353884331693028,1
2023-11-22,AWS_01_Delhi,33.85431199539613,50.3510474077324,1011.6679793009022,4.863222317262287,0
2023-11-23,AWS_01_Delhi,36.261854012472135,51.86894914031223,1012.6137813426336,1.1515962304143947,0
2023-11-24,AWS_01_Delhi,33.025540550594,47.47371811670877,1011.8209898702264,1.005598732991403,0
2023-11-25,AWS_01_Delhi,35.692456532515,45.97000224991724,1011.9537499059518,0.7709638708116608,0
2023-11-26,AWS_01_Delhi,35.77672795604322,45.27418837187648,1011.2365141048316,0.2503061826909567,0
2023-11-27,AWS_01_Delhi,34.53834960309185,42.43248405716344,1011.586948669645,1.2750777888317275,0
2023-11-28,AWS_01_Delhi,35.604497981620575,54.425089090982695,1011.7363914667612,0.4865450695389127,0
2023-11-29,AWS_01_Delhi,33.34825988863776,44.87375473402448,1011.7943112368908,3.8133113728515022,0
2023-11-30,AWS_01_Delhi,36.71757271947829,47.44855100213073,1012.6234800097976,1.312690089167171,0
2023-12-01,AWS_01_Delhi,35.15771946749484,47.212844985560345,1012.2912944300426,1.347824240599024,0
2023-12-02,AWS_01_Delhi,34.7514364856321,48.8985394158202,1011.4868033412998,0.657582246248511,0
2023-12-03,AWS_01_Delhi,37.20636129716499,50.35864666534479,1012.1961518474104,0.0800843170487532,0
2023-12-04,AWS_01_Delhi,34.67050762241695,50.430071692925175,1012.3526521907676,0.0483877823109072,0
2023-12-05,AWS_01_Delhi,33.70532826503727,46.038754211238114,1012.7045233341596,0.8257410304701088,0
2023-12-06,AWS_01_Delhi,33.57086788778818,47.22809375992474,1012.9558831380596,0.1325344948001352,0
2023-12-07,AWS_01_Delhi,36.8993863862259,48.52082554532661,1011.6894769256742,1.4003344752195386,0
2023-12-08,AWS_01_Delhi,34.15103055734142,46.872810230725456,1011.8232444319076,3.1926074523471746,0
2023-12-09,AWS_01_Delhi,38.78188820981464,52.38890543683458,1011.6317619847614,3.217280317727721,0
2023-12-10,AWS_01_Delhi,33.10152127993219,48.98998126040957,1012.1756378260936,1.6140089671641125,0
2023-12-11,AWS_01_Delhi,38.84049236258922,49.67409481804668,1012.558133388035,0.3559242462140268,0
2023-12-12,AWS_01_Delhi,36.68037923771683,49.41274178139364,1012.8511279349098,2.981626836981181,0
2023-12-13,AWS_01_Delhi,36.283461240959184,50.9014009666128,1012.352182038866,3.258565161990786,0
2023-12-14,AWS_01_Delhi,35.67244363004704,47.88318316927081,1012.2631113726114,0.3284538855108164,0
2023-12-15,AWS_01_Delhi,37.14641310097789,43.41103153649927,1012.531962681056,2.005833987854461,0
2023-12-16,AWS_01_Delhi,36.54572170962605,48.46428134641571,1012.0717219589526,0.5064003616156015,0
2023-12-17,AWS_01_Delhi,38.30815344562019,45.277128903560914,1013.5674238288354,2.434091084126988,0
2023-12-18,AWS_01_Delhi,36.87211586007939,45.61363369669317,1011.7523264604326,8.837645976153528,0
2023-12-19,AWS_01_Delhi,36.970333601795794,48.92917141652996,1012.6821612897106,0.0457290261930352,0
2023-12-20,AWS_01_Delhi,36.24008895209522,50.8578443673569,1013.6353496899284,3.4148770642185475,0
2023-12-21,AWS_01_Delhi,36.737222845491125,47.1820538761597,1012.660813633917,1.4617958316863446,0
2023-12-22,AWS_01_Delhi,37.317974641302456,48.02231771248732,1012.5963628411708,5.439286292581016,0
2023-12-23,AWS_01_Delhi,34.32113683660173,52.182385216847926,1012.5467197443684,0.9382594830200908,0
2023-12-24,AWS_01_Delhi,34.890706536334314,47.78026975880378,1012.66938806932,2.819784106993009,0
2023-12-25,AWS_01_Delhi,38.050945979972326,54.84768278324901,1013.4802208424436,0.0966383010385265,0
2023-12-26,AWS_01_Delhi,37.21187625640721,48.72614353741777,1011.7221394468604,0.612581925856551,0
2023-12-27,AWS_01_Delhi,36.69558865915001,41.736669280079866,1013.6291119970437,0.1040517054622869,0
2023-12-28,AWS_01_Delhi,37.011652695059794,49.27069033300579,1012.1847820893285,5.554049784896203,0
2023-12-29,AWS_01_Delhi,37.514261366918966,48.14821594873069,1012.7978306121372,2.5471898296360944,0
2023-12-30,AWS_01_Delhi,36.18858255004535,50.87044354857531,1012.7509510775392,2.8713729823007097,0
2023-12-31,AWS_01_Delhi,35.83254291189653,49.019544053809874,1013.2942766348854,4.170090401689451,0
2022-01-01,AWS_02_Mumbai,34.416667853023526,68.94838414792854,1010.0699794969586,2.16748520422923,0
2022-01-02,AWS_02_Mumbai,32.91178150165896,65.88421199861403,1009.9522800954325,2.3407894907174294,0
2022-01-03,AWS_02_Mumbai,33.9522727841869,63.0016983639532,1009.9083065225498,1.5295442094418037,0
2022-01-04,AWS_02_Mumbai,36.548744265029086,59.357455000462245,1009.2743443476728,2.880742119661439,0
2022-01-05,AWS_02_Mumbai,36.205349577633136,62.75583386208256,1009.6581307217688,2.005530596889673,0
2022-01-06,AWS_02_Mumbai,33.38254769795304,63.38109418673482,1009.9632559828322,3.208223568099084,0
2022-01-07,AWS_02_Mumbai,36.37929715560328,65.16510721468885,1010.687935680118,0.8534451392135713,0
2022-01-08,AWS_02_Mumbai,31.974600713353716,65.89750991192118,1010.4174692894286,2.065093155014899,0
2022-01-09,AWS_02_Mumbai,38.54789780832781,66.51556496092263,1010.7784547653424,12.450484489008392,0
2022-01-10,AWS_02_Mumbai,36.83223064225187,59.28383685343588,1010.964042979563,1.9361010326554888,0
2022-01-11,AWS_02_Mumbai,34.017406978733845,64.76850961654571,1010.5411079923113,0.1818686651958062,0
2022-01-12,AWS_02_Mumbai,35.40356048233799,63.69123188452004,1010.4803557050774,1.0957089502600843,0
2022-01-13,AWS_02_Mumbai,32.69913726589386,72.23341557045208,1009.9573460276656,1.3277252255127274,0
2022-01-14,AWS_02_Mumbai,34.859464599952325,64.4252829022255,1011.4706811642984,0.2871233888384327,0
2022-01-15,AWS_02_Mumbai,34.459287960088524,62.39725789577367,1009.8017845543774,4.940869261402846,0
2022-01-16,AWS_02_Mumbai,33.44632753554459,64.63263395051756,1010.6032833591725,0.2896123507031847,0
2022-01-17,AWS_02_Mumbai,33.957045277351526,64.31441362912739,1010.993364367534,0.2932158268895607,0
2022-01-18,AWS_02_Mumbai,33.76853939212904,58.41386147270378,1011.0332112380784,3.700608431050953,0
2022-01-19,AWS_02_Mumbai,32.87829694563215,65.6490113656449,1010.0649947781652,0.938808889457073,0
2022-01-20,AWS_02_Mumbai,33.24331767125778,63.53778718786148,1010.4650942977544,0.0979094329917484,0
2022-01-21,AWS_02_Mumbai,32.320176955505616,64.43698276001325,1010.307874858294,1.3676545753908695,0
2022-01-22,AWS_02_Mumbai,35.71912743956632,61.94616310710293,1009.7492319709984,1.381300588328999,0
2022-01-23,AWS_02_Mumbai,32.9829472710395,61.33714091863939,1010.8364901833596,0.1000124163961678,0
2022-01-24,AWS_02_Mumbai,32.493882998783064,67.30973269608864,1010.444168280292,5.391581448172936,0
2022-01-25,AWS_02_Mumbai,35.53279811844002,68.05482887061245,1011.5871283475803,1.177992277488399,0
2022-01-26,AWS_02_Mumbai,34.76644400456407,66.04228234325664,1011.1731384041952,1.230774588053257,0
2022-01-27,AWS_02_Mumbai,35.3581003560775,59.41625842616705,1010.9171596585878,1.101314476308262,0
2022-01-28,AWS_02_Mumbai,35.462689808568086,66.36062510551086,1010.6907507756202,1.415229990729766,0
2022-01-29,AWS_02_Mumbai,36.92986302301474,59.58850966838284,1011.0150257151244,0.4603987740026651,0
2022-01-30,AWS_02_Mumbai,33.72265546473312,63.05975798074231,1010.859614192362,0.5079186184936517,0
2022-01-31,AWS_02_Mumbai,31.70127660861869,67.70898721915977,1011.0521114421508,1.0741296978158246,0
2022-02-01,AWS_02_Mumbai,34.22317686995366,67.156175276303,1011.9976491001472,2.465158076718605,0
2022-02-02,AWS_02_Mumbai,32.74002536451854,66.62736979476215,1010.5436322654028,0.0767261302323422,0
2022-02-03,AWS_02_Mumbai,32.232188249735245,69.27026178705079,1011.0205496920112,1.3872565256707392,0
2022-02-04,AWS_02_Mumbai,33.741271804386294,67.08866139616336,1011.4865977127334,2.465874344366401,0
2022-02-05,AWS_02_Mumbai,34.810997847580126,59.43057357681161,1010.9615301260148,0.2560352859121015,0
2022-02-06,AWS_02_Mumbai,32.17743143226814,64.45998376656836,1011.9797242942258,0.0227047849970668,0
2022-02-07,AWS_02_Mumbai,35.26015500261476,65.52660175518965,1011.556183316736,0.5625056175849008,0
2022-02-08,AWS_02_Mumbai,31.77941989091228,65.25993399027537,1010.8846482892968,1.330621189830269,0
2022-02-09,AWS_02_Mumbai,32.81139784400512,63.97134179869951,1011.3728989529178,0.2232428545783974,0
2022-02-10,AWS_02_Mumbai,33.6682958919575,62.820697530323024,1010.944954754976,0.8330086428574384,0
2022-02-11,AWS_02_Mumbai,32.416762396610466,73.20362369874141,1010.9249400793076,1.2055198983795226,0
2022-02-12,AWS_02_Mumbai,30.242607323617047,64.9271546923578,1011.278788247811,1.3702535398385949,0
2022-02-13,AWS_02_Mumbai,34.20397143583173,73.24194596197484,1012.0059861153984,0.4811588007604672,0
2022-02-14,AWS_02_Mumbai,31.782190577809644,62.85874169738816,1011.7716391739956,0.766312527444549,0
2022-02-15,AWS_02_Mumbai,33.7375674674438,68.35096041292377,1011.412024441315,2.2599106869680465,0
2022-02-16,AWS_02_Mumbai,30.62517090340228,67.16753714322583,1011.837881173993,4.250795032979137,0
2022-02-17,AWS_02_Mumbai,30.78076343922889,63.8132331064313,1011.605143401136,2.969452205679377,0
2022-02-18,AWS_02_Mumbai,33.612493298047326,65.27848548682366,1010.9089976625804,1.2461452206900616,0
2022-02-19,AWS_02_Mumbai,32.72595410614274,66.7394178248874,1011.444042807363,0.7921937121664978,0
2022-02-20,AWS_02_Mumbai,31.4521168103852,64.3576547720894,1011.5022498557772,0.6073502838929921,0
2022-02-21,AWS_02_Mumbai,32.53583198113823,66.22829363401176,1011.9414368706044,0.2002226326430444,0
2022-02-22,AWS_02_Mumbai,30.464032506833256,60.01020151367835,1011.2986560632124,0.1689994524203601,0
2022-02-23,AWS_02_Mumbai,31.95083599148069,69.34910065555889,1011.146389888519,1.748848473447819,0
2022-02-24,AWS_02_Mumbai,31.86721627411205,71.00706963334143,1011.6003046396212,0.451240973074077,0
2022-02-25,AWS_02_Mumbai,31.001265933747757,68.80115278096167,1011.3202408546076,0.4408755772636387,0
2022-02-26,AWS_02_Mumbai,30.195210934870214,74.34463489055697,1011.5005866429398,9.475837303877212,0
2022-02-27,AWS_02_Mumbai,31.438395432570044,69.71326611755184,1011.6407970248234,0.3122456371395893,0
2022-02-28,AWS_02_Mumbai,31.13414995418763,71.2118072471937,1011.5081121011928,0.2403583422868028,0
2022-03-01,AWS_02_Mumbai,30.40023817864797,71.61611720050294,1012.199119287978,0.1558510854425029,0
2022-03-02,AWS_02_Mumbai,29.42938460598632,59.76685361898565,1012.4420602624614,1.3005558167735374,0
2022-03-03,AWS_02_Mumbai,30.878777508092952,69.41095766215895,1012.1832387817676,1.4827431488372302,0
2022-03-04,AWS_02_Mumbai,30.043890190009108,64.11232141178564,1010.8825364373092,0.6817339252660175,0
2022-03-05,AWS_02_Mumbai,29.064591200803036,64.84071201382915,1011.4629758617682,1.1499107434019884,0
2022-03-06,AWS_02_Mumbai,30.55850457178568,65.48587032894574,1011.7099356797884,2.3295830434409805,0
2022-03-07,AWS_02_Mumbai,32.7812651744518,67.69304563357915,1010.8908909959302,2.5564816637674257,0
2022-03-08,AWS_02_Mumbai,29.69316432801936,70.70797405533311,1011.390310117796,4.751991620309219,0
2022-03-09,AWS_02_Mumbai,32.36370840810934,70.18492587877381,1011.7462275908168,2.6081926374577558,0
2022-03-10,AWS_02_Mumbai,33.16125529041889,68.97249813322345,1011.6305963265938,1.248067201528517,0
2022-03-11,AWS_02_Mumbai,28.43145755709849,71.30646441295288,1011.8719995463003,0.2970490377839175,0
2022-03-12,AWS_02_Mumbai,29.74613246564129,71.61789281143346,1011.1892979352452,0.1576467547462642,0
2022-03-13,AWS_02_Mumbai,32.7583345544203,70.7251358900042,1011.661051599496,0.0840809493380537,0
2022-03-14,AWS_02_Mumbai,29.29051601288601,64.35434968677608,1011.9780679079536,1.6472848098813233,0
2022-03-15,AWS_02_Mumbai,29.396020903714888,67.44119894686304,1011.9175703888964,2.47177122408343,0
2022-03-16,AWS_02_Mumbai,26.70376757321741,69.8702077170482,1012.1457063565686,1.066001509954173,0
2022-03-17,AWS_02_Mumbai,28.278601526078894,72.12426427286485,1012.1257670563084,0.0844019050902682,0
2022-03-18,AWS_02_Mumbai,29.77618080377089,66.07146325006055,1011.736574359326,1.1500955612538108,0
2022-03-19,AWS_02_Mumbai,32.45284944849318,70.15703894660786,1012.0082603518824,4.117443092237316,0
2022-03-20,AWS_02_Mumbai,28.38050691749685,65.62860946312725,1011.5557001356638,1.3655121620717583,0
2022-03-21,AWS_02_Mumbai,26.04567317238961,73.53814130139119,1011.8274987810296,2.486583778273756,0
2022-03-22,AWS_02_Mumbai,26.296378137211462,71.32278991172275,1011.4411388975292,2.415302168715432,0
2022-03-23,AWS_02_Mumbai,28.21479055191763,66.69311681130709,1012.507411100926,4.0352218567158165,0
2022-03-24,AWS_02_Mumbai,29.89813255881472,66.80949202485078,1011.8431178399094,2.206006647442743,0
2022-03-25,AWS_02_Mumbai,28.951864635407407,72.16646150365847,1012.51641614195,2.065707690969472,0
2022-03-26,AWS_02_Mumbai,28.54943456857849,75.2653459703762,1012.144183848132,0.4000607184012489,0
2022-03-27,AWS_02_Mumbai,29.685729460624724,67.98762960740363,1011.5490068614662,0.0926936773333515,0
2022-03-28,AWS_02_Mumbai,26.5044174079062,73.7750512866636,1012.1202032457172,1.093470786964763,0
2022-03-29,AWS_02_Mumbai,27.475978000741176,69.92595092511168,1012.4017299748552,0.1993274731551073,0
2022-03-30,AWS_02_Mumbai,26.5292050668338,74.15980406094125,1011.959709626678,4.913005633697984,0
2022-03-31,AWS_02_Mumbai,26.764945176311667,73.87744395160615,1012.0365516801304,0.5135765196577587,0
2022-04-01,AWS_02_Mumbai,25.525024274881726,72.43147121807736,1011.7242528252948,2.87541479311063,0
2022-04-02,AWS_02_Mumbai,26.38075352424924,66.60010844975832,1012.011884930548,0.7356147404764911,0
2022-04-03,AWS_02_Mumbai,26.71746421185664,74.2845193891476,1012.1180416557758,0.5855564619789001,0
2022-04-04,AWS_02_Mumbai,26.064221643628223,73.88462891957005,1011.7083515241108,4.1037158470847945,0
2022-04-05,AWS_02_Mumbai,26.242340149884765,73.74735685517804,1011.4561863533908,0.6772382164050688,0
2022-04-06,AWS_02_Mumbai,26.9541496525124,73.24043335233631,1012.6373030533,0.7421526219720683,0
2022-04-07,AWS_02_Mumbai,28.06748254373363,70.15420044486666,1012.2922708751938,0.1682282562571623,0
2022-04-08,AWS_02_Mumbai,28.03925700540489,76.17636510982133,1011.7126846458492,1.6650256087971704,0
2022-04-09,AWS_02_Mumbai,27.07801499882192,75.75853681472347,1012.092056756566,0.5112855239995691,0
2022-04-10,AWS_02_Mumbai,23.909584595585308,69.97417485622323,1011.2380658466282,1.321400468422814,0
2022-04-11,AWS_02_Mumbai,25.122972017628264,77.2792980355702,1010.9833608129724,1.342350607479572,0
2022-04-12,AWS_02_Mumbai,25.11658564066965,73.8669951171676,1012.5079196476988,1.9051672841556144,0
2022-04-13,AWS_02_Mumbai,24.407150812772077,73.9945353004806,1012.0740029534218,2.051158780670508,0
2022-04-14,AWS_02_Mumbai,25.771740925372157,73.21271983391621,1011.9281698665224,1.083717035479983,0
2022-04-15,AWS_02_Mumbai,22.73257614351453,73.64195092680811,1012.0605649956648,0.6029387736886292,0
2022-04-16,AWS_02_Mumbai,27.530829193213883,78.12221807600785,1013.548941395508,2.7251627058432306,0
2022-04-17,AWS_02_Mumbai,26.65031656598518,77.24173939509294,1012.3614887402508,0.5563034840135441,0
2022-04-18,AWS_02_Mumbai,25.442429894604608,77.31041474916627,1011.3947155007872,1.0624189267021011,0
2022-04-19,AWS_02_Mumbai,24.500277544034383,74.96025151872148,1011.0671737973008,0.7693731668910724,0
2022-04-20,AWS_02_Mumbai,26.30572863389598,77.20504547931604,1012.423991041704,2.897343413443477,0
2022-04-21,AWS_02_Mumbai,25.366357173824905,72.16481100922378,1012.313570213896,0.8482356591974287,0
2022-04-22,AWS_02_Mumbai,25.86277703431731,76.54750857750402,1012.161293076366,0.7318828638341557,0
2022-04-23,AWS_02_Mumbai,23.98564168863209,74.46531609207125,1011.4550083466262,1.755921615872645,0
2022-04-24,AWS_02_Mumbai,26.63045586666298,68.8740987999083,1012.0302241393282,1.383618306853652,0
2022-04-25,AWS_02_Mumbai,25.569989299274337,70.42203753779455,1011.4734946677472,0.1701677184053818,0
2022-04-26,AWS_02_Mumbai,24.458075580890664,73.31729252199558,1012.1526002031987,1.0644295855320405,0
2022-04-27,AWS_02_Mumbai,25.452823877346862,76.676597456346,1012.2980400582856,1.9947484850953447,0
2022-04-28,AWS_02_Mumbai,22.816231662412136,73.568786059835,1011.5199422020552,7.256554882648857,0
2022-04-29,AWS_02_Mumbai,21.57088754536263,73.9045117034627,1012.3420197258667,1.4879236104173688,0
2022-04-30,AWS_02_Mumbai,23.68271719303481,78.08939134216092,1011.8174506077283,0.6937511289841134,0
2022-05-01,AWS_02_Mumbai,22.99413499984732,74.25519297308342,1011.9893492436396,0.384568934930928,0
2022-05-02,AWS_02_Mumbai,22.663735548811392,80.03211016387539,1011.0714675742544,3.0933485193201395,0
2022-05-03,AWS_02_Mumbai,24.666517561779983,79.65332171670454,1011.8247515924772,2.52757800978561,0
2022-05-04,AWS_02_Mumbai,22.975728353568115,76.34062442796179,1011.3527059209988,0.3997085372316361,0
2022-05-05,AWS_02_Mumbai,23.004609944025475,78.65112802125275,1011.9091676858444,0.3359009644514502,0
2022-05-06,AWS_02_Mumbai,50.98664025862094,78.3569271572685,1012.3862897322734,1.883619198820496,1
2022-05-07,AWS_02_Mumbai,23.70335177650547,75.88133710453562,1011.77783620755,0.5673996908523429,0
2022-05-08,AWS_02_Mumbai,23.322722113053253,79.31499554782506,1011.1625324394254,0.5487871815777704,0
2022-05-09,AWS_02_Mumbai,23.47004095815065,79.86715472336238,1011.905598773454,0.2478254613964093,0
2022-05-10,AWS_02_Mumbai,21.304732823945702,74.09206553372883,1011.7721940830512,0.4597378493138795,0
2022-05-11,AWS_02_Mumbai,23.899305400571706,77.51747320446101,1012.5790689559342,0.8366336170141089,0
2022-05-12,AWS_02_Mumbai,24.59536772981316,77.5902963735649,1011.6547612060316,1.979851988144249,0
2022-05-13,AWS_02_Mumbai,22.995844918402668,79.8160710799365,1011.212596159452,0.6149058521954608,0
2022-05-14,AWS_02_Mumbai,20.41598790859332,76.03850460919224,1011.8677646345204,0.5975949866808152,0
2022-05-15,AWS_02_Mumbai,20.32534120064881,75.6780743746676,1011.3952760720202,0.5030271278189039,0
2022-05-16,AWS_02_Mumbai,20.86592476183539,78.07800878570843,1011.475479322208,0.975946894738024,0
2022-05-17,AWS_02_Mumbai,20.484420752856543,81.21309109587641,1010.9469292050264,0.2988415518446708,0
2022-05-18,AWS_02_Mumbai,21.128023865038216,74.16720585020109,1011.3253450473724,0.9972207827767589,0
2022-05-19,AWS_02_Mumbai,22.08871112664314,74.78553411289724,1011.3769491676992,1.8269836437914555,0
2022-05-20,AWS_02_Mumbai,21.482097142153886,76.39131679505911,1011.2719533905588,0.0453648833698483,0
2022-05-21,AWS_02_Mumbai,21.25948707199799,77.01621529633678,1011.0148690332028,0.0147412687567046,0
2022-05-22,AWS_02_Mumbai,20.50492532089851,72.83652214708873,1011.4282239916458,0.1171416392118021,0
2022-05-23,AWS_02_Mumbai,20.66845393346416,82.71536303653446,1010.7957894207708,1.1507075541135547,0
2022-05-24,AWS_02_Mumbai,21.8884228146493,77.91552067259687,1010.6510718996648,2.890905800071721,0
2022-05-25,AWS_02_Mumbai,17.591827975659356,77.54992141055101,1011.5580162118132,0.0073446510177097,0
2022-05-26,AWS_02_Mumbai,20.51077843228232,83.34004856910582,1011.4844455936286,4.138888251931782,0
2022-05-27,AWS_02_Mumbai,20.879862299046348,80.70549957871609,1010.4937422954685,0.168541629811067,0
2022-05-28,AWS_02_Mumbai,21.54521390542491,77.02389506539599,1010.204401001604,2.767583997889619,0
2022-05-29,AWS_02_Mumbai,18.778693449332067,79.20006117766665,1010.586109854383,0.989147287693396,0
2022-05-30,AWS_02_Mumbai,18.625308093177672,78.65511598601321,1010.9973105990872,1.615382111745164,0
2022-05-31,AWS_02_Mumbai,21.02352452510917,83.19746053799585,1011.6092995694144,1.0721170589920723,0
2022-06-01,AWS_02_Mumbai,17.220863604708978,78.42018542985487,1010.9261113429852,2.917197125660876,0
2022-06-02,AWS_02_Mumbai,22.00782683725253,74.66427820331403,1010.5878648898532,8.105402095659967,0
2022-06-03,AWS_02_Mumbai,20.283503787592387,73.42471187923094,1011.0166121298892,6.345546770541592,0
2022-06-04,AWS_02_Mumbai,22.21786120778774,83.54570465369747,1010.854805329392,2.97220827439166,0
2022-06-05,AWS_02_Mumbai,18.18744428687186,76.81610305498597,1010.1905339149744,0.5326813376721647,0
2022-06-06,AWS_02_Mumbai,19.10391527779146,81.25218048603111,1010.1624692374796,0.5518037651563189,0
2022-06-07,AWS_02_Mumbai,16.089199445843853,79.51428835591098,1010.1446131665735,7.277242469272582,0
2022-06-08,AWS_02_Mumbai,18.4521775977582,78.1043233941141,1012.027106320767,3.391770931871376,0
2022-06-09,AWS_02_Mumbai,19.31683146136638,78.62785596654142,1011.1854066505448,2.9564423348065705,0
2022-06-10,AWS_02_Mumbai,16.597624924591237,84.20844734998471,1010.426569432192,5.135432549346123,0
2022-06-11,AWS_02_Mumbai,18.90104064777549,75.16282884799755,1011.245358036756,8.81042623828947,0
2022-06-12,AWS_02_Mumbai,16.465489664036042,78.39413437840582,1010.3747888206184,4.460451057062668,0
2022-06-13,AWS_02_Mumbai,19.01606698030141,82.31744002438255,1011.1638042803586,6.47574111646737,0
2022-06-14,AWS_02_Mumbai,21.08093385182032,75.79029901350327,1010.6335788670816,6.521947174773718,0
2022-06-15,AWS_02_Mumbai,19.26806885755086,83.6313099406107,1010.2310357254996,1.982081752627904,0
2022-06-16,AWS_02_Mumbai,21.77039765338776,82.39366255279083,1010.8672411583706,1.4414393937178067,0
2022-06-17,AWS_02_Mumbai,20.427360239296668,80.56746566119226,1010.5628041473236,7.268738636145709,0
2022-06-18,AWS_02_Mumbai,21.23727507504436,78.27547598504329,1010.6597452265509,2.1307310396562262,0
2022-06-19,AWS_02_Mumbai,18.03707419646512,75.58080947666558,1010.5347953424716,10.514314344308644,0
2022-06-20,AWS_02_Mumbai,17.972534274518043,81.96489096529527,1010.4958531660228,0.3250717378538683,0
2022-06-21,AWS_02_Mumbai,19.648745774389177,88.11560915364053,1010.7598101154946,0.2699142102310882,0
2022-06-22,AWS_02_Mumbai,16.740183399417457,80.33094107088382,1011.6175174502858,11.778087722166587,0
2022-06-23,AWS_02_Mumbai,19.792201992880205,74.43637739956722,1010.9159943441146,4.704377890714952,0
2022-06-24,AWS_02_Mumbai,18.58070171598529,81.30596802957457,1010.3673189350468,2.148254146633354,0
2022-06-25,AWS_02_Mumbai,21.04502261283056,82.530761557693,1010.0680145567936,6.330346604696032,0
2022-06-26,AWS_02_Mumbai,20.055097401803312,77.21061368362798,1010.0887060406336,5.02082342657237,0
2022-06-27,AWS_02_Mumbai,20.66905028611007,78.03947358113193,1009.5267083111617,3.4091157316445173,0
2022-06-28,AWS_02_Mumbai,17.88320660213256,77.743349589536,1010.4526983260082,0.4684925568245689,0
2022-06-29,AWS_02_Mumbai,20.57972248232475,78.39850132022677,1009.57858312018,7.525210609138101,0
2022-06-30,AWS_02_Mumbai,21.16973555346233,79.48084384524995,1009.8654097244296,9.0453985145525,0
2022-07-01,AWS_02_Mumbai,18.942225591999364,77.41700034744962,1010.3523883452284,0.8502564396992861,0
2022-07-02,AWS_02_Mumbai,17.891270398020144,76.29219044887346,1009.8641233543244,8.552415729756506,0
2022-07-03,AWS_02_Mumbai,17.919986010064296,80.52045934510913,1009.7022191242812,9.461175604825405,0
2022-07-04,AWS_02_Mumbai,20.865926567206103,79.44460680122674,1009.315215190938,3.587574380396366,0
2022-07-05,AWS_02_Mumbai,23.041034337860097,78.67675896542441,1010.4822368114208,4.804353950524745,0
2022-07-06,AWS_02_Mumbai,17.55152303533705,80.22557850956467,1009.4286161088066,2.167429087101333,0
2022-07-07,AWS_02_Mumbai,17.448048945620357,75.40364386264046,1009.5179885868916,1.4894800537581665,0
2022-07-08,AWS_02_Mumbai,20.43214862752229,80.73958141247971,1008.8808172758396,5.760330950937916,0
2022-07-09,AWS_02_Mumbai,17.935711146755715,78.68635395832564,1009.732573121191,8.908187785011819,0
2022-07-10,AWS_02_Mumbai,20.613019444579475,80.63298203610127,1009.5417541629796,4.776933017423118,0
2022-07-11,AWS_02_Mumbai,19.80475579715671,81.09221077939016,1009.7653149326072,3.224705904944842,0
2022-07-12,AWS_02_Mumbai,52.17967305825788,83.2631281850474,1009.05315099007,0.7788337480153462,1
2022-07-13,AWS_02_Mumbai,19.818154018889476,80.1526165338598,1009.9737446171804,0.2472330967143431,0
2022-07-14,AWS_02_Mumbai,19.754789611512635,83.01566443238043,1008.6533528926972,2.6551548523677546,0
2022-07-15,AWS_02_Mumbai,18.94564355545464,78.81920727447581,1009.4932999095475,0.2277398649365758,0
2022-07-16,AWS_02_Mumbai,16.61337984674701,78.92954606570198,1009.563699780608,3.79090754359515,0
2022-07-17,AWS_02_Mumbai,19.551062687353603,79.44412888705892,1009.501556017897,2.1710134773257224,0
2022-07-18,AWS_02_Mumbai,21.68012903181829,82.0018362193126,1009.5184160851816,6.369625840262904,0
2022-07-19,AWS_02_Mumbai,16.94711296635117,81.53261126991077,1009.8009102035836,1.6414963109494902,0
2022-07-20,AWS_02_Mumbai,17.953579727460127,80.00295838191683,1010.0361352706147,4.045048158047753,0
2022-07-21,AWS_02_Mumbai,20.08674039147542,75.87029404586002,1009.2633790713944,3.471775220573672,0
2022-07-22,AWS_02_Mumbai,19.550868660171503,81.34619666122589,1008.8248540570888,0.0212560380270857,0
2022-07-23,AWS_02_Mumbai,20.158459533980327,76.8740998010472,1009.5569311796868,0.3381446000499354,0
2022-07-24,AWS_02_Mumbai,18.54362447070771,76.65970603615163,1009.10446437722,1.543540736728107,0
2022-07-25,AWS_02_Mumbai,21.38939967213957,75.93883248793583,1009.845129302498,9.625791841428786,0
2022-07-26,AWS_02_Mumbai,19.771352784769498,79.04949193135971,1008.8803047751828,0.7155596869461469,0
2022-07-27,AWS_02_Mumbai,20.803932764383404,82.87671841454325,1008.7209938757444,5.584333586194572,0
2022-07-28,AWS_02_Mumbai,20.29846896818277,76.28586551513322,1009.1908593067752,16.31514573395283,0
2022-07-29,AWS_02_Mumbai,20.143021840464076,84.15594847099968,1008.2179777173646,7.035093174736693,0
2022-07-30,AWS_02_Mumbai,20.883866285895365,81.78581486700755,1008.8239666277732,1.2524393282463282,0
2022-07-31,AWS_02_Mumbai,20.28927510206178,74.59665063913677,1008.8625342974784,10.754751717306211,0
2022-08-01,AWS_02_Mumbai,18.292243422951085,77.77413248837068,1009.1077525334948,0.4397894088152222,0
2022-08-02,AWS_02_Mumbai,21.77862727136592,75.7316571662356,1008.4697391698332,2.841203849705036,0
2022-08-03,AWS_02_Mumbai,21.44686354622963,80.7751937563498,1008.4987896675422,9.83328587937715,0
2022-08-04,AWS_02_Mumbai,17.13348677122109,75.74174759873097,1009.4879759682668,4.613279857813756,0
2022-08-05,AWS_02_Mumbai,19.38853887529045,73.7668022662275,1008.8740907478868,2.402231078006169,0
2022-08-06,AWS_02_Mumbai,22.011421600394566,77.57494176313338,1009.2847740561429,1.5590698278295254,0
2022-08-07,AWS_02_Mumbai,17.78747122528367,81.98031817608835,1008.5535357947232,2.115732106820929,0
2022-08-08,AWS_02_Mumbai,22.0251153397602,77.81268631156325,1008.7695263923398,3.2003666367040853,0
2022-08-09,AWS_02_Mumbai,20.48172574987442,79.50177203671424,1008.876698013588,1.7291586726131989,0
2022-08-10,AWS_02_Mumbai,22.78964667971197,79.53247046843013,1009.61625182462,15.627293570178043,0
2022-08-11,AWS_02_Mumbai,20.86500926198553,73.59644377617805,1008.6070814834412,12.16900049732758,0
2022-08-12,AWS_02_Mumbai,19.872951497925115,75.34582413111748,1008.6065528387217,9.20429709338068,0
2022-08-13,AWS_02_Mumbai,21.509296972167824,77.97222408056368,1009.2129487854412,2.4654917314244,0
2022-08-14,AWS_02_Mumbai,21.094469192826388,76.18788762194248,1008.4485474618034,5.289259855765751,0
2022-08-15,AWS_02_Mumbai,20.01838610235809,82.87870084761336,1008.7557521420624,10.490787565629873,0
2022-08-16,AWS_02_Mumbai,24.6585017984014,73.98404624087301,1009.0943123829952,8.54994304360702,0
2022-08-17,AWS_02_Mumbai,19.972342922848547,74.84322949507643,1008.2767252367986,2.4074716030782253,0
2022-08-18,AWS_02_Mumbai,18.164211564413428,78.34298815143612,1008.7111161150688,0.5364826683510073,0
2022-08-19,AWS_02_Mumbai,24.002468791641988,75.48639964719038,1009.3903313333752,0.3538946168760533,0
2022-08-20,AWS_02_Mumbai,20.857442113941723,68.59171488073378,1008.9553253693553,3.872405333484182,0
2022-08-21,AWS_02_Mumbai,21.392055202715056,82.96682859407785,1008.6146893092612,4.630400287314233,0
2022-08-22,AWS_02_Mumbai,21.406313613557657,73.83391113081932,1008.3380712613496,8.532320545496859,0
2022-08-23,AWS_02_Mumbai,21.196151622662484,78.63204939414544,1008.1265411492052,1.5571749593434905,0
2022-08-24,AWS_02_Mumbai,21.010262735914036,73.08027504351833,1007.9135413108168,0.8247897493606121,0
2022-08-25,AWS_02_Mumbai,20.774682487345927,74.14098683765965,1009.1418520873408,2.1439511563247287,0
2022-08-26,AWS_02_Mumbai,22.478806710143022,71.74953392437011,1009.0246594197932,1.963342296161944,0
2022-08-27,AWS_02_Mumbai,21.8918128692872,74.28162559341011,1008.018734363782,0.6394679096661979,0
2022-08-28,AWS_02_Mumbai,23.704799619223163,74.45789821393211,1008.496992540202,5.020217044114481,0
2022-08-29,AWS_02_Mumbai,23.449060611176403,75.87728343421314,1008.365165134547,3.198077711872858,0
2022-08-30,AWS_02_Mumbai,21.450781212467767,75.04024397011479,1008.8835633911624,5.746426110258645,0
2022-08-31,AWS_02_Mumbai,23.12309347633637,71.71512895688068,1008.4651163430508,1.957192628687508,0
2022-09-01,AWS_02_Mumbai,22.453013182385497,74.3485298464007,1008.2451779822162,1.7733754937685484,0
2022-09-02,AWS_02_Mumbai,21.7129007595131,80.14064057686082,1007.9691327909052,0.9596253318169,0
2022-09-03,AWS_02_Mumbai,24.35628544015586,79.66303355185227,1008.394319277304,3.148332256162941,0
2022-09-04,AWS_02_Mumbai,23.262986656200543,76.92208651158099,1008.0342301330488,0.0616725979637999,0
2022-09-05,AWS_02_Mumbai,22.95753946644441,77.42043324352039,1008.3036308679154,2.450848110799488,0
2022-09-06,AWS_02_Mumbai,22.41042028310185,81.48869726566927,1008.1408052000824,0.6906446780195743,0
2022-09-07,AWS_02_Mumbai,22.27775234412954,76.89408549302595,1007.9785868079462,2.892596360714326,0
2022-09-08,AWS_02_Mumbai,26.92963827373855,76.98608334374592,1007.665048168798,2.4307711071226024,0
2022-09-09,AWS_02_Mumbai,59.74020073083651,70.23203110963752,1008.3956497642978,0.6433184348063052,1
2022-09-10,AWS_02_Mumbai,22.56612680218595,71.4592879582954,1008.1475224780988,1.7756501685967998,0
2022-09-11,AWS_02_Mumbai,24.764048616138723,74.56967928034189,1009.0081881409524,0.2608744325535514,0
2022-09-12,AWS_02_Mumbai,26.05549395648046,72.1152036334901,1007.5871044207868,3.399112925048529,0
2022-09-13,AWS_02_Mumbai,24.84471795770972,71.41269260001582,1008.4052871028556,0.7775083277712269,0
2022-09-14,AWS_02_Mumbai,26.78615851495166,71.62749635355128,1008.041241132012,0.9121770926466544,0
2022-09-15,AWS_02_Mumbai,22.54326584559765,69.87180251475401,1009.1229381020348,1.835034439498096,0
2022-09-16,AWS_02_Mumbai,22.003496417851128,71.63536705283241,1008.3386103924826,2.579216008254638,0
2022-09-17,AWS_02_Mumbai,25.514845016217347,74.89423778099598,1008.2181078975592,0.404454311094051,0
2022-09-18,AWS_02_Mumbai,25.67295837188857,79.1307576226263,1008.0079276812482,1.6241828495463912,0
2022-09-19,AWS_02_Mumbai,20.38362529157355,75.99807098918595,1007.6892120893762,0.7463657696003412,0
2022-09-20,AWS_02_Mumbai,24.592649049935535,75.38045326837974,1008.1898432923604,0.6899680880068471,0
2022-09-21,AWS_02_Mumbai,24.150593524407864,68.46581285082175,1007.336952395504,1.7568994320108082,0
2022-09-22,AWS_02_Mumbai,23.711637452188047,73.55833330182328,1007.3545027752428,0.7345340501944089,0
2022-09-23,AWS_02_Mumbai,24.419319700811712,72.86323794238214,1008.523991090428,0.6372207655204847,0
2022-09-24,AWS_02_Mumbai,26.966204905635035,73.79970008761755,1007.1324242319432,2.7108129664447027,0
2022-09-25,AWS_02_Mumbai,24.68333135820246,71.7084987014306,1007.8500025986532,0.1601691558282749,0
2022-09-26,AWS_02_Mumbai,24.871905635483856,77.63964138568738,1007.4821189508622,1.6900206106146607,0
2022-09-27,AWS_02_Mumbai,24.05572444111895,72.674394144488,1007.8029303320744,0.4289760599691385,0
2022-09-28,AWS_02_Mumbai,28.52479335719428,72.82924117139008,1008.0945132199996,0.0234293925749942,0
2022-09-29,AWS_02_Mumbai,27.410986109430684,66.35364176423472,1008.4931850841074,0.2736580294508668,0
2022-09-30,AWS_02_Mumbai,23.158183327045577,71.78325532276712,1008.6089834775568,1.3996271855759317,0
2022-10-01,AWS_02_Mumbai,25.56106818753517,75.41334974372195,1007.5405419109484,1.8523037872558152,0
2022-10-02,AWS_02_Mumbai,27.96490560608217,73.49459804493333,1007.7674820277268,0.0319239918505774,0
2022-10-03,AWS_02_Mumbai,29.23186707061165,65.22344893363329,1010.0277750386266,0.0556581195190955,0
2022-10-04,AWS_02_Mumbai,28.70859405985481,70.20363885975651,1007.8781218147212,3.4925024121023567,0
2022-10-05,AWS_02_Mumbai,27.051236673797792,76.61093736290438,1007.5642446557856,0.1141975030850202,0
2022-10-06,AWS_02_Mumbai,24.82494758905877,70.8260649589071,1007.6502616263348,3.369054210991815,0
2022-10-07,AWS_02_Mumbai,29.16442426418027,72.10819717482008,1007.8894942280576,0.3884784993597522,0
2022-10-08,AWS_02_Mumbai,27.550488834113555,75.8611937507676,1007.81918689977,2.020713168685832,0
2022-10-09,AWS_02_Mumbai,28.235615383658946,70.40383521362294,1007.9029499482278,0.5560157405539349,0
2022-10-10,AWS_02_Mumbai,28.00234442351233,73.10461449904862,1008.0145878383488,2.9358573744816088,0
2022-10-11,AWS_02_Mumbai,26.37095767400702,71.82993570810366,1008.0168484353492,1.80823525954346,0
2022-10-12,AWS_02_Mumbai,29.085987974101123,72.33583393476454,1007.5596438108212,0.7707789473065569,0
2022-10-13,AWS_02_Mumbai,29.01420571437456,71.46312980279602,1008.2289688275667,0.1190558884234262,0
2022-10-14,AWS_02_Mumbai,28.170242219694103,68.54818488038933,1008.1123225645956,1.979076515578961,0
2022-10-15,AWS_02_Mumbai,29.649456476561216,68.71380956896449,1008.308162991572,1.4391291551985914,0
2022-10-16,AWS_02_Mumbai,27.01509505542344,67.36017708233662,1007.2112930978276,0.0043739476961766,0
2022-10-17,AWS_02_Mumbai,28.80527162095509,64.87209685860938,1008.1561625541012,0.0141967551278996,0
2022-10-18,AWS_02_Mumbai,29.379993894470463,73.39278704696315,1007.0947321888652,2.481597791933856,0
2022-10-19,AWS_02_Mumbai,26.869744506796987,69.55811294564406,1008.0101015201716,0.4504413867272694,0
2022-10-20,AWS_02_Mumbai,29.51709176144176,72.97974386987754,1008.4377753715222,1.5164530467299462,0
2022-10-21,AWS_02_Mumbai,30.83303387336479,73.96355187041111,1008.6431774599174,0.908293635841252,0
2022-10-22,AWS_02_Mumbai,29.406739524600702,69.29866653206363,1008.2995555744026,2.9863771224357807,0
2022-10-23,AWS_02_Mumbai,29.93858536455224,65.06977488660436,1008.482612000488,3.732669396101696,0
2022-10-24,AWS_02_Mumbai,30.96055965509755,68.2943919661963,1008.0085549435256,8.620526385832731,0
2022-10-25,AWS_02_Mumbai,29.66170566358057,66.74316335283066,1007.9171601386668,0.2502939406922504,0
2022-10-26,AWS_02_Mumbai,29.92211086705228,62.69074165646633,1009.5323514556566,2.981267929647506,0
2022-10-27,AWS_02_Mumbai,28.728154583849808,67.00160342956485,1008.614318416628,0.4639130616006657,0
2022-10-28,AWS_02_Mumbai,30.59417246547728,68.16881073234804,1007.6295453813482,1.340385060918027,0
2022-10-29,AWS_02_Mumbai,30.236601011856845,66.33115307544202,1007.3645330193468,1.0571400255387804,0
2022-10-30,AWS_02_Mumbai,31.60869662666973,65.8253028050558,1008.0156818651798,0.0272278270883109,0
2022-10-31,AWS_02_Mumbai,31.825296242532303,64.18728622234369,1008.8610215436952,4.049482110607615,0
2022-11-01,AWS_02_Mumbai,32.28578485554671,68.48879514803544,1008.3068416604629,0.1223472629160175,0
2022-11-02,AWS_02_Mumbai,30.454231142796285,73.39118618050975,1007.1883559057644,1.748181003334461,0
2022-11-03,AWS_02_Mumbai,28.06815093681168,71.5028490989056,1008.230116477136,2.3057235715162285,0
2022-11-04,AWS_02_Mumbai,32.56059911295352,69.51274117070453,1008.336457972144,2.379225642405723,0
2022-11-05,AWS_02_Mumbai,32.208619787680405,69.46428901525883,1007.1492132036624,0.2183964505734165,0
2022-11-06,AWS_02_Mumbai,30.72144798199781,66.92768517819567,1008.3890049580104,0.8901426912897783,0
2022-11-07,AWS_02_Mumbai,32.617857614598336,61.80101314689156,1007.890593819855,2.6529043305742057,0
2022-11-08,AWS_02_Mumbai,29.722206506375432,65.99661372146812,1007.5003354810924,0.5407645961131053,0
2022-11-09,AWS_02_Mumbai,33.54864490318737,64.08888235412158,1009.2416620879412,0.9459592297258668,0
2022-11-10,AWS_02_Mumbai,31.60955854872114,67.35409487162376,1007.9323692458396,0.4778180066648765,0
2022-11-11,AWS_02_Mumbai,30.971800547522356,70.48445214478657,1008.1497460153148,0.9341768414884556,0
2022-11-12,AWS_02_Mumbai,31.38629084935596,72.60138558703109,1008.1657643815736,3.2817155010739016,0
2022-11-13,AWS_02_Mumbai,32.07369083337319,66.77294478116808,1008.5302853295342,0.9107961857277644,0
2022-11-14,AWS_02_Mumbai,32.50336899599458,61.47714388252416,1009.435867226936,1.2175988646576583,0
2022-11-15,AWS_02_Mumbai,32.69264021395236,66.56780835713268,1007.9785933203184,0.776212229389321,0
2022-11-16,AWS_02_Mumbai,32.0729759224065,66.55218140039646,1008.4476815886724,0.9246047533576432,0
2022-11-17,AWS_02_Mumbai,33.11321955834074,68.22367141343008,1008.686325405066,0.0229357579109315,0
2022-11-18,AWS_02_Mumbai,32.919029743525,66.03580251677265,1008.2167168887544,0.500579613235079,0
2022-11-19,AWS_02_Mumbai,32.02725171627495,66.2009436122455,1008.5152875612262,0.8605994719400334,0
2022-11-20,AWS_02_Mumbai,31.891548132654297,64.01498365705262,1008.9999907813047,1.5068510834600013,0
2022-11-21,AWS_02_Mumbai,34.08980099033557,64.88704137468005,1008.3512829048664,0.8968971366034313,0
2022-11-22,AWS_02_Mumbai,34.05032988341336,67.27585645102906,1008.5865852487532,0.6183200874349275,0
2022-11-23,AWS_02_Mumbai,33.43427740435907,59.62597597995232,1008.5673692963102,0.7367765126204324,0
2022-11-24,AWS_02_Mumbai,34.81771689364787,64.61671060834595,1008.7586432855112,0.4161884191080572,0
2022-11-25,AWS_02_Mumbai,30.570377263814287,67.55133115592199,1008.959975310404,3.875320351120737,0
2022-11-26,AWS_02_Mumbai,56.38493643736091,70.33080277695618,1009.1598768714712,1.1064112592772133,1
2022-11-27,AWS_02_Mumbai,31.93397050620659,64.13654449290074,1009.863906524646,0.0202502587545183,0
2022-11-28,AWS_02_Mumbai,37.127940696545046,68.8125770436331,1007.5947514409962,0.0294567366972748,0
2022-11-29,AWS_02_Mumbai,34.886449899404454,70.25345136744336,1008.869473115666,5.415747740757192,0
2022-11-30,AWS_02_Mumbai,33.76909515162454,63.95616466970001,1008.3004400761748,0.3754848129149057,0
2022-12-01,AWS_02_Mumbai,35.13420098304213,63.36865928673165,1008.8197638993546,2.456820038697808,0
2022-12-02,AWS_02_Mumbai,35.698094173239774,64.43009591211711,1009.4829659851156,0.0900634489608199,0
2022-12-03,AWS_02_Mumbai,35.74701250955921,64.6655796725376,1009.6717957192656,3.810554263959064,0
2022-12-04,AWS_02_Mumbai,35.533903999804586,68.12111923141251,1009.7258986049284,3.112182620436664,0
2022-12-05,AWS_02_Mumbai,33.81820298813198,62.46681098841615,1009.7520950723244,1.2697733182337774,0
2022-12-06,AWS_02_Mumbai,33.5184929694901,69.34365520960039,1009.0786452589653,0.0135590846131863,0
2022-12-07,AWS_02_Mumbai,32.88363053616727,62.270813035683055,1009.8962891589416,0.4472267722978017,0
2022-12-08,AWS_02_Mumbai,35.134787290817414,60.82560885042341,1010.0270980848156,0.7833927716989058,0
2022-12-09,AWS_02_Mumbai,34.19472768823222,66.13820034345065,1009.3299511414896,0.9244573217865728,0
2022-12-10,AWS_02_Mumbai,33.85523704872939,68.20873769210243,1009.8812660564312,0.5300465561127465,0
2022-12-11,AWS_02_Mumbai,33.82454649751107,65.00542790293596,1009.34557271007,0.0502543112561059,0
2022-12-12,AWS_02_Mumbai,36.75119097056064,65.72935116929023,1010.0625769343908,1.337863370606512,0
2022-12-13,AWS_02_Mumbai,36.048041225105685,70.24387110823275,1009.3093259320055,1.1139936145266611,0
2022-12-14,AWS_02_Mumbai,37.40547229103256,68.0740768377656,1009.1182748933924,0.4990204869238991,0
2022-12-15,AWS_02_Mumbai,35.49199706947136,64.3943036337143,1008.896087969796,0.0580737703381397,0
2022-12-16,AWS_02_Mumbai,34.82021416922456,62.97177684161197,1009.4024788931488,7.830420695965458,0
2022-12-17,AWS_02_Mumbai,34.730696738946214,67.51637618438055,1009.5648485651524,0.986630056079858,0
2022-12-18,AWS_02_Mumbai,33.27006393716535,66.6873354822201,1009.0832306433036,2.115906657240049,0
2022-12-19,AWS_02_Mumbai,32.937792152108216,65.42580940824493,1009.464736770765,0.9030798194353028,0
2022-12-20,AWS_02_Mumbai,35.61801637978332,63.16195409507553,1009.3602719256032,0.0661947686224892,0
2022-12-21,AWS_02_Mumbai,33.479742788323605,63.88907023715102,1009.1189259384718,0.5557278276328969,0
2022-12-22,AWS_02_Mumbai,35.221367956110434,63.65325998083625,1010.2093246894484,0.5787366989975675,0
2022-12-23,AWS_02_Mumbai,36.5974596417006,63.14463403219833,1010.3313942573265,2.733509610020886,0
2022-12-24,AWS_02_Mumbai,33.943808880115576,62.254565810550126,1010.2753002493474,1.592972101829778,0
2022-12-25,AWS_02_Mumbai,37.97308901117954,64.83822934855274,1009.7517187097944,0.4832651558118375,0
2022-12-26,AWS_02_Mumbai,33.48434271806071,62.0906687132151,1009.8168789998292,5.150888701203086,0
2022-12-27,AWS_02_Mumbai,36.46633457718745,64.55109507029071,1009.3308084685256,0.5818986837630968,0
2022-12-28,AWS_02_Mumbai,35.62646880200635,57.71104577303506,1010.1040771131742,9.50857920368517,0
2022-12-29,AWS_02_Mumbai,36.78640208083687,62.20511828827992,1010.0159726298472,8.34486770739413,0
2022-12-30,AWS_02_Mumbai,33.32451829663339,67.29617288840922,1011.3875469859512,0.3183249232475102,0
2022-12-31,AWS_02_Mumbai,38.46053137543041,61.29871232360653,1010.5435511810078,0.5625663381179451,0
2023-01-01,AWS_02_Mumbai,34.73065208799857,65.7774911694565,1010.192049175597,0.9984270097410246,0
2023-01-02,AWS_02_Mumbai,36.01023111486656,61.552889543983135,1010.0480385677488,1.6364156706367616,0
2023-01-03,AWS_02_Mumbai,37.15606576372756,66.33802244007184,1010.6038926029852,1.126315239000355,0
2023-01-04,AWS_02_Mumbai,34.07404934120986,63.12763071595169,1009.6797355184144,5.232167084308347,0
2023-01-05,AWS_02_Mumbai,36.20897494389763,63.01967478742728,1010.741748503482,1.930972731030046,0
2023-01-06,AWS_02_Mumbai,33.80016209145993,64.20568787634888,1009.6626316447762,0.3574711593069474,0
2023-01-07,AWS_02_Mumbai,37.037432150348685,60.02772931897299,1009.9596541611912,0.1665608419496104,0
2023-01-08,AWS_02_Mumbai,33.783988520214685,66.9920128392116,1009.3554677945244,1.7490586607903984,0
2023-01-09,AWS_02_Mumbai,34.96194179905322,68.00611899923763,1010.6156557528532,0.2587691235611446,0
2023-01-10,AWS_02_Mumbai,35.340941905566424,63.03814465496665,1010.4675508014946,2.3244687403427275,0
2023-01-11,AWS_02_Mumbai,36.033454501527935,65.71560766576063,1010.0957119073036,0.55885084120392,0
2023-01-12,AWS_02_Mumbai,37.78263510237514,66.50681140090086,1009.9456396042492,0.5937770447762851,0
2023-01-13,AWS_02_Mumbai,34.12256277363582,63.92571108494756,1011.1332041393584,0.0162856772609343,0
2023-01-14,AWS_02_Mumbai,36.47690257647401,60.9064581267828,1010.4105435632104,1.81102408334035,0
2023-01-15,AWS_02_Mumbai,37.69017018179343,69.04746388701332,1010.1270589029722,0.1803216920631416,0
2023-01-16,AWS_02_Mumbai,34.94707266093056,63.12396226558041,1011.5048827968772,2.2234189640530886,0
2023-01-17,AWS_02_Mumbai,33.834682381659874,62.51271418551825,1010.2484334061904,1.0155205082574577,0
2023-01-18,AWS_02_Mumbai,32.02396999669024,69.2973551881586,1011.1791509850397,2.300659726064552,0
2023-01-19,AWS_02_Mumbai,37.4008156757252,66.25427427806,1010.0670440413796,1.315340168765721,0
2023-01-20,AWS_02_Mumbai,34.16387204521623,65.24175168807126,1010.4975726840848,0.1290449604799065,0
2023-01-21,AWS_02_Mumbai,32.98090584565936,61.60477441528716,1010.958497857044,2.176424288503232,0
2023-01-22,AWS_02_Mumbai,32.39563616491075,66.97528088341427,1010.7105306109792,0.1085326626521522,0
2023-01-23,AWS_02_Mumbai,32.876295105138844,73.30843942583533,1010.8932083232438,0.977149331624042,0
2023-01-24,AWS_02_Mumbai,35.70647224597905,67.31460868549732,1010.5335585554,0.2837459546621521,0
2023-01-25,AWS_02_Mumbai,35.85734389022813,66.21772439016168,1010.0354891292748,2.0935184565809597,0
2023-01-26,AWS_02_Mumbai,56.725306466495965,66.95126491640322,1011.5983393772832,3.638676121949152,1
2023-01-27,AWS_02_Mumbai,34.3498555131841,63.86430522834032,1010.6575444947936,1.211578866696563,0
2023-01-28,AWS_02_Mumbai,32.2202840880211,63.89848283894745,1011.071606769572,1.1234570151369725,2
2023-01-29,AWS_02_Mumbai,32.2202840880211,63.92498286968425,1011.3084464260478,2.165651307513467,2
2023-01-30,AWS_02_Mumbai,32.2202840880211,63.31843501906648,1011.1419302024756,0.0076376309723637,2
2023-01-31,AWS_02_Mumbai,32.2202840880211,64.05497727555999,1010.6630462542352,3.747145458733245,2
2023-02-01,AWS_02_Mumbai,32.22165145051792,64.11205825444277,1011.626713695707,0.3299394700291324,0
2023-02-02,AWS_02_Mumbai,32.67216313225787,64.52241417465935,1011.3328499305892,6.213936806419365,0
2023-02-03,AWS_02_Mumbai,33.3932153102108,64.51351973055114,1011.2042574515078,1.9991528443115456,0
2023-02-04,AWS_02_Mumbai,31.086683816415917,66.13765152496867,1011.2211959143752,2.2324982559650284,0
2023-02-05,AWS_02_Mumbai,33.582525894327006,65.7240103065578,1012.002731719036,1.601555782481692,0
2023-02-06,AWS_02_Mumbai,33.270694373109265,66.07066366587254,1010.824422264295,0.9570319308946776,0
2023-02-07,AWS_02_Mumbai,35.12488659055972,70.21831981841626,1011.424581654414,1.2716438792973557,0
2023-02-08,AWS_02_Mumbai,32.03404251186588,65.96636188673303,1010.9797787510817,0.0712710136765013,0
2023-02-09,AWS_02_Mumbai,31.22845939852481,72.45542030240902,1010.3027116986104,1.4670876805639974,0
2023-02-10,AWS_02_Mumbai,32.527744594899275,66.96923455018164,1010.3158918596384,1.4756427311305804,0
2023-02-11,AWS_02_Mumbai,31.351474269482527,64.65961001771494,1010.815951048996,3.327376910471852,0
2023-02-12,AWS_02_Mumbai,32.96534271974454,70.14213888511614,1011.0196656546595,1.0567865563532493,0
2023-02-13,AWS_02_Mumbai,30.022957905408617,65.94855799872688,1012.4605804091278,0.1204237125129892,0
2023-02-14,AWS_02_Mumbai,31.809368983277764,59.10156045645393,1011.7481108712564,0.5483484967520497,0
2023-02-15,AWS_02_Mumbai,31.22766228861993,66.36777078114119,1011.8174847549932,1.5990553666563496,0
2023-02-16,AWS_02_Mumbai,33.37302272157288,65.73108538022436,1011.1287488234666,0.410193210436911,0
2023-02-17,AWS_02_Mumbai,31.20507124793546,71.39872384649149,1011.5014976306876,0.4938561325817806,0
2023-02-18,AWS_02_Mumbai,29.714699545816543,63.98845676128461,1012.6470206677662,2.576111212719434,0
2023-02-19,AWS_02_Mumbai,31.91246182162788,65.78684357873549,1010.9094027800684,1.3167583503038212,0
2023-02-20,AWS_02_Mumbai,32.58982458682398,70.69292275176916,1011.7669490524517,1.0655237299645517,0
2023-02-21,AWS_02_Mumbai,31.59647679399088,68.17994101429058,1012.3662395855966,0.5750828231295552,0
2023-02-22,AWS_02_Mumbai,30.97810704132113,66.5905383149308,1012.0648628562496,1.969164616119086,0
2023-02-23,AWS_02_Mumbai,30.778104164370937,64.94509568533357,1012.503491983312,0.5089229828487255,0
2023-02-24,AWS_02_Mumbai,31.84380743769,68.38085179159815,1011.7295107462784,2.00376418189218,0
2023-02-25,AWS_02_Mumbai,30.22776521767497,67.3501582288109,1011.9446796191984,0.109019726033762,0
2023-02-26,AWS_02_Mumbai,30.955415036140558,65.24837271112204,1011.7172284461268,2.998633183714305,0
2023-02-27,AWS_02_Mumbai,32.45869242157891,65.51943781076857,1011.9479095908388,1.0384207245040016,0
2023-02-28,AWS_02_Mumbai,29.264637050780507,65.33996198752578,1011.2420309769034,0.8657366732950373,0
2023-03-01,AWS_02_Mumbai,31.033470767416983,64.92336186168097,1012.1137021210236,1.416354181630826,0
2023-03-02,AWS_02_Mumbai,28.296622192061932,70.82199496865957,1011.8820368658428,1.4680156474235682,0
2023-03-03,AWS_02_Mumbai,31.20195643910468,70.53811814177158,1011.7831130934156,0.2124061372709476,0
2023-03-04,AWS_02_Mumbai,29.270659921065427,71.06814963189336,1012.6413308387946,2.117317271309112,0
2023-03-05,AWS_02_Mumbai,32.14596535100463,68.39692101484714,1011.6512699933668,0.4842972832793753,0
2023-03-06,AWS_02_Mumbai,28.27778889118049,67.77890378095101,1012.4031727566148,3.530215809744125,0
2023-03-07,AWS_02_Mumbai,31.031925521570223,67.95804670395727,1012.4676669241552,2.55439259650332,0
2023-03-08,AWS_02_Mumbai,32.07510244466972,71.81989889183835,1012.2560281686634,0.6375822024367737,0
2023-03-09,AWS_02_Mumbai,28.5710094941156,63.42251293776621,1011.3593927400648,2.473354470124838,0
2023-03-10,AWS_02_Mumbai,28.696930324831342,67.46678397160397,1012.03462251583,0.6609946532462065,0
2023-03-11,AWS_02_Mumbai,28.445292444100108,66.47637720682175,1012.8469116082116,0.1596210750388774,0
2023-03-12,AWS_02_Mumbai,29.00377212073639,73.34709648642237,1010.9704353485404,4.900848524433944,0
2023-03-13,AWS_02_Mumbai,30.37886937648004,67.9648907519628,1011.7973635277062,1.585926339063584,0
2023-03-14,AWS_02_Mumbai,28.620878554168893,64.6198975386811,1012.4832672924244,0.9134835034321432,0
2023-03-15,AWS_02_Mumbai,27.659365347257253,70.32946824167358,1011.85480935329,0.7606821180832011,0
2023-03-16,AWS_02_Mumbai,26.18064522490481,68.68088163053851,1012.3272034762316,0.5889092122899988,0
2023-03-17,AWS_02_Mumbai,31.47901563632699,68.2531192003867,1012.6360753896092,5.980733807801166,0
2023-03-18,AWS_02_Mumbai,31.463541222389452,68.07710635305503,1012.0561309852776,0.217100453530241,0
2023-03-19,AWS_02_Mumbai,29.64928104329899,68.09262017845127,1012.2026961707728,0.5670778435339058,0
2023-03-20,AWS_02_Mumbai,27.45894162606691,72.45116377686554,1012.0016321498014,0.9968327059354452,0
2023-03-21,AWS_02_Mumbai,29.66116582846411,71.13174944390688,1012.1115158815284,0.9751302293346202,0
2023-03-22,AWS_02_Mumbai,29.827312299611027,70.001850809737,1013.0202488509524,0.95618981155821,0
2023-03-23,AWS_02_Mumbai,27.88710288370597,67.4368082886359,1011.9427246384475,0.2899836360806005,0
2023-03-24,AWS_02_Mumbai,28.19437517773468,70.3609976680999,1011.803287971202,0.2348623462464764,0
2023-03-25,AWS_02_Mumbai,29.843486455328552,71.78604946170577,1012.5053215333458,0.4410887168907954,0
2023-03-26,AWS_02_Mumbai,25.39835873772869,72.03691257146517,1011.5669746476668,3.6893172633836406,0
2023-03-27,AWS_02_Mumbai,29.21964711493159,71.76064026872697,1011.6844772636616,0.1799550212479778,0
2023-03-28,AWS_02_Mumbai,27.121030322149853,68.6474609603328,1011.69047729924,2.1246671463312263,0
2023-03-29,AWS_02_Mumbai,25.77846846778825,64.34313430141911,1011.8689335810822,2.1254297217481195,0
2023-03-30,AWS_02_Mumbai,25.764318537195887,77.0890780330184,1011.8924002900444,2.489285303713816,0
2023-03-31,AWS_02_Mumbai,25.875045577711145,67.89896059818463,1012.3490867987924,3.265455726337632,0
2023-04-01,AWS_02_Mumbai,25.21932222621815,66.07069781762922,1011.828800661843,0.4578247133511268,0
2023-04-02,AWS_02_Mumbai,29.553801092983456,72.49482920761237,1012.3695650519272,0.381485976558403,0
2023-04-03,AWS_02_Mumbai,27.49584196897624,67.11540692908311,1012.4311829137956,0.9396512251820576,0
2023-04-04,AWS_02_Mumbai,28.2181530238334,69.9641748608548,1011.6710038315036,0.4620091577383635,0
2023-04-05,AWS_02_Mumbai,27.327484841830486,74.16261887302102,1012.41718733108,1.988137532837237,0
2023-04-06,AWS_02_Mumbai,26.43843025006188,77.97147296806551,1012.4600270449876,1.5156531407376588,0
2023-04-07,AWS_02_Mumbai,26.32157187518548,73.95309653468011,1011.109742403886,3.119014576427128,0
2023-04-08,AWS_02_Mumbai,25.476254244871203,71.60999898413336,1012.133254174972,0.1295436961657378,0
2023-04-09,AWS_02_Mumbai,25.462208783066178,72.90985898905303,1011.7290240738364,3.699127343758161,0
2023-04-10,AWS_02_Mumbai,23.68740175252344,67.77468531523252,1012.6288876706308,0.5208267625989708,0
2023-04-11,AWS_02_Mumbai,27.28632622254344,71.9841566765215,1011.7135932072908,1.012060415246935,0
2023-04-12,AWS_02_Mumbai,22.80816325773399,72.1226420014806,1011.2961115263046,0.8660129784849593,0
2023-04-13,AWS_02_Mumbai,23.80495967316112,74.06711042745663,1011.9443189749566,2.1426236186255627,0
2023-04-14,AWS_02_Mumbai,28.27626535326866,79.56835468125357,1011.5035349492152,0.8179530180942007,0
2023-04-15,AWS_02_Mumbai,25.32832820803396,68.06554525036657,1012.3690290255272,4.3116835716954895,0
2023-04-16,AWS_02_Mumbai,25.25704515646674,72.7864876763551,1011.5315693166071,3.492375713425804,0
2023-04-17,AWS_02_Mumbai,25.8134933803542,68.64198580932185,1011.9181878725342,3.085477212045485,0
2023-04-18,AWS_02_Mumbai,22.41462026206988,72.76478121849651,1012.6903408475569,0.1108869823293296,0
2023-04-19,AWS_02_Mumbai,22.502751489209626,71.81275203773136,1012.456626304368,2.88887664917166,0
2023-04-20,AWS_02_Mumbai,23.79512817146388,70.05449138620864,1012.1356427616688,2.2823840164023026,0
2023-04-21,AWS_02_Mumbai,22.97720833233297,77.40702632293483,1011.8217334305048,0.1639071416487936,0
2023-04-22,AWS_02_Mumbai,24.09038641047607,75.56412275356111,1012.0652109206964,0.1704491640397023,0
2023-04-23,AWS_02_Mumbai,24.80254375497505,77.31334707694029,1012.2059398384384,0.1599817145586006,0
2023-04-24,AWS_02_Mumbai,26.030230809672624,73.45855228813078,1011.3552802627784,0.0170959445092824,0
2023-04-25,AWS_02_Mumbai,25.03628999542394,74.9681930869202,1012.2608358740808,1.193216122224375,0
2023-04-26,AWS_02_Mumbai,22.202356070203336,80.09015078591219,1011.27036223391,5.439944217827804,0
2023-04-27,AWS_02_Mumbai,23.006418379778445,75.42297491797254,1012.0929375721556,0.8662087566312413,0
2023-04-28,AWS_02_Mumbai,22.474556818288672,77.97889507231524,1011.238233379195,1.1672653351565774,0
2023-04-29,AWS_02_Mumbai,21.797296765864644,73.82549300746665,1012.7575127669444,5.161613955586108,0
2023-04-30,AWS_02_Mumbai,21.33412875444685,77.94766060662919,1012.1416952204156,0.4419235393562053,0
2023-05-01,AWS_02_Mumbai,25.576239250154337,74.27347125201658,1010.9653999980256,2.932868032509481,0
2023-05-02,AWS_02_Mumbai,22.97627492707681,70.35042130959314,1011.7258209429848,1.185777766413423,0
2023-05-03,AWS_02_Mumbai,22.505704192848757,76.135201833481,1011.4479333174572,1.264130104461049,0
2023-05-04,AWS_02_Mumbai,23.451405883643623,74.86407103843594,1011.3706346498154,0.6305038775376977,0
2023-05-05,AWS_02_Mumbai,23.40987548933461,71.51639958808597,1011.7454027220716,1.2368818065114804,0
2023-05-06,AWS_02_Mumbai,24.173032686360283,77.07968434921888,1011.1887115226136,0.113933185712665,0
2023-05-07,AWS_02_Mumbai,21.266174647536037,73.93775347755385,1012.013808985384,2.16998130240596,0
2023-05-08,AWS_02_Mumbai,22.873991766400604,86.00801539429668,1011.9652869361416,0.5025542017075442,0
2023-05-09,AWS_02_Mumbai,20.792790478282967,72.44712185694979,1011.7680781150362,3.278648175129934,0
2023-05-10,AWS_02_Mumbai,21.76539185829188,73.31059639874961,1011.561547445887,0.6879445050397152,0
2023-05-11,AWS_02_Mumbai,22.02828656124429,79.66548060944216,1011.8796772257066,0.2311682142067729,0
2023-05-12,AWS_02_Mumbai,22.068941087742196,76.76371926391613,1011.92346997862,1.7855071431532914,0
2023-05-13,AWS_02_Mumbai,21.8982689811864,79.81481960537106,1011.7327925234348,0.2697276986968496,0
2023-05-14,AWS_02_Mumbai,22.83266681327713,78.51125282223396,1010.8265070101072,2.1016888025230784,0
2023-05-15,AWS_02_Mumbai,20.633162040539457,75.72443398920333,1011.0649220512386,5.168299393767086,0
2023-05-16,AWS_02_Mumbai,21.70150160458023,73.43373262553608,1011.301323366606,2.268146070934636,0
2023-05-17,AWS_02_Mumbai,20.192629314603725,80.88226266829977,1010.6732717712896,0.0340576030605746,0
2023-05-18,AWS_02_Mumbai,25.61579165239793,73.899986639663,1011.4985640204396,1.3740078641429805,0
2023-05-19,AWS_02_Mumbai,19.77075095044592,79.53667045640111,1012.0670494226158,1.7831863077979229,0
2023-05-20,AWS_02_Mumbai,19.996189499512283,80.70982779074143,1011.9619729118068,2.61838761780166,0
2023-05-21,AWS_02_Mumbai,22.28002560293824,77.66319310049155,1011.6801257864206,0.0864473381243781,0
2023-05-22,AWS_02_Mumbai,20.22253173034699,77.22082794733787,1011.647965393409,0.9812007755335888,0
2023-05-23,AWS_02_Mumbai,22.10379201576253,75.26959886180595,1012.3651733946734,1.14977365079075,0
2023-05-24,AWS_02_Mumbai,20.923093443944623,79.69466859675711,1011.652501116016,0.2779136269586102,0
2023-05-25,AWS_02_Mumbai,20.004981117078398,69.25244848984609,1011.666065969844,0.583907471046436,0
2023-05-26,AWS_02_Mumbai,19.398731021313253,80.61931497217,1010.4561131574168,0.8703217701013961,0
2023-05-27,AWS_02_Mumbai,19.26462606420005,78.91054811627178,1011.8139539329868,2.6865268080390856,0
2023-05-28,AWS_02_Mumbai,19.781357798834858,77.96171359823698,1011.3184271999731,3.9762484625386474,0
2023-05-29,AWS_02_Mumbai,20.03216788074061,79.43314446573373,1011.0505887043648,1.4849980620690846,0
2023-05-30,AWS_02_Mumbai,18.97185075172154,74.65965820734627,1010.8976410342898,0.7536543351569344,0
2023-05-31,AWS_02_Mumbai,19.983743387512156,71.61342990298037,1010.757827063697,0.4396068876927229,0
2023-06-01,AWS_02_Mumbai,18.43636902609234,80.32818324476753,1011.630872066072,18.11214950148888,0
2023-06-02,AWS_02_Mumbai,21.14339499600588,82.94009534544273,1010.9583659495888,18.340735431646237,0
2023-06-03,AWS_02_Mumbai,21.36465939954312,73.83817828383661,1010.6864797359126,11.65481935111831,0
2023-06-04,AWS_02_Mumbai,18.82329160320979,75.96278038048817,1010.5260399846518,6.931054931507301,0
2023-06-05,AWS_02_Mumbai,18.6777932690533,81.43892182735617,1010.9663369659324,1.773891608040457,0
2023-06-06,AWS_02_Mumbai,20.02532969138363,80.31821479897174,1010.6701958278302,7.642222956934928,0
2023-06-07,AWS_02_Mumbai,21.599051075781528,88.18832343268595,1010.5248341413816,2.365150942380998,0
2023-06-08,AWS_02_Mumbai,21.87570773863088,82.58126016422658,1010.0961025686752,1.7805278534207916,0
2023-06-09,AWS_02_Mumbai,17.4884876975948,81.91367163322994,1011.2350946101602,6.146837402198618,0
2023-06-10,AWS_02_Mumbai,21.051143539081178,77.16694760541147,1010.6544158237348,0.3735248131873304,0
2023-06-11,AWS_02_Mumbai,19.40065085917029,81.08143652309896,1010.1486052968294,0.2240168168503315,0
2023-06-12,AWS_02_Mumbai,19.383215378635605,84.03974105809971,1010.5231988937828,2.67355509437156,0
2023-06-13,AWS_02_Mumbai,20.15932580614439,79.10457044711274,1010.9007801098544,2.65472469273876,0
2023-06-14,AWS_02_Mumbai,18.638829755533788,79.28809031763063,1010.6078460743486,10.169768767759848,0
2023-06-15,AWS_02_Mumbai,20.9655894308845,80.10352209709876,1010.6559582242836,0.6068253872140345,0
2023-06-16,AWS_02_Mumbai,21.419030002124764,77.72341736111325,1010.5486051144512,0.5920743939671029,0
2023-06-17,AWS_02_Mumbai,21.439847810507608,80.55896914816519,1009.8556164727412,0.7178691183937669,0
2023-06-18,AWS_02_Mumbai,16.449181119735982,80.51686311269313,1010.9348656120932,0.1358430699106634,0
2023-06-19,AWS_02_Mumbai,18.840006154689902,84.25546718175943,1009.5729187506886,0.3349553055289176,0
2023-06-20,AWS_02_Mumbai,16.25340083989531,79.27557595536095,1010.624114066893,4.852921454907724,0
2023-06-21,AWS_02_Mumbai,17.98240555689611,81.89385998837939,1010.6673186321988,2.5420604083785068,0
2023-06-22,AWS_02_Mumbai,15.510488230172257,79.4145676171571,1010.2156921739876,6.490093354559697,0
2023-06-23,AWS_02_Mumbai,19.7608863201963,81.83379195710967,1010.4683096557426,22.07685161929941,0
2023-06-24,AWS_02_Mumbai,19.395545894175942,79.18324319181863,1010.118928620285,4.841885299380644,0
2023-06-25,AWS_02_Mumbai,18.401125696675425,81.67039160432503,1010.406065615789,0.2329783084289651,0
2023-06-26,AWS_02_Mumbai,17.849106854858746,82.14887846658114,1010.685534771394,0.4969946730431557,0
2023-06-27,AWS_02_Mumbai,19.495038077130385,76.7760409602267,1009.7587097452742,9.578997506852009,3
2023-06-28,AWS_02_Mumbai,17.564049283835153,83.29261053778667,1010.4574089842076,3.3736902711286256,3
2023-06-29,AWS_02_Mumbai,17.5215472403645,79.49316075997378,1010.9322434672032,7.839176489924604,3
2023-06-30,AWS_02_Mumbai,17.399042509013842,78.58794310420564,1010.1839195117216,8.739915215356115,3
2023-07-01,AWS_02_Mumbai,18.96120159762857,77.86967933792006,1009.7656618815668,11.81960589912011,3
2023-07-02,AWS_02_Mumbai,18.460168306104062,80.89430450722485,1011.1144024257652,13.465449918821443,3
2023-07-03,AWS_02_Mumbai,18.826309784220403,79.98346812137352,1009.9927162390682,3.641803221995168,3
2023-07-04,AWS_02_Mumbai,20.25678685587692,81.1050144774429,1010.0297204858924,1.87678059908324,3
2023-07-05,AWS_02_Mumbai,20.992793964847717,81.1561466287303,1010.0057605500352,14.699787698004329,3
2023-07-06,AWS_02_Mumbai,21.79971181794371,81.80176329545066,1010.0691587053328,3.567423148486846,3
2023-07-07,AWS_02_Mumbai,19.792701154303305,88.29302332777497,1009.6414890276412,0.2988442895336801,3
2023-07-08,AWS_02_Mumbai,20.304744343688064,80.06904791548499,1009.8716774161088,4.632272022627587,3
2023-07-09,AWS_02_Mumbai,20.14985097650205,77.7296983994766,1010.2185955168133,3.986851739764379,3
2023-07-10,AWS_02_Mumbai,17.440874486682883,73.85507363474822,1009.5217010955428,10.176186391553566,3
2023-07-11,AWS_02_Mumbai,19.485524286243443,76.3073130685615,1009.4643889855596,4.765365425759871,3
2023-07-12,AWS_02_Mumbai,19.582678315700125,83.5757203024476,1009.4944245908144,1.931967761143586,3
2023-07-13,AWS_02_Mumbai,19.45669414511919,82.00352680321238,1009.0577678114208,15.246251468304669,3
2023-07-14,AWS_02_Mumbai,20.25641639818762,75.76554980267247,1009.2315384381948,7.279057370655387,3
2023-07-15,AWS_02_Mumbai,20.085832472312408,87.17758402086375,1009.1775986977188,4.4792172410918445,3
2023-07-16,AWS_02_Mumbai,19.03509791498383,80.73237203877977,1009.505694377204,1.5597847095458233,3
2023-07-17,AWS_02_Mumbai,20.389880997032805,81.09786356517097,1009.8907418423968,2.1045187190255605,3
2023-07-18,AWS_02_Mumbai,19.76196288709449,86.4121370570862,1010.1663956980412,4.988571703080689,3
2023-07-19,AWS_02_Mumbai,16.898068537449284,84.85810120132668,1009.435168670049,0.3361629449259063,3
2023-07-20,AWS_02_Mumbai,18.83998721053618,81.94115516982794,1009.6020207938428,1.3348324644000282,3
2023-07-21,AWS_02_Mumbai,21.179871418046023,82.04114189315236,1009.4628799385048,5.631377136368104,3
2023-07-22,AWS_02_Mumbai,22.79748450397092,82.27537442243951,1008.2620558970552,2.9428292875286326,3
2023-07-23,AWS_02_Mumbai,17.63421474141983,78.73541231026006,1008.7026270826104,2.316702945774122,3
2023-07-24,AWS_02_Mumbai,20.087014331818715,80.26777691018339,1009.6252162151744,0.7390586313845979,3
2023-07-25,AWS_02_Mumbai,22.15955965990992,81.07724923997301,1009.6420620326468,2.6240661254756903,3
2023-07-26,AWS_02_Mumbai,22.951628465197267,78.91865028063059,1009.5990920949288,6.627100830398302,3
2023-07-27,AWS_02_Mumbai,21.128284138504792,76.34528698998452,1009.0610933278292,1.3794417643842474,3
2023-07-28,AWS_02_Mumbai,18.793879314094525,78.38355594434786,1008.1215452009984,0.0243592513708572,0
2023-07-29,AWS_02_Mumbai,21.709345513357874,76.15642278775965,1008.5739241201436,4.968640144056126,0
2023-07-30,AWS_02_Mumbai,21.137754859351023,79.24950191226353,1008.6199270618288,16.191826658871225,0
2023-07-31,AWS_02_Mumbai,51.23158524389491,73.6490853728691,1009.341838875328,4.200770026976882,1
2023-08-01,AWS_02_Mumbai,19.375445961358235,79.9455735664283,1008.8188308249,0.5748506045026218,0
2023-08-02,AWS_02_Mumbai,21.818133389317488,73.95858448050353,1009.8130754720336,1.740335126995947,0
2023-08-03,AWS_02_Mumbai,17.302069517561783,77.56990820316364,1009.6723590726064,9.100088979573853,0
2023-08-04,AWS_02_Mumbai,21.990607495746325,80.21854086518474,1009.7463683460292,1.191174747995785,0
2023-08-05,AWS_02_Mumbai,20.27004107244113,81.00360083193362,1008.422564978358,4.2107309259816565,0
2023-08-06,AWS_02_Mumbai,20.64128219352708,80.56919671999515,1009.0979010702622,2.318794097616296,0
2023-08-07,AWS_02_Mumbai,19.10998505788421,79.43133769842122,1008.5856674509462,1.0484846333693498,0
2023-08-08,AWS_02_Mumbai,17.888725494746854,75.03241503734844,1008.9606877826668,7.554712204152079,0
2023-08-09,AWS_02_Mumbai,20.855115775043394,81.24826551124448,1008.3666239287012,6.1111030396044,0
2023-08-10,AWS_02_Mumbai,21.606314648598083,74.93157308227367,1009.355552554584,4.875751128460367,0
2023-08-11,AWS_02_Mumbai,21.920768022826877,81.41699801576425,1008.3224247984248,1.213326675319864,0
2023-08-12,AWS_02_Mumbai,21.84822138115544,79.92706078502655,1007.7160677732464,0.4634200705988339,0
2023-08-13,AWS_02_Mumbai,21.5994110236093,82.0295360631895,1009.6807626794445,3.862789525187161,0
2023-08-14,AWS_02_Mumbai,19.754367772801928,77.93455802495752,1008.85970152083,3.630214086320116,0
2023-08-15,AWS_02_Mumbai,22.38587691234916,75.30904487479783,1008.078874164017,0.9392814031141228,0
2023-08-16,AWS_02_Mumbai,19.77755305267133,73.79105585363793,1008.5076972222512,0.2605071407068667,0
2023-08-17,AWS_02_Mumbai,23.08958654932272,74.0262718010562,1008.2762176252896,0.3786838402194803,0
2023-08-18,AWS_02_Mumbai,21.40267182379386,72.56103112717584,1008.5437556152292,22.18343714662045,0
2023-08-19,AWS_02_Mumbai,21.55385650966152,80.19608841134995,1008.91894639626,6.887485400512338,0
2023-08-20,AWS_02_Mumbai,23.031677249873265,80.4694635366816,1008.817555891388,11.478986552846626,0
2023-08-21,AWS_02_Mumbai,23.33941803246481,78.82388468160694,1008.5990872846731,0.9764144181339692,0
2023-08-22,AWS_02_Mumbai,23.09913072892641,76.95770455327894,1008.4528584739206,14.549360449026624,0
2023-08-23,AWS_02_Mumbai,20.81994199956647,83.13224953548756,1008.9680356686066,0.69261353038021,0
2023-08-24,AWS_02_Mumbai,23.30355576846703,76.54600310829878,1007.4449051632664,3.20165019915579,0
2023-08-25,AWS_02_Mumbai,21.047724026135704,77.3928419833403,1008.0125737607278,7.965757577574536,0
2023-08-26,AWS_02_Mumbai,23.563519170177667,76.47477839242646,1007.8775924804802,1.93716193646358,0
2023-08-27,AWS_02_Mumbai,20.35704941170725,75.490281594809,1008.8504204890536,2.488891857605582,0
2023-08-28,AWS_02_Mumbai,22.468736240814696,78.28366713577105,1007.9586027333236,0.6173017202761222,0
2023-08-29,AWS_02_Mumbai,21.493682824493664,74.37449039863425,1007.6665241891488,0.5902164638056896,0
2023-08-30,AWS_02_Mumbai,24.146952981427912,74.0562170177002,1008.5660194335588,4.34901789325507,0
2023-08-31,AWS_02_Mumbai,24.63306172336136,78.08409659400021,1007.8193419534454,5.06506273662432,0
2023-09-01,AWS_02_Mumbai,23.378265439255426,74.42740423174547,1008.0812241213272,6.759340716819521,0
2023-09-02,AWS_02_Mumbai,23.44955513937043,76.20005466076194,1009.4305475424936,1.2202020785008176,0
2023-09-03,AWS_02_Mumbai,24.378403768104867,74.65387755632625,1008.6174546317428,1.5566679473347895,0
2023-09-04,AWS_02_Mumbai,25.12664689508677,75.52037153015696,1008.1028011148228,0.0204141925968672,0
2023-09-05,AWS_02_Mumbai,23.62483125869337,73.4112681479,1008.1327243323784,0.2654113963851872,0
2023-09-06,AWS_02_Mumbai,22.944258150314795,73.38446260401597,1008.6325345329224,6.291058343270882,0
2023-09-07,AWS_02_Mumbai,24.79055871540028,72.7211461488296,1008.4962679629336,0.1185542693526433,0
2023-09-08,AWS_02_Mumbai,21.158395181226226,77.58350409171761,1008.1892183003392,1.7034819444746894,0
2023-09-09,AWS_02_Mumbai,25.43869712136008,75.44143469073214,1008.1903321090438,0.2905275553602044,0
2023-09-10,AWS_02_Mumbai,23.137539933827604,77.55283211339082,1007.38631306719,1.8919717182643376,0
2023-09-11,AWS_02_Mumbai,23.97190796924583,77.74390992497737,1007.2694724381846,1.8362143037847136,0
2023-09-12,AWS_02_Mumbai,25.83654667596462,73.15778732730583,1008.014865702089,0.4002495182826648,0
2023-09-13,AWS_02_Mumbai,23.97017726433012,77.05131341425103,1007.775995414066,0.471315070833426,0
2023-09-14,AWS_02_Mumbai,25.696239819614178,74.23251133244773,1008.3756038831956,1.595319726665371,0
2023-09-15,AWS_02_Mumbai,26.56584868981422,73.66649392485964,1008.1716487747746,0.7416560684153208,0
2023-09-16,AWS_02_Mumbai,25.155529123992704,77.7666218010609,1007.6777372372048,0.3245274462577748,0
2023-09-17,AWS_02_Mumbai,25.591241117173784,75.53723650500957,1008.13736283649,1.9733602284481884,0
2023-09-18,AWS_02_Mumbai,25.07906034591216,72.68451307798107,1007.8388625059578,0.2511154698446806,0
2023-09-19,AWS_02_Mumbai,25.566272554550498,75.07350438762504,1009.074073305716,2.9032057222885586,0
2023-09-20,AWS_02_Mumbai,23.85340601681352,69.67484885675267,1008.2272680455216,1.0843878395705573,0
2023-09-21,AWS_02_Mumbai,25.22297986614593,74.0783519474358,1007.247800206556,0.1675719973257548,0
2023-09-22,AWS_02_Mumbai,23.867248402769,68.70166853418267,1008.9329023696451,1.7766098835915942,0
2023-09-23,AWS_02_Mumbai,24.58773151093533,70.11091877466902,1007.7011973700344,1.0983405389259,0
2023-09-24,AWS_02_Mumbai,23.068099672227756,74.68139589157137,1007.526117806075,0.5308558341347064,0
2023-09-25,AWS_02_Mumbai,26.605331120394357,64.77982311758255,1009.0816327040704,0.8236725446626636,0
2023-09-26,AWS_02_Mumbai,28.883992085422737,78.06094673986765,1008.1796005253894,0.5314546604270679,0
2023-09-27,AWS_02_Mumbai,25.799773801694613,75.01954575770834,1008.354548681872,0.4578036640337751,0
2023-09-28,AWS_02_Mumbai,28.06912927927911,66.86297173911024,1008.368770626766,0.267987569161041,0
2023-09-29,AWS_02_Mumbai,28.447576785250103,79.43645825885496,1007.8979125805064,0.6759301832109976,0
2023-09-30,AWS_02_Mumbai,25.098011779877524,80.12559404605813,1007.7139640475974,0.4334988218862964,0
2023-10-01,AWS_02_Mumbai,25.55873742983372,71.42409671666084,1007.7953897930588,1.7253376003305427,0
2023-10-02,AWS_02_Mumbai,28.65832591201809,69.04840402640949,1008.8048961356624,1.7274346227583623,0
2023-10-03,AWS_02_Mumbai,27.17126620264961,76.7491324754712,1008.103393754124,1.045251682981709,0
2023-10-04,AWS_02_Mumbai,25.511152621578937,70.5212936668744,1008.6595866775468,2.257242078095873,0
2023-10-05,AWS_02_Mumbai,26.629471658791708,71.89835748425394,1007.9671274901694,2.7614849400977257,0
2023-10-06,AWS_02_Mumbai,28.351503247466425,74.92985632151998,1007.6304702190338,1.3004170027760853,0
2023-10-07,AWS_02_Mumbai,26.66814576215605,70.6804148353071,1007.290455949278,1.4471786127898238,0
2023-10-08,AWS_02_Mumbai,23.83402881294272,70.28100313795568,1008.3395571737412,0.4987804941062293,0
2023-10-09,AWS_02_Mumbai,27.64930259592459,67.050492706648,1008.8671840490312,3.3788249947620743,0
2023-10-10,AWS_02_Mumbai,27.90698529004228,68.83989563196087,1007.5823146110888,0.0367557389171772,0
2023-10-11,AWS_02_Mumbai,49.86831164596389,69.81343853786038,1008.2877386508148,0.6429527656872698,1
2023-10-12,AWS_02_Mumbai,30.42793771570093,66.74469777712935,1007.3495792016164,1.9191247721553064,0
2023-10-13,AWS_02_Mumbai,28.75480136455296,66.88167537766748,1007.7664549784578,0.1252183601897417,0
2023-10-14,AWS_02_Mumbai,29.173331515704863,70.29187846586566,1008.1857674823424,0.3034855583481755,0
2023-10-15,AWS_02_Mumbai,30.52610323724161,64.50808978621663,1007.1957251134618,1.3347862617950652,0
2023-10-16,AWS_02_Mumbai,29.09161040031204,67.28641657657761,1008.0595084983256,1.2314492537038453,0
2023-10-17,AWS_02_Mumbai,32.4135569027149,75.62500619601133,1007.6593901955468,2.0144402728837782,0
2023-10-18,AWS_02_Mumbai,27.44524024409828,68.62279137351301,1008.3899099596852,2.511866033839368,0
2023-10-19,AWS_02_Mumbai,28.07091438533781,68.11569382038887,1008.015186646333,0.2064460954653324,0
2023-10-20,AWS_02_Mumbai,30.523674290102058,68.34742581875965,1008.5785267348796,0.0278280288049884,0
2023-10-21,AWS_02_Mumbai,31.61403645275081,68.26497670229416,1007.9804887407438,1.7550263928194738,0
2023-10-22,AWS_02_Mumbai,29.560393415362068,70.86302069885015,1007.4511357824392,0.5379978042854223,0
2023-10-23,AWS_02_Mumbai,28.47382596213965,70.52484074120964,1007.4014365923236,1.4751847073669782,0
2023-10-24,AWS_02_Mumbai,32.75852797408433,67.71068116456013,1007.2035526727876,0.2447397399996136,0
2023-10-25,AWS_02_Mumbai,29.054852484673518,68.1150819037062,1008.4882229399344,0.949603017051392,0
2023-10-26,AWS_02_Mumbai,30.87738864306818,72.56951238760146,1009.4648378340293,1.053054092997086,0
2023-10-27,AWS_02_Mumbai,32.464437572670185,63.975875880940734,1008.418357329288,1.3194964284998438,0
2023-10-28,AWS_02_Mumbai,29.954169796326894,68.21067631889541,1009.0520607480832,1.079760489541206,0
2023-10-29,AWS_02_Mumbai,29.805681981378942,68.66686588378968,1008.7986516255078,1.0268484718842104,0
2023-10-30,AWS_02_Mumbai,30.029530321045247,65.80988948561291,1007.9890485847744,0.6068501141024788,0
2023-10-31,AWS_02_Mumbai,32.33243319611959,67.67448387826866,1008.897745281036,0.1107608551463203,0
2023-11-01,AWS_02_Mumbai,32.68919285483138,65.16599932056695,1008.0431847376922,0.1406753432321716,0
2023-11-02,AWS_02_Mumbai,31.26720975678217,69.69488554296554,1008.0710118821758,0.8531543042391578,0
2023-11-03,AWS_02_Mumbai,51.1194390330859,63.65235746823902,1008.2144670257628,0.6596030615542458,1
2023-11-04,AWS_02_Mumbai,31.49608933216155,70.73886149400381,1008.2570597361048,1.088923399672086,0
2023-11-05,AWS_02_Mumbai,33.500438162786544,67.21814618719702,1008.6877316249884,0.5454159157975705,0
2023-11-06,AWS_02_Mumbai,31.02638298265053,65.98151303267191,1008.0414785140398,1.746695946409162,0
2023-11-07,AWS_02_Mumbai,35.28608211580568,64.20046138578985,1008.841829212942,2.992152385954192,0
2023-11-08,AWS_02_Mumbai,34.250288333519364,70.19688217781261,1008.855480728002,0.5325783678119722,0
2023-11-09,AWS_02_Mumbai,31.811322630589192,65.04112901401616,1008.6108900640806,0.3216176913424111,0
2023-11-10,AWS_02_Mumbai,34.26180568948772,63.38825894510433,1009.430976300536,0.1852537600928303,0
2023-11-11,AWS_02_Mumbai,34.29116270378772,69.93919798999467,1009.127084707372,1.4366617639663768,0
2023-11-12,AWS_02_Mumbai,34.648404798153265,63.96823937580173,1009.0409204697072,0.8800920142928166,0
2023-11-13,AWS_02_Mumbai,28.69793880879305,66.29563474519303,1008.5622426413436,0.3124114427412856,0
2023-11-14,AWS_02_Mumbai,33.60041427988003,68.93502422126801,1008.7285949923154,1.5882369311396851,0
2023-11-15,AWS_02_Mumbai,33.43366794731186,66.8536530149896,1008.8385904369804,0.2411040438411382,0
2023-11-16,AWS_02_Mumbai,33.423997009758864,71.47516754926623,1008.6077040326604,1.2121661740723004,0
2023-11-17,AWS_02_Mumbai,33.14037984824537,63.68228869698845,1008.4381097353984,1.123460464395022,0
2023-11-18,AWS_02_Mumbai,33.278327751296644,65.46185515817592,1007.448256390896,1.9876735988293677,0
2023-11-19,AWS_02_Mumbai,34.923321667583664,65.6018543695604,1009.035613468078,0.0850295689808963,0
2023-11-20,AWS_02_Mumbai,33.89804412982625,67.77487078843579,1009.2234644863718,3.282183770619195,0
2023-11-21,AWS_02_Mumbai,33.50261234159186,69.68861670752096,1008.1485759701412,1.8209929237139248,0
2023-11-22,AWS_02_Mumbai,34.97291235166993,65.9570086994696,1009.0584908279784,0.3652604755902885,0
2023-11-23,AWS_02_Mumbai,33.97561213923498,65.23843563730196,1008.487282920611,0.3039186749562637,0
2023-11-24,AWS_02_Mumbai,34.20177633569264,61.11960070184784,1008.627282034875,0.847553736876572,0
2023-11-25,AWS_02_Mumbai,36.31292441128258,65.82477482132434,1009.493779716774,2.552044710230347,0
2023-11-26,AWS_02_Mumbai,32.939662977235955,63.45771592395021,1008.3712792923108,2.776786513967161,0
2023-11-27,AWS_02_Mumbai,31.39488066710669,67.18686275708777,1008.399055479318,1.1023797281336924,0
2023-11-28,AWS_02_Mumbai,33.852077565324464,64.02741513350766,1009.8264068397452,2.957882356004222,0
2023-11-29,AWS_02_Mumbai,34.13843518624592,64.46146566807931,1008.8803904360008,0.0081878702549706,0
2023-11-30,AWS_02_Mumbai,34.969981671297745,60.731507829137335,1009.6059309089112,0.0537122390055999,0
2023-12-01,AWS_02_Mumbai,34.117688986765835,59.60892863393949,1008.2130974687656,3.6425897576363,0
2023-12-02,AWS_02_Mumbai,35.15635954356594,70.55928044294373,1008.283230684973,2.2396968149382865,0
2023-12-03,AWS_02_Mumbai,37.845489992680456,65.30048675642273,1008.6164272004052,0.8986823515980613,0
2023-12-04,AWS_02_Mumbai,35.353620250469575,66.06165766073778,1008.8628109282528,2.1012602492691785,0
2023-12-05,AWS_02_Mumbai,35.67798642463227,62.05110163739668,1008.4328055165726,4.673107473443173,0
2023-12-06,AWS_02_Mumbai,34.07624398713237,67.35602972281981,1009.3502610329904,2.218203563604706,0
2023-12-07,AWS_02_Mumbai,32.24902867187734,66.75850538157479,1009.4143211059164,2.771269839124473,0
2023-12-08,AWS_02_Mumbai,30.933949010029284,62.21160202600767,1008.7796017485934,2.1444704661340666,0
2023-12-09,AWS_02_Mumbai,33.65511041802181,61.38835240123845,1008.8512515645232,0.2762648808296032,0
2023-12-10,AWS_02_Mumbai,30.61238611055751,62.319473354013,1008.9492570387216,2.689807757440156,0
2023-12-11,AWS_02_Mumbai,35.300862077631685,64.38461351377589,1008.7425113013652,0.3255722862832986,0
2023-12-12,AWS_02_Mumbai,34.00167654797132,64.92541898481208,1007.9096818266264,3.346950866612502,0
2023-12-13,AWS_02_Mumbai,32.64895830613031,64.49616141887277,1009.3476373976148,0.920533606435754,0
2023-12-14,AWS_02_Mumbai,34.85619268676325,68.2363088190803,1009.2078162878884,1.6950464761203634,0
2023-12-15,AWS_02_Mumbai,33.590524329170485,62.15665683007863,1009.2920107625184,1.031466069568491,0
2023-12-16,AWS_02_Mumbai,35.41094688931837,61.00523151807103,1008.9833916492632,0.1480589419617293,0
2023-12-17,AWS_02_Mumbai,35.83023990979736,64.23149665049185,1009.9279032175632,0.5152622421898947,0
2023-12-18,AWS_02_Mumbai,33.74776501357489,59.12022929444961,1010.7688527687002,6.177819474178777,0
2023-12-19,AWS_02_Mumbai,34.473998868099834,66.25729185579654,1009.172748572252,4.855359286691216,0
2023-12-20,AWS_02_Mumbai,35.17934847770134,64.43688494648437,1010.3233946497996,0.5795681448675725,0
2023-12-21,AWS_02_Mumbai,32.77119753373485,63.10412502322168,1009.8407386177106,8.397838671922122,0
2023-12-22,AWS_02_Mumbai,35.2263926096251,62.915160054943,1009.7090923045628,2.801838899994721,0
2023-12-23,AWS_02_Mumbai,32.77773164493869,66.80572772930591,1009.553381087492,1.4161077393197956,0
2023-12-24,AWS_02_Mumbai,35.79056524899123,66.69245402635367,1009.7179754750842,0.0614277235778207,0
2023-12-25,AWS_02_Mumbai,34.30462106534987,63.303517865467775,1010.3685919499544,3.47573861220566,0
2023-12-26,AWS_02_Mumbai,32.81557129841051,65.80492107119677,1009.2590299220468,1.2227325096488308,0
2023-12-27,AWS_02_Mumbai,34.11108204374145,66.60906894306832,1009.7248917808196,3.0428506261998587,0
2023-12-28,AWS_02_Mumbai,34.182822658517644,65.01724414656634,1010.5212607694648,2.6975338460024005,0
2023-12-29,AWS_02_Mumbai,36.598040530998055,63.38834573519619,1010.4230141235186,2.684698026046371,0
2023-12-30,AWS_02_Mumbai,35.25877176260162,65.14468840879887,1009.4042803182132,1.7968561876744624,0
2023-12-31,AWS_02_Mumbai,33.5655838136523,60.88274007121188,1009.9087040611096,0.5167281764767913,0
2022-01-01,AWS_03_Chennai,32.32466308262295,66.20221498929853,1011.411161693196,0.6534329696654971,0
2022-01-02,AWS_03_Chennai,32.461115973328674,66.45611429054954,1010.7099748712216,4.499029555461795,0
2022-01-03,AWS_03_Chennai,34.86180115624817,67.36587254869384,1011.0863862871151,1.295840476865435,0
2022-01-04,AWS_03_Chennai,35.557307923502115,69.47945253964211,1011.374046421186,0.6830190139226171,0
2022-01-05,AWS_03_Chennai,33.262560812962434,68.23751849512367,1010.8509981694484,4.481710057028788,0
2022-01-06,AWS_03_Chennai,36.42054760071534,65.61764064905329,1010.3240005345124,0.5986522860925332,0
2022-01-07,AWS_03_Chennai,35.404900357925605,60.81185121505169,1010.704723357872,0.1495162298446826,0
2022-01-08,AWS_03_Chennai,36.33078349117666,69.09226225969867,1010.84517428979,8.63999974193122,0
2022-01-09,AWS_03_Chennai,33.476728890339814,61.29832549955934,1011.1942039884002,0.467644395449146,0
2022-01-10,AWS_03_Chennai,36.19235000898533,63.02030002510124,1011.3647361190608,2.858311500473392,0
2022-01-11,AWS_03_Chennai,37.16206759517166,65.93556356895095,1011.788304068375,0.2714571336350881,0
2022-01-12,AWS_03_Chennai,33.25366417976746,63.52784356125756,1010.796580995405,1.9715409691863264,0
2022-01-13,AWS_03_Chennai,33.61913363599104,68.15206902535292,1011.782986461362,1.1149229651004988,0
2022-01-14,AWS_03_Chennai,32.405022557688106,66.3426349860846,1011.291883776437,5.937615553302781,0
2022-01-15,AWS_03_Chennai,32.08476423739042,69.62091043242515,1010.6179329407915,1.20722585969243,0
2022-01-16,AWS_03_Chennai,32.07502745282545,62.47837478070478,1011.5507031447604,0.0380000227588787,0
2022-01-17,AWS_03_Chennai,32.52771193244929,65.35442534459928,1012.2350986415112,1.3890495122594924,0
2022-01-18,AWS_03_Chennai,34.12637242286074,67.39357752614451,1012.051399725142,0.2355360043929457,0
2022-01-19,AWS_03_Chennai,32.528127209324424,67.55228236690925,1011.6044041178736,2.4032534575840074,0
2022-01-20,AWS_03_Chennai,34.01414773695739,69.55157067632739,1012.2379311072524,2.912843390410046,0
2022-01-21,AWS_03_Chennai,34.009475422671315,64.77329066431417,1011.8034635846265,0.9869408868530598,0
2022-01-22,AWS_03_Chennai,32.86966187760748,66.16283785376561,1012.2300434996926,2.293318478937159,0
2022-01-23,AWS_03_Chennai,33.44188163618897,69.1409325919172,1010.9405256450028,0.2351750004245344,0
2022-01-24,AWS_03_Chennai,32.70331714057425,61.07740347579068,1011.1781395707818,1.0161416306284985,0
2022-01-25,AWS_03_Chennai,32.98679616412234,68.88426465696085,1012.198905198011,0.7511749870263731,0
2022-01-26,AWS_03_Chennai,32.195715643094985,70.0798323740297,1012.6351924322734,1.4174882601241912,0
2022-01-27,AWS_03_Chennai,33.48966861378976,63.84766905981123,1012.105106548937,0.0682449630240609,0
2022-01-28,AWS_03_Chennai,32.41560493101508,66.96636618287185,1011.6784321051176,2.0922329565676,0
2022-01-29,AWS_03_Chennai,31.51866169429864,72.45429877191434,1011.532209750945,0.1236534480484306,0
2022-01-30,AWS_03_Chennai,34.10767966935247,70.02276977842055,1011.8298935185226,1.602727878538377,0
2022-01-31,AWS_03_Chennai,34.10670289726216,69.45322869180065,1012.6241603835626,0.0279445282682551,0
2022-02-01,AWS_03_Chennai,34.78001293007402,71.15625777656298,1011.8755676955874,2.6746878514309467,0
2022-02-02,AWS_03_Chennai,31.52105316222243,73.67010305399924,1012.5998909637703,0.288011811499392,0
2022-02-03,AWS_03_Chennai,32.27994367096494,68.38715603474655,1012.4311571890626,1.0869489571846056,0
2022-02-04,AWS_03_Chennai,33.28928114217991,67.1870489412735,1012.9903664127958,0.4546868520327362,0
2022-02-05,AWS_03_Chennai,32.13121674583091,71.45324648485605,1012.2617314826758,1.9236974166238896,0
2022-02-06,AWS_03_Chennai,33.679935746708665,68.0062168974889,1012.1646551933304,0.5814770540759795,0
2022-02-07,AWS_03_Chennai,33.508328984938785,65.867371154326,1012.7657897930704,1.9343461138776368,0
2022-02-08,AWS_03_Chennai,33.416823656348974,67.11596041162176,1011.7764620992328,0.5029389333144166,0
2022-02-09,AWS_03_Chennai,34.82244035695138,69.75973607018183,1012.0488561132248,2.094353969087225,0
2022-02-10,AWS_03_Chennai,33.532741163652325,67.56237852348116,1011.457256749305,0.0466254381311311,0
2022-02-11,AWS_03_Chennai,32.729795074449555,67.87646304807971,1011.6961069569604,0.4996706282586399,0
2022-02-12,AWS_03_Chennai,32.13965489412384,66.01144172403953,1013.3105731775308,1.0356268818889371,0
2022-02-13,AWS_03_Chennai,32.173848986346165,73.4932393504599,1012.7202628212676,0.0691594948386718,0
2022-02-14,AWS_03_Chennai,30.69172508549765,68.2547327525939,1011.7135658626167,0.3087551374373398,0
2022-02-15,AWS_03_Chennai,29.566599564589907,67.24524729480102,1013.0207277418772,4.0894048514995225,0
2022-02-16,AWS_03_Chennai,32.83667452105443,67.66324447423939,1012.095439303494,5.647621559240672,0
2022-02-17,AWS_03_Chennai,33.90113814062473,71.98665961251292,1012.7913093500948,2.019168554005752,0
2022-02-18,AWS_03_Chennai,31.493960002831614,71.4007525517952,1012.806950977591,0.4359296761903409,0
2022-02-19,AWS_03_Chennai,34.29203521382117,68.27924392054169,1013.3491069669984,0.4527068819441826,0
2022-02-20,AWS_03_Chennai,31.56772788268696,69.98694373751404,1012.2699647785176,1.5567994972752592,0
2022-02-21,AWS_03_Chennai,28.82180546624196,70.82682868767549,1012.1904770085516,0.187664064816961,0
2022-02-22,AWS_03_Chennai,33.04869228820675,67.99266671233339,1011.2373700561344,4.443718430383273,0
2022-02-23,AWS_03_Chennai,30.87015313057828,65.5926843225827,1012.5418356130028,0.3819762881685705,0
2022-02-24,AWS_03_Chennai,33.01895705805023,71.87072686926678,1012.9857430340068,11.875992252688524,0
2022-02-25,AWS_03_Chennai,29.505162530253266,68.49185916647087,1013.0739400242396,1.0269764496406644,0
2022-02-26,AWS_03_Chennai,31.954170863163743,71.8729055578954,1013.288540942546,2.2138690825093588,0
2022-02-27,AWS_03_Chennai,30.049075298619417,71.63005736149478,1012.826139682268,0.0032797246778499,0
2022-02-28,AWS_03_Chennai,31.464573551697768,70.95075523462756,1012.9520247421748,3.2939145624281867,0
2022-03-01,AWS_03_Chennai,32.22413851463358,69.6226472566036,1012.7515881369084,0.4720703188693672,0
2022-03-02,AWS_03_Chennai,31.78668123538391,69.1181090211951,1013.0886401272356,1.653644699616314,0
2022-03-03,AWS_03_Chennai,30.99909820011245,67.72468585080159,1012.2846622317384,2.46259521476517,0
2022-03-04,AWS_03_Chennai,28.73646664362968,69.41688239956872,1012.063902604429,0.2689551070072702,0
2022-03-05,AWS_03_Chennai,31.807949494421475,73.08986740319212,1012.3695936881984,0.8764646739915807,0
2022-03-06,AWS_03_Chennai,32.167053048729784,75.70026737072347,1012.9060735980978,1.0213416514268587,0
2022-03-07,AWS_03_Chennai,28.962109688541723,75.38449106035823,1012.1638152927028,0.5612101464114342,0
2022-03-08,AWS_03_Chennai,29.088510548700985,72.19286322164466,1012.5116338965686,0.9859631649053652,0
2022-03-09,AWS_03_Chennai,31.948118734234097,76.0748385857986,1012.5412954339156,0.5730894777364046,0
2022-03-10,AWS_03_Chennai,29.92965594488892,71.0897893980939,1013.2459939726411,0.6711842059980833,0
2022-03-11,AWS_03_Chennai,28.84101942689038,68.2652740417898,1013.197722187911,1.6599569165499908,0
2022-03-12,AWS_03_Chennai,30.458256235286044,78.03005710428798,1012.9149551620131,1.5019286757687351,0
2022-03-13,AWS_03_Chennai,28.99426592634025,73.99568818167447,1013.1167252156732,0.3964674042562162,0
2022-03-14,AWS_03_Chennai,30.095665163358657,67.92397179338067,1013.1375082545736,3.416588275105904,0
2022-03-15,AWS_03_Chennai,29.13579200753057,77.3363430508453,1012.7306598746172,2.9793481212225266,0
2022-03-16,AWS_03_Chennai,29.165315608463995,70.5609567598939,1012.6510099145509,1.0672212494636006,0
2022-03-17,AWS_03_Chennai,31.22266685820497,71.3462588502662,1013.6998230831208,0.851757450063306,0
2022-03-18,AWS_03_Chennai,25.754311312388104,76.12135164048212,1011.695563941302,0.7094664299249275,0
2022-03-19,AWS_03_Chennai,30.1888202447026,77.27619585690378,1012.5775492258764,1.842746229691624,0
2022-03-20,AWS_03_Chennai,30.67406404317803,70.32326574697181,1012.8538054223064,1.670586105397605,0
2022-03-21,AWS_03_Chennai,28.221718280058496,77.87335963031369,1013.2425886542028,0.3275710057987514,0
2022-03-22,AWS_03_Chennai,30.45983697407329,76.2184584658569,1013.5367008965558,1.669636035928966,0
2022-03-23,AWS_03_Chennai,27.512820360357573,71.33227848335899,1013.903064686882,0.4363933948941422,0
2022-03-24,AWS_03_Chennai,27.85926645280681,73.12995884541314,1012.9340096487396,0.0280990546848431,0
2022-03-25,AWS_03_Chennai,27.58412501793418,78.55257357862637,1012.972076606491,1.8020078032779552,0
2022-03-26,AWS_03_Chennai,30.071226325388857,69.45926441886182,1013.1697408440956,1.5525843854041317,0
2022-03-27,AWS_03_Chennai,25.924088130184497,78.42013024742833,1012.72627752313,0.7935079721585825,0
2022-03-28,AWS_03_Chennai,30.898791618426827,76.95446034432494,1012.4025313101884,1.1188287708698343,0
2022-03-29,AWS_03_Chennai,27.878094091432786,76.08008636600727,1012.9487456091792,4.410991152019573,0
2022-03-30,AWS_03_Chennai,29.15470191658908,75.08530881857563,1013.3711861684802,1.356543911864649,0
2022-03-31,AWS_03_Chennai,28.92215846666293,80.73828516789766,1012.8780752808716,1.608907843697413,0
2022-04-01,AWS_03_Chennai,28.252668912087245,81.31934249574475,1013.2066991738316,0.0990675966249531,0
2022-04-02,AWS_03_Chennai,27.021509131333605,73.2575931185471,1012.0654246608738,0.2722728521536482,0
2022-04-03,AWS_03_Chennai,29.682837015310334,77.07757680047027,1013.0082948730844,0.5370543974844135,0
2022-04-04,AWS_03_Chennai,26.94379477148376,81.00170059811295,1012.7960361358128,1.1627705855450738,0
2022-04-05,AWS_03_Chennai,26.516076316722742,73.16093385259451,1012.3582724439852,2.248125961632596,0
2022-04-06,AWS_03_Chennai,28.82650705330277,76.38282988557901,1013.3219240553008,0.5812334521532231,0
2022-04-07,AWS_03_Chennai,27.625703596908075,78.80218743671045,1013.9130334068384,0.6609758481232014,0
2022-04-08,AWS_03_Chennai,29.3411247651013,69.8827965819408,1013.4814931613752,0.4438756010537583,0
2022-04-09,AWS_03_Chennai,27.107911123611576,78.54978333836723,1013.509102630726,0.4407702117591476,0
2022-04-10,AWS_03_Chennai,26.123354550888465,72.93514711652604,1013.333593697773,4.459895272812856,0
2022-04-11,AWS_03_Chennai,27.40980545652313,76.91340709888395,1013.2951220247508,1.5136668860898437,0
2022-04-12,AWS_03_Chennai,26.224584155922813,79.90502136593689,1012.0661371361722,0.2542286718113387,0
2022-04-13,AWS_03_Chennai,25.86177290225763,69.4395823532253,1012.895251908255,1.9215430966003448,0
2022-04-14,AWS_03_Chennai,27.94149290810462,79.09936250640393,1013.2063559845876,1.9203153351536253,0
2022-04-15,AWS_03_Chennai,29.340384263490083,82.99091807045578,1013.2099387838584,1.6470345756962366,0
2022-04-16,AWS_03_Chennai,26.123166928813347,75.40961751208096,1013.571728660683,0.2170539590954286,0
2022-04-17,AWS_03_Chennai,24.93100238959806,78.87258488164977,1012.4107422723116,0.7863513872557593,0
2022-04-18,AWS_03_Chennai,26.06366035146425,81.2807324903462,1013.2210714416784,0.1693438037087672,0
2022-04-19,AWS_03_Chennai,26.96728299902988,72.62772331645542,1012.3748414912646,2.544296287886871,0
2022-04-20,AWS_03_Chennai,26.483071561181568,79.8096395843141,1012.7908733651047,1.5970649283130534,0
2022-04-21,AWS_03_Chennai,27.79053486819845,80.73904892913883,1012.8545407831632,1.0614897830486938,0
2022-04-22,AWS_03_Chennai,26.89975002590618,79.71304030182013,1013.3050481496152,0.6301422256387194,0
2022-04-23,AWS_03_Chennai,24.15055065685152,78.18564826459351,1013.233924556276,0.3054700489644446,0
2022-04-24,AWS_03_Chennai,24.969887152438886,75.05227541671488,1012.908746738242,0.1688254317450313,0
2022-04-25,AWS_03_Chennai,23.54349193434168,82.35461257486918,1011.7591484915084,5.222339828121364,0
2022-04-26,AWS_03_Chennai,27.237347371747852,78.40973955795822,1013.0436261266844,0.3340566752673816,0
2022-04-27,AWS_03_Chennai,22.438817474618,75.71949426542909,1012.67287336613,0.0926130551753089,0
2022-04-28,AWS_03_Chennai,23.408732435438854,77.6009479335932,1013.4875815272792,4.892157287816472,0
2022-04-29,AWS_03_Chennai,24.473899864279616,79.78301838962086,1013.3528614174292,1.1942714123441376,0
2022-04-30,AWS_03_Chennai,25.99616967225493,74.11605370588377,1012.2910129544942,2.3892896510548187,0
2022-05-01,AWS_03_Chennai,24.277347880867165,78.97402038918483,1013.034499756914,0.0671286993183722,0
2022-05-02,AWS_03_Chennai,24.422389551099137,77.7890567865982,1013.02723955918,1.2553387775007945,0
2022-05-03,AWS_03_Chennai,24.36324531715785,83.16602994134209,1012.973236129308,0.7617700081725209,0
2022-05-04,AWS_03_Chennai,25.052938583851496,73.65030867438463,1012.8902886520788,2.2173805087489957,0
2022-05-05,AWS_03_Chennai,22.876174947386684,82.20701659378521,1012.9869282520714,0.058775077971892,0
2022-05-06,AWS_03_Chennai,23.200330082278416,83.7564902710069,1013.4034513052349,0.7704708224737882,0
2022-05-07,AWS_03_Chennai,27.057635848883475,74.10706702097023,1012.3573859362784,2.4072235630895884,0
2022-05-08,AWS_03_Chennai,25.05602997661405,74.5785441014874,1012.1600550810134,1.109406486120445,0
2022-05-09,AWS_03_Chennai,25.51083683988617,85.19814869689023,1012.983723295318,1.1978906865477488,0
2022-05-10,AWS_03_Chennai,24.375014377607805,77.23625508029123,1011.6296186628418,0.1533226713784347,0
2022-05-11,AWS_03_Chennai,23.9969591605118,89.34131465096414,1012.8767800130156,0.2129166928157971,0
2022-05-12,AWS_03_Chennai,24.813607739765622,74.7452647992759,1012.766246709852,1.6951526009737112,0
2022-05-13,AWS_03_Chennai,25.141011017325905,80.77735489254576,1011.332582393258,1.686110340213821,0
2022-05-14,AWS_03_Chennai,25.24155376663239,80.2998984487821,1012.164275691892,5.802252806423082,0
2022-05-15,AWS_03_Chennai,23.706644130523323,79.846768070302,1013.247102370977,1.8669473644263197,0
2022-05-16,AWS_03_Chennai,25.25480748083625,81.95989688689232,1011.706765561994,1.0195869883048974,0
2022-05-17,AWS_03_Chennai,20.04891474716881,82.23095270030288,1012.517463027689,2.920808629083401,0
2022-05-18,AWS_03_Chennai,25.01442761726452,80.26236024854359,1011.884109803777,0.1655143370150056,0
2022-05-19,AWS_03_Chennai,22.964676635202824,77.81743074142682,1012.0070736669232,0.8948362410456149,0
2022-05-20,AWS_03_Chennai,24.36545003022438,84.09611261169502,1013.2942871386408,0.5076403515482946,0
2022-05-21,AWS_03_Chennai,45.00236616867085,82.92810450182995,1012.3720348873112,0.1657904363596555,1
2022-05-22,AWS_03_Chennai,21.410005289082378,81.4770216262495,1012.5425847707546,2.162723828961406,0
2022-05-23,AWS_03_Chennai,23.84397316513324,83.00987962304109,1012.2012933409784,1.0724513766246884,0
2022-05-24,AWS_03_Chennai,21.017873880035047,83.61326479691759,1011.473002542878,1.22049535228641,0
2022-05-25,AWS_03_Chennai,22.60780762034775,79.10503885264696,1011.610786523001,0.7946436681414335,0
2022-05-26,AWS_03_Chennai,21.92725349709409,83.15417707544499,1012.764785667406,0.925216256212572,0
2022-05-27,AWS_03_Chennai,22.823361872551303,79.89301191678962,1012.2239906099816,0.1849768278436573,0
2022-05-28,AWS_03_Chennai,24.223193156348884,84.03626076715643,1011.734034346842,1.6763157566718312,0
2022-05-29,AWS_03_Chennai,22.235553840511617,81.1290388824725,1012.0794549764528,0.8496326632851966,0
2022-05-30,AWS_03_Chennai,23.38662078376193,83.61548610418781,1012.3922590779658,2.5454997597561544,0
2022-05-31,AWS_03_Chennai,23.96971308193461,80.55102206807946,1012.2593692058232,0.3277699315914475,0
2022-06-01,AWS_03_Chennai,21.89727389763009,83.91356534271867,1011.6175890267835,1.032671099821773,0
2022-06-02,AWS_03_Chennai,21.868027085254862,79.05414914154063,1011.1848937747488,4.670007389628022,0
2022-06-03,AWS_03_Chennai,24.7617052035652,82.16489083923722,1011.738795743737,8.418712080009696,0
2022-06-04,AWS_03_Chennai,22.54075158172508,85.0621181568072,1012.4663377049852,2.875651919297772,0
2022-06-05,AWS_03_Chennai,23.37724782849241,83.58356112001164,1012.3082260512546,5.841515335827989,0
2022-06-06,AWS_03_Chennai,23.321182499190453,82.81763171947881,1012.0552023124015,32.886520550750745,0
2022-06-07,AWS_03_Chennai,20.72877004305867,87.70968208271773,1011.7332717118982,20.84442010487824,0
2022-06-08,AWS_03_Chennai,21.342970367430347,85.42519836321564,1011.5288071722828,6.137525219353156,0
2022-06-09,AWS_03_Chennai,23.007472382146933,84.97401806531018,1011.6792517281808,6.054680191669034,0
2022-06-10,AWS_03_Chennai,19.305292390867454,84.43239704214562,1012.1143132936106,1.280305280132461,0
2022-06-11,AWS_03_Chennai,22.052789223997177,84.85510975066691,1012.1963199314594,8.06849111333053,0
2022-06-12,AWS_03_Chennai,21.036949138405628,87.52480610233009,1011.527923581988,2.337144886191144,0
2022-06-13,AWS_03_Chennai,23.96745215621639,81.34473667916846,1012.8943297366357,14.715039894455334,0
2022-06-14,AWS_03_Chennai,22.78937265060089,85.66794593466776,1011.6396275264354,0.3822059242530678,0
2022-06-15,AWS_03_Chennai,24.027273308127548,83.74892518360228,1011.386983625431,2.575881151276562,0
2022-06-16,AWS_03_Chennai,22.153627995522516,81.56756079412797,1012.2651657047608,3.6520718359272326,0
2022-06-17,AWS_03_Chennai,22.01510725650303,82.45290329667141,1010.4748960960808,2.3375539837000376,0
2022-06-18,AWS_03_Chennai,21.70389569798108,83.44241074250512,1011.700628187744,1.0640508972602698,0
2022-06-19,AWS_03_Chennai,21.38376494400427,80.23568773920918,1011.3906426345628,4.045112148824302,0
2022-06-20,AWS_03_Chennai,26.144169546414183,85.4357916093944,1012.1174379395228,6.346128126569327,0
2022-06-21,AWS_03_Chennai,23.30849851104817,82.56112007792176,1011.6619948507764,4.65832320180666,0
2022-06-22,AWS_03_Chennai,20.480769583744884,83.14805094986127,1011.3951651107978,1.2022166046923786,0
2022-06-23,AWS_03_Chennai,26.02307807992107,86.98612128154635,1011.622915292613,5.9188791299004375,0
2022-06-24,AWS_03_Chennai,21.44246617810085,83.32266317487473,1010.7297051988448,1.336147656240339,0
2022-06-25,AWS_03_Chennai,22.51924851764821,87.60797797675274,1011.7067279314828,0.8667774500775747,0
2022-06-26,AWS_03_Chennai,23.436267823320943,81.38972745263037,1010.5167806211276,5.280030878076188,0
2022-06-27,AWS_03_Chennai,19.71106208984116,79.68479984301617,1011.334021648874,8.325698718092571,0
2022-06-28,AWS_03_Chennai,20.7698965906952,82.11550483494021,1011.1382337252746,2.956011005810299,0
2022-06-29,AWS_03_Chennai,24.477802546242657,74.54844882234241,1010.2045171778234,3.410947077687566,0
2022-06-30,AWS_03_Chennai,21.66475711393234,85.71461844549691,1011.0861079095024,1.6227349561635256,0
2022-07-01,AWS_03_Chennai,23.498227420443715,79.88300804906764,1011.1582073696304,3.070983284616151,0
2022-07-02,AWS_03_Chennai,21.32001958433289,81.14661740859131,1010.6553480192435,0.6369478963663978,0
2022-07-03,AWS_03_Chennai,21.859410700706672,85.14616887294686,1010.4421521201244,14.038777068334728,0
2022-07-04,AWS_03_Chennai,24.68344060850137,83.34995621457152,1011.1600442357052,7.250592638531645,0
2022-07-05,AWS_03_Chennai,22.66715515661588,81.66384790153451,1011.0607309458488,4.961426270650369,0
2022-07-06,AWS_03_Chennai,21.500721330053413,76.86638224183481,1010.9586365861602,3.4767503746138178,0
2022-07-07,AWS_03_Chennai,21.00182657430888,86.86659506900737,1010.815347386543,7.069638082557467,0
2022-07-08,AWS_03_Chennai,21.14970742876313,85.11921274391882,1010.4934004772688,3.0722231318450035,0
2022-07-09,AWS_03_Chennai,23.912276126709894,89.10058254828908,1011.8785943714272,1.604869517557978,0
2022-07-10,AWS_03_Chennai,23.212362239136183,81.12537412379172,1010.5592361860362,0.7865955201284771,0
2022-07-11,AWS_03_Chennai,20.35703745453967,78.52991266999923,1010.2418292923886,4.693263710954657,0
2022-07-12,AWS_03_Chennai,22.2285120726644,85.85394020598214,1010.667680466154,11.929904376389707,0
2022-07-13,AWS_03_Chennai,22.0169603301212,82.279573530692,1010.5161836972572,0.7505331237462055,0
2022-07-14,AWS_03_Chennai,22.612508197689348,84.70001751942432,1010.4122017649122,0.89312825306474,0
2022-07-15,AWS_03_Chennai,21.25593329788837,87.64469255984575,1011.4765267048416,2.55809424989458,0
2022-07-16,AWS_03_Chennai,23.8326494631277,83.91653789518777,1009.9410817300358,7.400446706918702,0
2022-07-17,AWS_03_Chennai,22.2103060299235,83.21881010716655,1010.4913875489408,1.5661376929311517,0
2022-07-18,AWS_03_Chennai,22.800558638419645,83.36946987619473,1009.9082021371372,1.3181083318239404,0
2022-07-19,AWS_03_Chennai,21.093164134696995,77.72798948094804,1010.1360619757552,4.353728955836208,0
2022-07-20,AWS_03_Chennai,21.20022323674557,85.92185737078059,1011.2418438930758,3.4516838687088374,0
2022-07-21,AWS_03_Chennai,26.321141610895157,86.06975855742108,1010.4819055634118,0.2794943765792072,0
2022-07-22,AWS_03_Chennai,25.06985557819484,84.09872920881449,1010.4434606722529,0.3825110806474839,0
2022-07-23,AWS_03_Chennai,22.30174297662855,77.91209980060361,1009.8068319244766,4.635251356160134,0
2022-07-24,AWS_03_Chennai,24.743957262927307,82.04395174213975,1010.0322732902335,2.815738133495842,0
2022-07-25,AWS_03_Chennai,24.30339045308198,86.66986508392743,1011.1243802074664,15.928529675383484,0
2022-07-26,AWS_03_Chennai,21.587934908601923,80.60173707484542,1010.4309692055872,5.106849482868978,0
2022-07-27,AWS_03_Chennai,21.481441058548413,85.79430467487217,1009.9801418942396,0.0455613510399224,0
2022-07-28,AWS_03_Chennai,23.61655457682157,82.34723662624442,1010.339266059784,2.9514941147590106,0
2022-07-29,AWS_03_Chennai,23.049925498561173,84.25773213002529,1010.2220185445888,2.408400791828445,0
2022-07-30,AWS_03_Chennai,22.1047049257568,80.81995996117249,1009.6379611577264,0.5078174575142003,0
2022-07-31,AWS_03_Chennai,23.838997193956622,82.24359947382564,1009.8430504615216,11.549995631399064,0
2022-08-01,AWS_03_Chennai,20.64443208543134,83.23260377941227,1011.1247844241624,7.356661497477218,0
2022-08-02,AWS_03_Chennai,23.033196316372663,78.60270604552547,1010.1638765096916,1.1766435288091164,0
2022-08-03,AWS_03_Chennai,21.05636898229888,82.60206677007969,1009.1540188980211,1.3305977222098049,0
2022-08-04,AWS_03_Chennai,21.16133475340576,73.64066174235161,1010.164624197042,0.1464382890129397,0
2022-08-05,AWS_03_Chennai,21.967232292474367,79.82565533693072,1010.5323656116936,1.5839844742065017,0
2022-08-06,AWS_03_Chennai,23.630841594507505,83.18376813643599,1009.4002663741152,3.9535485813111073,0
2022-08-07,AWS_03_Chennai,47.54585159621809,84.83292471665126,1009.5960083470732,2.4578205822232917,1
2022-08-08,AWS_03_Chennai,21.38016085075624,82.8084914084886,1010.5236373510296,15.669193421059909,0
2022-08-09,AWS_03_Chennai,23.986043469032268,77.13549012515129,1009.7868870344864,0.2597131867968992,0
2022-08-10,AWS_03_Chennai,25.573537684819797,84.31935156238575,1009.6710352594126,4.027915843417167,0
2022-08-11,AWS_03_Chennai,24.358322735502064,77.71582135983307,1009.0478615585876,8.79349390965972,0
2022-08-12,AWS_03_Chennai,26.169738202454383,82.8865421668545,1010.2249704398224,2.949085417506941,0
2022-08-13,AWS_03_Chennai,25.64914395117572,77.63533028519231,1009.5696377531976,0.0133520314720553,0
2022-08-14,AWS_03_Chennai,22.873893251553625,78.54033395982216,1008.5529617134677,1.251584281809305,0
2022-08-15,AWS_03_Chennai,24.624236831723,77.89628978863945,1008.8271187888428,1.7604922920867532,0
2022-08-16,AWS_03_Chennai,23.610793740080503,81.08588919396084,1009.3080424721944,15.215547792122376,0
2022-08-17,AWS_03_Chennai,25.41489231821585,79.98440626390128,1009.0282250260668,10.925304456796372,0
2022-08-18,AWS_03_Chennai,23.75876613435698,81.99808368588896,1009.082904014977,13.406753181455404,0
2022-08-19,AWS_03_Chennai,22.78939549078091,80.31417514452093,1010.6898909259544,7.862907454992484,0
2022-08-20,AWS_03_Chennai,26.10969940533709,75.71359231682328,1009.8484278517692,1.9499449956443973,0
2022-08-21,AWS_03_Chennai,24.60460464670776,80.99022231013033,1008.1835502629216,10.634160157055945,0
2022-08-22,AWS_03_Chennai,23.21208502591206,74.77033033820018,1009.2930709616556,18.000035582629906,0
2022-08-23,AWS_03_Chennai,23.539882130314243,77.29780924695302,1009.3839535861656,1.9390168498653115,0
2022-08-24,AWS_03_Chennai,23.364782615449176,78.74870856095379,1008.6691673054664,1.3583550624405631,0
2022-08-25,AWS_03_Chennai,22.94981018175396,78.4304813373397,1009.654233260126,3.562552738909726,0
2022-08-26,AWS_03_Chennai,23.819977287324303,74.67609495089575,1008.3462292345382,0.9324512357709356,0
2022-08-27,AWS_03_Chennai,25.180627474947297,83.61868445481393,1009.8957650814374,0.1492571544296593,0
2022-08-28,AWS_03_Chennai,24.803033255570952,84.33475203644785,1010.0489140320242,13.120423419673276,0
2022-08-29,AWS_03_Chennai,24.13643924574089,86.02730577917467,1010.4857944247724,11.700861060834027,0
2022-08-30,AWS_03_Chennai,27.124798330262745,82.6009047497131,1008.504191033384,0.7988298216459703,0
2022-08-31,AWS_03_Chennai,21.95428346085142,77.85334882140134,1008.5882670646502,2.357144857135236,0
2022-09-01,AWS_03_Chennai,25.51903187415921,77.68219076858675,1009.6029233797078,8.001321563624613,0
2022-09-02,AWS_03_Chennai,24.93615468537131,77.39592706801672,1009.831315619586,1.6226340796192764,0
2022-09-03,AWS_03_Chennai,23.786331718592653,84.63477497429416,1009.6283616854204,0.7532634871574538,0
2022-09-04,AWS_03_Chennai,25.880412450053896,78.20840101794143,1009.7481799221272,2.0448690231466893,0
2022-09-05,AWS_03_Chennai,25.09702605398336,82.23883422406055,1009.8817020763332,3.410229714498354,0
2022-09-06,AWS_03_Chennai,27.39093855262341,81.88053379542156,1009.2799159375762,3.9087481195452174,0
2022-09-07,AWS_03_Chennai,26.916840977921854,78.74898608250307,1009.0585577911708,0.7142730833243196,0
2022-09-08,AWS_03_Chennai,28.569060782961028,73.69859123094474,1008.4673299516512,0.2859431737983499,0
2022-09-09,AWS_03_Chennai,25.0806879632454,77.6440242720254,1008.989499435316,3.65999500331476,0
2022-09-10,AWS_03_Chennai,27.996947003113902,78.23807847064867,1009.0537931062436,0.1456842181157634,0
2022-09-11,AWS_03_Chennai,24.250405174467744,81.50151410105445,1008.639635426557,1.9185208472435813,0
2022-09-12,AWS_03_Chennai,25.930897519552,77.59590404501373,1009.0841647393972,0.2271019951393661,0
2022-09-13,AWS_03_Chennai,25.497210575234583,73.78074177021092,1008.5614485231994,0.7399375055454347,0
2022-09-14,AWS_03_Chennai,27.197512995678093,80.23860349144314,1009.639230534199,0.7954096249023983,0
2022-09-15,AWS_03_Chennai,27.26052786639228,76.45989047380493,1009.2859711374612,0.2593137102282362,0
2022-09-16,AWS_03_Chennai,25.141930226849123,69.37377186216895,1008.8343225895328,3.8397317568008895,0
2022-09-17,AWS_03_Chennai,27.580339923554163,77.85088484029352,1009.1501839106548,0.0040076008708749,0
2022-09-18,AWS_03_Chennai,26.12292699335497,78.24409972553288,1008.495434017556,3.3637674270167714,0
2022-09-19,AWS_03_Chennai,25.569460629288645,74.07830986244772,1008.5389262351492,3.229042229850561,0
2022-09-20,AWS_03_Chennai,26.87833784684043,75.89584941139218,1008.7172195769016,0.5718108077372189,0
2022-09-21,AWS_03_Chennai,24.782424004943504,78.30956408193882,1008.9321396648678,1.82753498598562,0
2022-09-22,AWS_03_Chennai,28.49662713491524,77.19579759036408,1009.09324572578,0.4371514775915971,0
2022-09-23,AWS_03_Chennai,27.11848054513224,71.37614680192857,1009.0903500554612,2.1330288163599724,0
2022-09-24,AWS_03_Chennai,27.25377396972993,79.68812729625611,1008.3540974682164,1.235292995174066,0
2022-09-25,AWS_03_Chennai,27.276329226973008,80.90955296847893,1008.9694249363524,0.5354956099702254,0
2022-09-26,AWS_03_Chennai,29.980216758055136,74.12285950454785,1008.5976545362008,0.7668254345840582,0
2022-09-27,AWS_03_Chennai,29.891265836548836,69.78645287682677,1007.299682309544,1.7562361764586054,0
2022-09-28,AWS_03_Chennai,29.74221331016419,77.69190952698831,1010.5400333345914,3.548246599190485,0
2022-09-29,AWS_03_Chennai,27.691715704530296,73.221685121241,1008.6015820756488,0.2101462390773669,0
2022-09-30,AWS_03_Chennai,26.24910085481504,76.70962875385582,1008.628590605618,1.2707207014624746,0
2022-10-01,AWS_03_Chennai,28.001852065451597,81.57208309333117,1008.3268004593474,0.4390001118592255,0
2022-10-02,AWS_03_Chennai,28.600697215708102,70.18894848294366,1008.4717165186916,2.424484212612665,0
2022-10-03,AWS_03_Chennai,29.45124914119296,72.30035911342564,1008.9071638200636,0.1092388394958292,0
2022-10-04,AWS_03_Chennai,28.802276052253983,73.96922529854983,1009.6790358197488,1.751730334673017,0
2022-10-05,AWS_03_Chennai,26.89882936510409,78.2902740448922,1008.9081757180098,0.2884596852572376,0
2022-10-06,AWS_03_Chennai,27.738386454675915,84.9448385084115,1008.8463808530884,1.360942293484318,0
2022-10-07,AWS_03_Chennai,27.705083283111595,74.88220478798559,1009.6117011747228,2.7090242061662297,0
2022-10-08,AWS_03_Chennai,29.555455158929465,69.10749766673213,1008.7533573158966,2.110239533694382,0
2022-10-09,AWS_03_Chennai,29.694637951162207,72.83111351550998,1009.0307097076133,2.097203617694119,0
2022-10-10,AWS_03_Chennai,29.993304142740115,71.40693446046096,1008.5645160826056,1.094235431018168,0
2022-10-11,AWS_03_Chennai,29.5047427245371,75.76050450968594,1009.873619116972,3.321114144928214,0
2022-10-12,AWS_03_Chennai,26.06591022717201,74.59104145413015,1009.5616421794748,1.330480946662664,0
2022-10-13,AWS_03_Chennai,26.66709835836608,70.20004272828182,1008.967809632222,3.742762214946529,0
2022-10-14,AWS_03_Chennai,29.146412666040263,70.6906182431923,1008.8520774487198,1.1862142976746124,0
2022-10-15,AWS_03_Chennai,29.604215213275204,71.97703055550949,1009.0439524279784,1.0577250806070804,0
2022-10-16,AWS_03_Chennai,31.437569163148265,72.20583069325335,1008.9993288353847,0.3772239149681604,0
2022-10-17,AWS_03_Chennai,29.77327456057736,72.66465746671152,1008.304330599594,1.1804836165282415,0
2022-10-18,AWS_03_Chennai,28.291678017510616,72.80581696051647,1009.6288640725288,0.2272547361001506,0
2022-10-19,AWS_03_Chennai,30.84734917791573,76.23241565820405,1008.9843180772876,3.056760894440856,0
2022-10-20,AWS_03_Chennai,29.926174968975516,71.20863028623985,1010.0579774131688,1.6900172130319262,0
2022-10-21,AWS_03_Chennai,29.44634243670609,70.6367333259174,1009.3311957394976,7.585517267727875,0
2022-10-22,AWS_03_Chennai,27.72429032104359,68.12209202666536,1007.8717822172893,0.1449273081998977,0
2022-10-23,AWS_03_Chennai,30.370098800909663,71.33866458382367,1008.504104907917,0.4129836523274718,0
2022-10-24,AWS_03_Chennai,30.68100956365392,72.65154514233284,1008.0850298712076,3.145291831896288,0
2022-10-25,AWS_03_Chennai,28.938334914000908,66.58430508834049,1008.52471999647,0.7544203631908268,0
2022-10-26,AWS_03_Chennai,31.643141907085948,70.60390725344757,1008.3691715373,0.9418904970335454,0
2022-10-27,AWS_03_Chennai,31.602102589712857,74.98767253411161,1009.3270220058864,2.9561701040548822,0
2022-10-28,AWS_03_Chennai,30.78580209718329,73.32834049664521,1009.0579946362776,1.106662188866476,0
2022-10-29,AWS_03_Chennai,30.821739589861075,72.38142578101836,1009.6021349391276,0.3225321554035893,0
2022-10-30,AWS_03_Chennai,32.31410307056368,73.00357496283377,1009.2291667983744,3.338854405694491,0
2022-10-31,AWS_03_Chennai,31.536375286614632,69.29878087907368,1009.1449327564684,0.0473314470529734,0
2022-11-01,AWS_03_Chennai,30.020845299348,68.78026934525472,1010.284075558083,3.386364068704281,0
2022-11-02,AWS_03_Chennai,30.86599382645401,74.5991046730755,1009.411777133874,0.0777615771038204,0
2022-11-03,AWS_03_Chennai,32.08504102684,73.15289557302678,1009.2785074299798,1.6442450752290378,0
2022-11-04,AWS_03_Chennai,28.28762323344418,68.31304144185033,1008.9109382872344,0.1115671647396594,0
2022-11-05,AWS_03_Chennai,30.02416468296628,64.80188977943175,1008.7690901355604,1.8373503243546767,0
2022-11-06,AWS_03_Chennai,32.528995541278675,68.1490679655321,1009.7621723911813,0.05184263572376,0
2022-11-07,AWS_03_Chennai,33.40240189275966,71.84515536715041,1009.752625822568,2.772092191861517,0
2022-11-08,AWS_03_Chennai,33.20289151801437,68.13012836168052,1010.203898055961,0.9408817270870052,0
2022-11-09,AWS_03_Chennai,33.09240340628315,70.98691884851958,1009.67886409451,0.1471701136779241,0
2022-11-10,AWS_03_Chennai,32.02711232631632,74.14931628528448,1009.2646189275124,1.840449946682472,0
2022-11-11,AWS_03_Chennai,30.368038860740743,69.50572679959107,1009.738893522428,1.007930509431832,0
2022-11-12,AWS_03_Chennai,31.69419731092587,70.38303727524034,1009.4659055235048,0.3178397230310005,0
2022-11-13,AWS_03_Chennai,29.07578515835135,71.63379325712518,1009.9618585211088,0.0236947259721581,0
2022-11-14,AWS_03_Chennai,34.09202445877396,66.23236011907362,1010.2198778368344,0.8119227616392937,0
2022-11-15,AWS_03_Chennai,30.98949564130348,67.0606325316106,1009.4924085822444,0.1342787011889127,0
2022-11-16,AWS_03_Chennai,31.48802167622296,71.46109639136695,1010.479738165804,0.1483549430873447,0
2022-11-17,AWS_03_Chennai,33.947573727572255,69.29804236349881,1010.2200680993634,0.4665889000200294,0
2022-11-18,AWS_03_Chennai,30.00801768835432,69.45866499890343,1009.6599549320496,1.4932375234344863,0
2022-11-19,AWS_03_Chennai,30.71485447118926,69.1012462739355,1010.0121024010444,1.1322486117173272,0
2022-11-20,AWS_03_Chennai,32.96858256770235,71.84604783759968,1009.85548932142,0.1072235541341717,0
2022-11-21,AWS_03_Chennai,33.413510129596204,70.12988524535571,1009.7401323946218,5.183382587911968,0
2022-11-22,AWS_03_Chennai,32.59032942930113,70.08261944379593,1010.7124790313547,3.272792088595794,0
2022-11-23,AWS_03_Chennai,32.70280498430902,72.31802160105013,1010.0418484902652,0.4500885017034023,0
2022-11-24,AWS_03_Chennai,34.72613470183859,73.38829787956149,1009.390062445763,0.1957415723144978,0
2022-11-25,AWS_03_Chennai,33.83875422864028,75.2184064232384,1009.324414614628,4.281423671822323,0
2022-11-26,AWS_03_Chennai,33.695292936336635,66.67157486949375,1009.3730480271915,0.9274541721203996,0
2022-11-27,AWS_03_Chennai,34.16480437022204,75.73977606731732,1010.139881624124,0.559134549699275,0
2022-11-28,AWS_03_Chennai,32.60676381209577,64.96614887079619,1009.753232820764,1.0110702443065405,0
2022-11-29,AWS_03_Chennai,36.37221362282239,73.9891220403189,1010.1198156435752,2.2225181695260865,0
2022-11-30,AWS_03_Chennai,29.70446881783524,66.21043229681392,1010.4508562547765,0.2765790665194375,0
2022-12-01,AWS_03_Chennai,35.40441787225784,67.83646549661285,1011.0268056648962,2.188270700587826,0
2022-12-02,AWS_03_Chennai,34.62092178631999,68.03204715788182,1009.8832957029242,2.0761259363972613,0
2022-12-03,AWS_03_Chennai,33.68885610653111,65.31052277824284,1009.3686241545278,1.1626692696324177,0
2022-12-04,AWS_03_Chennai,33.483555015518704,68.10880722811383,1010.9997423491844,3.0131088321952384,0
2022-12-05,AWS_03_Chennai,33.175680159085644,65.34197219743201,1009.4058984037396,0.2125931402838217,0
2022-12-06,AWS_03_Chennai,35.10807120598213,64.02462861527188,1009.4173984410476,1.357577466545259,0
2022-12-07,AWS_03_Chennai,33.43538901860389,67.55691479478301,1011.0802491515716,0.8949648953201899,0
2022-12-08,AWS_03_Chennai,32.444010183758294,72.3885142800049,1010.7617889513816,0.8230303853837859,0
2022-12-09,AWS_03_Chennai,34.92782279640157,66.80480949172367,1010.5029710848318,0.4366540166249946,0
2022-12-10,AWS_03_Chennai,35.98935704696867,70.34011915161746,1010.2676872569206,0.6984907876304486,0
2022-12-11,AWS_03_Chennai,30.75715022045895,64.93246258174976,1010.2053521921142,0.1716872545213474,0
2022-12-12,AWS_03_Chennai,37.21756426461193,63.57366976348781,1010.032047664118,0.4347244619993078,0
2022-12-13,AWS_03_Chennai,32.15916850808792,68.7425598650229,1010.2486359635496,0.4761094545866142,0
2022-12-14,AWS_03_Chennai,32.3044637153572,72.60695564846404,1010.3993274437236,1.9130306489410789,0
2022-12-15,AWS_03_Chennai,31.906519885485974,67.92839073676626,1009.768858738962,0.0746528868636507,0
2022-12-16,AWS_03_Chennai,33.8023604603286,69.745159830769,1010.0791791517812,1.579851802306022,0
2022-12-17,AWS_03_Chennai,31.907022883844757,71.71657281552582,1009.466695343556,0.3754058573916706,0
2022-12-18,AWS_03_Chennai,32.11299709776684,67.08989269289602,1010.5951207000418,0.1281105520885472,0
2022-12-19,AWS_03_Chennai,32.83961540842606,66.71388951528093,1010.6288416008048,0.5367408994510172,0
2022-12-20,AWS_03_Chennai,34.100437147999514,68.55926020494789,1011.512804298446,0.3813184685389692,0
2022-12-21,AWS_03_Chennai,34.26360103898762,69.06829646430603,1010.8451911726532,1.204551475017358,0
2022-12-22,AWS_03_Chennai,35.78993191309731,62.89889340864079,1010.4133613252138,0.663294168808154,0
2022-12-23,AWS_03_Chennai,35.7704178725857,67.96291726175447,1010.6252649549236,5.071816086729863,0
2022-12-24,AWS_03_Chennai,35.49340930589285,67.0559659920085,1011.0029950664568,4.967704244908574,0
2022-12-25,AWS_03_Chennai,33.57559916287054,64.67407692337689,1010.9076029183776,0.8797125148712713,0
2022-12-26,AWS_03_Chennai,31.21601638261276,66.82018342999007,1011.1172133621308,2.377758042369696,0
2022-12-27,AWS_03_Chennai,31.190810234383527,63.52298306195914,1011.0509175331644,0.020036031662673,0
2022-12-28,AWS_03_Chennai,35.51859571189557,62.47788228007115,1010.7704385329586,1.1904845070793515,0
2022-12-29,AWS_03_Chennai,35.262076111999285,67.20528554300544,1010.663260131218,2.039765950126477,0
2022-12-30,AWS_03_Chennai,33.07405434158863,69.7074163565138,1010.6707921857084,0.3668251148425038,0
2022-12-31,AWS_03_Chennai,31.83889562305384,65.95812778553993,1010.537364357689,0.0946840940313749,0
2023-01-01,AWS_03_Chennai,32.42838450050106,64.11899749490405,1010.4933670704244,0.2542601122413704,0
2023-01-02,AWS_03_Chennai,34.25848585773752,64.58884443731837,1011.9880751886768,0.8746861626670299,0
2023-01-03,AWS_03_Chennai,34.25684239751326,68.65749902299184,1011.1655944102696,1.0589578626970344,0
2023-01-04,AWS_03_Chennai,35.54957874153002,72.02111321137511,1011.0599541280504,0.7191966558937957,0
2023-01-05,AWS_03_Chennai,33.30225736379641,69.34098317480502,1010.9239874393884,0.8696574776744039,0
2023-01-06,AWS_03_Chennai,33.60197087671666,70.9450091384535,1011.4206429495604,0.9529825361232784,0
2023-01-07,AWS_03_Chennai,35.6444742936961,63.91513912702757,1011.8422480328268,2.200844500968602,0
2023-01-08,AWS_03_Chennai,30.755552360711885,66.8539506327378,1011.6361897823544,0.1668028116307143,0
2023-01-09,AWS_03_Chennai,34.404315414357725,70.15189122596364,1011.7694121849844,2.1976847453479698,0
2023-01-10,AWS_03_Chennai,33.40997747258846,62.92070640226982,1011.049321897271,1.7501470490840791,0
2023-01-11,AWS_03_Chennai,34.96189330363862,65.16787551217675,1011.3743887987948,2.0302227983385457,0
2023-01-12,AWS_03_Chennai,34.641350384093506,69.99613683138928,1011.1235199438078,1.9890320572094369,0
2023-01-13,AWS_03_Chennai,32.80592272695867,67.97476105430749,1011.49735872541,0.953993294886021,0
2023-01-14,AWS_03_Chennai,33.06559802657923,64.33586678808834,1012.113641036041,0.3562444373621665,0
2023-01-15,AWS_03_Chennai,30.34812374331014,62.37275326953706,1011.7304085126844,1.1538405650095185,0
2023-01-16,AWS_03_Chennai,34.89884171211762,71.31347292446182,1012.3572734980664,4.754487685412777,0
2023-01-17,AWS_03_Chennai,34.10457186022718,61.17996534253692,1011.432703060536,1.3320130050463943,0
2023-01-18,AWS_03_Chennai,35.81203398755996,69.27816493106774,1011.2063619223042,0.0166629271106887,0
2023-01-19,AWS_03_Chennai,33.08282646421563,65.8249646692313,1011.898603566732,0.0923518544961611,0
2023-01-20,AWS_03_Chennai,35.01940730154912,70.61066640898727,1011.7344749807996,7.413785272732037,0
2023-01-21,AWS_03_Chennai,32.00731862753268,64.3906115060681,1011.868703370935,0.1119986179840989,0
2023-01-22,AWS_03_Chennai,29.5176637716306,75.41126551485992,1011.8260591672646,0.0707084193413666,0
2023-01-23,AWS_03_Chennai,33.394066382491275,68.82578017634124,1011.5291096258117,0.6531697436782208,3
2023-01-24,AWS_03_Chennai,32.71182976369085,69.37429335021848,1011.9008440022968,5.226079722799,3
2023-01-25,AWS_03_Chennai,32.01000701869327,65.41031734095345,1012.3210724731392,0.5755741094389828,3
2023-01-26,AWS_03_Chennai,34.956168195021235,67.38784552434845,1012.403605039052,0.79115455952556,3
2023-01-27,AWS_03_Chennai,35.44254825609754,67.5263040095774,1011.651700383888,1.5079987762494906,3
2023-01-28,AWS_03_Chennai,33.80788898158696,73.29964001548194,1012.042603507671,0.0366109329130322,3
2023-01-29,AWS_03_Chennai,33.39398190377808,69.17804963667625,1012.6960232216724,3.4207009205249763,3
2023-01-30,AWS_03_Chennai,33.77826556360012,69.67477400443683,1011.7536057257902,1.0992142015588384,3
2023-01-31,AWS_03_Chennai,32.7197100628153,69.71025850233363,1011.692618687988,0.9433187171367649,3
2023-02-01,AWS_03_Chennai,34.55635904925047,70.06921252844332,1012.4440326967156,2.9569752267835865,3
2023-02-02,AWS_03_Chennai,31.415257911553205,64.08810717193337,1012.3854899465668,4.588857850889154,3
2023-02-03,AWS_03_Chennai,32.125050771719465,74.47935814940158,1011.6863825854692,0.8259753811425885,3
2023-02-04,AWS_03_Chennai,32.556646307585126,65.7761502373547,1011.4336732141036,0.283912456492097,3
2023-02-05,AWS_03_Chennai,34.56297637418827,68.372418244927,1012.2673785980558,2.536861071013642,3
2023-02-06,AWS_03_Chennai,33.3031663187654,73.16302499790231,1011.9801548249892,0.7744117158190302,3
2023-02-07,AWS_03_Chennai,35.80201524576749,74.4553030185949,1011.374915612916,4.1126945152280925,3
2023-02-08,AWS_03_Chennai,34.969511923296814,71.15402140977791,1011.9004922349576,4.490570982423449,3
2023-02-09,AWS_03_Chennai,32.564633076984805,67.30866325477004,1012.5721695092976,0.1829617022044524,3
2023-02-10,AWS_03_Chennai,34.716824237562584,69.2943695895467,1012.2215537666144,4.704353609168022,3
2023-02-11,AWS_03_Chennai,33.153314531666055,69.50229062768702,1013.1063212589938,0.6889405597088879,3
2023-02-12,AWS_03_Chennai,34.47306219988792,69.70056053990255,1011.3052685324564,1.5587579206532167,3
2023-02-13,AWS_03_Chennai,35.03730339400085,65.49698071961409,1013.043101720191,0.0530523427715269,3
2023-02-14,AWS_03_Chennai,35.42677888564351,73.06294150884278,1012.2269649642202,3.295774567429792,3
2023-02-15,AWS_03_Chennai,34.051530533105144,69.78354713446008,1012.1791025765854,1.5391472194565925,3
2023-02-16,AWS_03_Chennai,36.14122585917816,67.3119565872064,1011.6716911582675,1.5473607499300028,3
2023-02-17,AWS_03_Chennai,34.394326935038706,68.08390242438416,1012.7033749704992,3.486880452952992,3
2023-02-18,AWS_03_Chennai,33.9250439603055,70.49070692281184,1011.5805631783963,1.0649736774397949,3
2023-02-19,AWS_03_Chennai,33.25762239378237,65.57608808429508,1012.925563439256,0.7927631809941318,3
2023-02-20,AWS_03_Chennai,32.75219966869328,72.52530985208566,1011.782147621247,3.0163151684014755,3
2023-02-21,AWS_03_Chennai,34.315622360337365,70.70090632334725,1011.8827387220232,2.034640372128427,3
2023-02-22,AWS_03_Chennai,33.82245486308233,74.80197764092847,1011.9862840051724,4.463178903765473,3
2023-02-23,AWS_03_Chennai,31.980323887387083,70.44730384815638,1012.2447471926528,4.223166507514426,0
2023-02-24,AWS_03_Chennai,32.22690778310465,67.0698107916164,1013.0941160885644,0.7226921028235231,0
2023-02-25,AWS_03_Chennai,31.806355973365296,66.8446520888337,1013.3949313734156,0.8885587289691637,0
2023-02-26,AWS_03_Chennai,34.35604773033405,69.37974366500636,1012.3560444782617,0.4435410314310661,0
2023-02-27,AWS_03_Chennai,30.45781959766868,69.81226313488756,1012.657955260616,1.6210755533159602,0
2023-02-28,AWS_03_Chennai,31.810906268033797,69.08159318688828,1012.9445928375914,0.6801138497394579,0
2023-03-01,AWS_03_Chennai,30.73268864899743,71.28647030172792,1012.5528717346848,2.3133745287631653,0
2023-03-02,AWS_03_Chennai,27.292871563080222,69.24196260708553,1012.9602915231056,0.1943957312455798,0
2023-03-03,AWS_03_Chennai,30.60483721626464,71.90255574918298,1012.7497436745364,0.1856310513031067,0
2023-03-04,AWS_03_Chennai,29.3994097190702,69.69918101573117,1012.6414050805084,0.3430925160785672,0
2023-03-05,AWS_03_Chennai,30.612199535333207,73.27853349174528,1012.074054845468,0.132086922306278,0
2023-03-06,AWS_03_Chennai,30.580303609738827,70.57649376422101,1012.8737833382668,1.45150081173272,0
2023-03-07,AWS_03_Chennai,31.104642056685545,75.36981305043358,1013.2932154779292,0.2391140643781417,0
2023-03-08,AWS_03_Chennai,29.63728530718573,73.71347827248898,1012.4391170525004,0.2614638633710068,0
2023-03-09,AWS_03_Chennai,29.73014332357932,72.46371242318881,1011.8578072583384,0.0214956230997653,0
2023-03-10,AWS_03_Chennai,31.293358767957734,71.38721048175651,1012.6953080460108,2.2855098188726903,0
2023-03-11,AWS_03_Chennai,28.93260163877707,67.58138491334913,1013.6225597800496,2.509333980428108,0
2023-03-12,AWS_03_Chennai,27.291745128943194,76.50808206067892,1013.4856870836276,0.2651458930441063,0
2023-03-13,AWS_03_Chennai,30.1875995436616,70.35493208705226,1012.600961671963,2.0178693296383527,0
2023-03-14,AWS_03_Chennai,31.460375087602053,72.80006044820709,1013.1298705350852,0.8525367813224163,0
2023-03-15,AWS_03_Chennai,30.78937272727042,73.69061028554086,1013.2192426097592,0.410855908488029,0
2023-03-16,AWS_03_Chennai,29.91980813188027,72.24068953648607,1013.6674286284896,1.456851579275105,0
2023-03-17,AWS_03_Chennai,31.433038797441963,76.98770878651568,1012.1561887272096,0.2949059334406371,0
2023-03-18,AWS_03_Chennai,49.4681449728419,69.39308947100626,1012.4057137283884,2.121322454196891,1
2023-03-19,AWS_03_Chennai,28.860322321456135,78.3928789368957,1011.9433232297266,0.0731792296898332,0
2023-03-20,AWS_03_Chennai,29.627170468283897,75.34015550482056,1012.6164920838388,4.796072712574882,0
2023-03-21,AWS_03_Chennai,29.59039982577964,72.72112558372994,1013.4957657242776,0.1118836955208055,0
2023-03-22,AWS_03_Chennai,28.923062999414714,72.89005809483471,1012.6890880535263,1.2992822127140395,0
2023-03-23,AWS_03_Chennai,30.65272766692963,67.0810604074634,1012.3206044198778,3.4871584806582523,0
2023-03-24,AWS_03_Chennai,28.6210311212071,71.32297932775936,1013.0931831989158,0.0179638416885629,0
2023-03-25,AWS_03_Chennai,27.99645724681324,72.94245462386655,1013.1106288372296,1.035270761201394,0
2023-03-26,AWS_03_Chennai,24.756976193922245,74.66926415477943,1012.4799110873122,0.646190445710964,0
2023-03-27,AWS_03_Chennai,27.34405383662568,78.05673085310835,1012.738815038702,1.302437714759601,0
2023-03-28,AWS_03_Chennai,26.46544391618332,80.52787583530223,1013.0699382065392,0.3832239004307141,0
2023-03-29,AWS_03_Chennai,28.274907713703968,75.36946537560289,1013.3698640906572,0.1006514496679412,0
2023-03-30,AWS_03_Chennai,26.35179980965892,75.30704968929149,1012.6740637957348,1.4749806776029943,0
2023-03-31,AWS_03_Chennai,29.042123697120687,73.35681591797461,1012.6030488306044,0.8089642975656923,0
2023-04-01,AWS_03_Chennai,29.68847764209853,69.82027126366143,1013.9562588241884,1.4612196044457375,0
2023-04-02,AWS_03_Chennai,27.87580308566777,73.28592278998443,1012.8628202019372,0.354607546286361,0
2023-04-03,AWS_03_Chennai,26.34325159652294,74.6244591995372,1013.1238097134816,0.6204151244581899,0
2023-04-04,AWS_03_Chennai,28.14567223433771,78.30475436857495,1013.321941909368,1.237213817259783,0
2023-04-05,AWS_03_Chennai,30.453161890436142,77.07461119034038,1012.1023913041568,1.3488288428382835,0
2023-04-06,AWS_03_Chennai,29.883662572004305,76.31804683434656,1012.9840543226592,0.6985747866969845,0
2023-04-07,AWS_03_Chennai,25.297961127746635,74.04816082939521,1012.1673524798646,0.492866949588289,0
2023-04-08,AWS_03_Chennai,25.13962056722464,69.98112654963161,1012.9211249741512,0.4796894896146432,0
2023-04-09,AWS_03_Chennai,24.6526071010949,70.2988495060756,1013.6687900789052,0.2880113047696375,0
2023-04-10,AWS_03_Chennai,25.3941984293066,71.20923378593119,1012.4781210171036,0.5904640685101759,0
2023-04-11,AWS_03_Chennai,27.37507895014023,75.4603929754028,1012.1386867050536,0.3336663257578044,0
2023-04-12,AWS_03_Chennai,26.06096847729903,79.4541201264154,1013.9096959923932,1.5069265772426883,0
2023-04-13,AWS_03_Chennai,25.536651615389275,79.50832115092774,1012.38569879559,1.262703973978881,0
2023-04-14,AWS_03_Chennai,28.25232526889549,79.12293312940456,1012.2027316026512,0.7233300972420531,0
2023-04-15,AWS_03_Chennai,27.38819134120898,75.33064466600916,1013.7537521779532,0.5914095058909441,0
2023-04-16,AWS_03_Chennai,23.935805675960367,80.44231000942987,1012.3426406051497,0.4069538286966012,0
2023-04-17,AWS_03_Chennai,27.865701180341407,74.34930271242786,1013.7493982019926,1.1500559551404128,0
2023-04-18,AWS_03_Chennai,27.05289696000704,79.83505381482466,1013.05448104806,3.7681596061278064,0
2023-04-19,AWS_03_Chennai,26.987476041231552,72.38282950172118,1013.5493405315976,1.7361255656238703,0
2023-04-20,AWS_03_Chennai,25.241141232569507,74.00619357705119,1012.989756328072,2.0462986871776576,0
2023-04-21,AWS_03_Chennai,25.718231056798544,82.62559541425719,1013.4253734691453,2.6970695585881157,0
2023-04-22,AWS_03_Chennai,22.943032976196957,77.1856758005222,1012.4145382813005,0.6499521427210465,0
2023-04-23,AWS_03_Chennai,27.106144867818323,75.8828706097288,1012.5546464800642,0.0974091536228225,0
2023-04-24,AWS_03_Chennai,24.21147416144808,81.36178988813023,1011.790825708839,1.461510739222479,0
2023-04-25,AWS_03_Chennai,24.30879956766375,81.83245738493225,1013.3210579909976,0.3136248399273248,0
2023-04-26,AWS_03_Chennai,24.194116411763,77.00638643796557,1013.030993931846,1.2626227051487882,0
2023-04-27,AWS_03_Chennai,28.12725004788083,79.26652586212629,1012.3030492919848,2.0177875519694264,0
2023-04-28,AWS_03_Chennai,24.33067483422889,78.96574770105835,1011.9172275573108,2.2962056169928973,0
2023-04-29,AWS_03_Chennai,26.654993973602963,70.19655759342683,1012.9170212195716,0.5389585740395169,0
2023-04-30,AWS_03_Chennai,25.114305410273527,74.61202834024522,1013.5980016753332,1.077492058635099,0
2023-05-01,AWS_03_Chennai,23.816163431272425,81.74699257397872,1012.6744321761274,1.4551904758270455,0
2023-05-02,AWS_03_Chennai,23.45463359175133,76.5418756906439,1012.3970612368388,2.567876552894615,0
2023-05-03,AWS_03_Chennai,23.93825299584092,80.74746418543933,1012.2401071994256,2.149378896899794,0
2023-05-04,AWS_03_Chennai,24.682072540150315,80.06410182028442,1013.3151724685893,6.631191233777054,0
2023-05-05,AWS_03_Chennai,25.609547909873942,83.0370419766614,1012.282227046632,0.0121763021187577,2
2023-05-06,AWS_03_Chennai,25.609547909873942,75.41383132897579,1012.467118847439,0.8630180599213129,2
2023-05-07,AWS_03_Chennai,25.609547909873942,80.80095045529758,1013.1539435568512,0.4436610591795744,2
2023-05-08,AWS_03_Chennai,25.609547909873942,79.53384818450229,1012.93170069506,0.1915683418145046,2
2023-05-09,AWS_03_Chennai,22.57860036991657,77.47112553516595,1012.425911062572,3.637388912397368,0
2023-05-10,AWS_03_Chennai,22.371435050796585,77.55898199526231,1012.2218112395328,9.293728164524191,0
2023-05-11,AWS_03_Chennai,25.68942290978531,80.73926993197577,1013.2825572276068,0.2987674289810662,0
2023-05-12,AWS_03_Chennai,23.334652693691392,82.05179541899177,1011.969592388028,0.0587871631426515,0
2023-05-13,AWS_03_Chennai,23.389176642478056,80.45800152521728,1012.4001910625004,0.4824880907948897,0
2023-05-14,AWS_03_Chennai,22.97252138012353,80.65422241611209,1011.729505778026,2.701459942275233,0
2023-05-15,AWS_03_Chennai,23.4211990353609,78.97587216088881,1013.0535486971417,0.5219765461318036,0
2023-05-16,AWS_03_Chennai,24.37835390790392,79.2744523536258,1012.1979108894104,0.0878767908808988,0
2023-05-17,AWS_03_Chennai,23.017918698658807,78.29160235104199,1012.0613543208564,0.0808801394002345,0
2023-05-18,AWS_03_Chennai,23.94710693382269,79.20953224134581,1012.7173936864664,0.8364115644321406,0
2023-05-19,AWS_03_Chennai,25.732348304564987,82.64397934841362,1011.6487891333028,4.028531934406621,0
2023-05-20,AWS_03_Chennai,22.305880336491025,83.07204839227242,1012.6538184190364,0.5051413448624604,0
2023-05-21,AWS_03_Chennai,22.807837710578607,77.21631966516303,1012.1300413183844,0.83571717691069,0
2023-05-22,AWS_03_Chennai,24.36163748831676,78.44396052855649,1011.6814598190832,0.1612672500213592,0
2023-05-23,AWS_03_Chennai,25.58036136893113,79.08958310478144,1011.7623941440607,1.020562025734791,0
2023-05-24,AWS_03_Chennai,21.406704248202544,81.11432986134496,1011.8884691501456,1.7887931284335266,0
2023-05-25,AWS_03_Chennai,20.656117725410063,76.34077656498171,1011.981226288718,0.4744317375093062,0
2023-05-26,AWS_03_Chennai,23.14498850744188,78.83541481178455,1011.5763074676644,0.5279817225544337,0
2023-05-27,AWS_03_Chennai,22.930095334533814,77.39537455427842,1012.2948025305926,2.767503287096301,0
2023-05-28,AWS_03_Chennai,24.077633421202123,82.83160710002639,1011.5068175328424,0.015626699505511,0
2023-05-29,AWS_03_Chennai,23.791662288624877,81.6172128147454,1010.907919650512,1.517843105324582,0
2023-05-30,AWS_03_Chennai,22.863809623831603,80.39268480681554,1013.0212699107228,0.751027409471527,0
2023-05-31,AWS_03_Chennai,24.434516304644166,78.66257612490396,1012.1310885565812,0.5315460960369189,0
2023-06-01,AWS_03_Chennai,21.786629991541776,80.58116868103806,1013.0072294227144,4.822909297066594,0
2023-06-02,AWS_03_Chennai,23.07452856644865,80.29638048161489,1011.4507157392038,8.099112876707334,0
2023-06-03,AWS_03_Chennai,20.8841510070434,86.96038385720644,1012.1822163724916,3.677998192479069,0
2023-06-04,AWS_03_Chennai,22.596642127128963,85.11127974622272,1012.3591177364484,0.1421474441552656,0
2023-06-05,AWS_03_Chennai,20.42184218098455,80.1098233704871,1011.7863644396144,2.784529393072927,0
2023-06-06,AWS_03_Chennai,20.895075540187165,82.73713154198855,1011.1277756921496,2.7958961111550726,0
2023-06-07,AWS_03_Chennai,25.08992920841052,85.13162400352381,1011.6864713505202,3.531693013727933,0
2023-06-08,AWS_03_Chennai,19.74747782990498,80.28124519586001,1012.1003790198612,5.002076768303056,0
2023-06-09,AWS_03_Chennai,22.11947379371476,78.15606599463098,1012.0495261553584,0.0877834911264035,0
2023-06-10,AWS_03_Chennai,23.64708740503992,77.06773814259823,1011.7226131552304,3.1373124861559862,0
2023-06-11,AWS_03_Chennai,25.70176902208896,86.32381989367074,1012.1398685969272,3.993656498305119,0
2023-06-12,AWS_03_Chennai,22.600487509643877,81.98031292626384,1012.0838600251952,1.892741778332624,0
2023-06-13,AWS_03_Chennai,22.65302313234545,83.47171844095554,1011.364380281842,4.966744480602968,0
2023-06-14,AWS_03_Chennai,22.32972754349009,80.91702191288486,1010.8332158111178,1.165504315470559,0
2023-06-15,AWS_03_Chennai,23.82625546906777,78.87576476180891,1011.655678304404,1.7181257023778356,0
2023-06-16,AWS_03_Chennai,22.85987029370939,79.47301093101265,1011.154012202446,14.806111047646676,0
2023-06-17,AWS_03_Chennai,21.32330936546424,78.72897422891742,1011.5659186614116,1.925183941420718,0
2023-06-18,AWS_03_Chennai,23.83455751374352,85.33492994127272,1012.1333762672372,1.9143634670336829,0
2023-06-19,AWS_03_Chennai,21.445082969565167,87.2931914172136,1011.6457878388152,4.074975935628653,0
2023-06-20,AWS_03_Chennai,19.719440857704207,82.95548517031813,1012.041473634198,15.928241022677025,0
2023-06-21,AWS_03_Chennai,19.70475742520497,78.31627707058767,1010.8537932709428,18.35678376770268,0
2023-06-22,AWS_03_Chennai,21.778450183013035,84.38301603564008,1011.8693418952174,3.900089371169672,0
2023-06-23,AWS_03_Chennai,22.218677124834887,86.70946762674056,1012.1298973596656,0.0048942496775487,0
2023-06-24,AWS_03_Chennai,23.48337999017737,85.8484188616445,1011.2896573582592,10.391275117925789,0
2023-06-25,AWS_03_Chennai,22.998745135054584,82.86257949803444,1012.3843447110922,3.800356332629756,0
2023-06-26,AWS_03_Chennai,22.146648183322664,82.26072426943514,1010.76035789377,2.0506529673140768,0
2023-06-27,AWS_03_Chennai,23.53525871759844,82.86451039577094,1010.8353560235872,7.952550973415455,0
2023-06-28,AWS_03_Chennai,22.029993653115277,86.66123129070502,1011.4453943299458,2.2974589274775274,0
2023-06-29,AWS_03_Chennai,20.0698262602167,85.273689204282,1011.1132772384242,0.1558688332593537,0
2023-06-30,AWS_03_Chennai,19.7393216259706,81.84006218921418,1010.6801832140636,7.743478658972021,0
2023-07-01,AWS_03_Chennai,23.918253806710894,81.76695784555893,1011.3267660320852,3.5520679777538904,0
2023-07-02,AWS_03_Chennai,18.63237755819932,81.55461852670807,1011.1605567628887,1.857179572502268,0
2023-07-03,AWS_03_Chennai,21.70088912537318,79.80343528742718,1010.6552247812796,1.2999267720272942,0
2023-07-04,AWS_03_Chennai,26.47824555001916,87.048107628054,1011.0084813470132,4.054065189025415,0
2023-07-05,AWS_03_Chennai,22.699736959634595,80.62201303253555,1011.259086205584,1.0496540250675146,0
2023-07-06,AWS_03_Chennai,21.70517874973161,84.44683755640038,1010.540997648284,1.761037403613937,0
2023-07-07,AWS_03_Chennai,19.50017941553338,80.9798880643623,1011.069424405186,4.554267154388153,0
2023-07-08,AWS_03_Chennai,24.463576369582757,81.51830099738935,1010.343160371996,9.59947873959922,0
2023-07-09,AWS_03_Chennai,23.870677886645947,82.59177625902541,1010.4055914546076,3.4253604271798284,0
2023-07-10,AWS_03_Chennai,23.0913101446854,84.55024090626556,1011.2641952627704,6.405299683621482,0
2023-07-11,AWS_03_Chennai,22.079212803184834,82.11559181777682,1010.9812591206762,6.479778971822669,0
2023-07-12,AWS_03_Chennai,22.955762607770406,79.45205883533687,1009.697048074495,4.912641471603351,0
2023-07-13,AWS_03_Chennai,21.894253449924427,82.90099727613037,1010.4195419078916,1.2696683746349595,0
2023-07-14,AWS_03_Chennai,20.67847767761041,80.51549254464256,1010.8178065564168,9.071180662799769,0
2023-07-15,AWS_03_Chennai,55.77356992471927,87.41646161860969,1010.6088214681328,2.5793545414312278,1
2023-07-16,AWS_03_Chennai,22.10995306078025,81.97224509837748,1010.81505776163,0.2034802515570726,0
2023-07-17,AWS_03_Chennai,22.995230892840723,80.71300539131654,1010.5306598444351,1.2623608867828686,0
2023-07-18,AWS_03_Chennai,46.666458132689854,88.60386391623798,1010.373239812862,6.527276609436369,1
2023-07-19,AWS_03_Chennai,22.96292854393873,84.85640314616946,1010.3249932935344,0.3223765341486046,0
2023-07-20,AWS_03_Chennai,22.279953847264785,79.9074204009188,1010.9193755749257,0.7174036053773682,0
2023-07-21,AWS_03_Chennai,22.196050168860488,80.18075789068378,1010.6886528287662,5.332102563465794,0
2023-07-22,AWS_03_Chennai,22.414720042771098,83.92956807719897,1010.5111472765312,10.040411025347591,0
2023-07-23,AWS_03_Chennai,26.84756925664749,82.58874260850081,1010.3209890879908,4.519754941092354,0
2023-07-24,AWS_03_Chennai,23.648061815809804,85.07792484571222,1009.970174723902,1.1313131849006477,0
2023-07-25,AWS_03_Chennai,26.36337105703762,80.36625885477413,1010.0594426146064,0.2470194057757548,0
2023-07-26,AWS_03_Chennai,22.51359783116336,84.40232543816126,1010.7136236445872,4.296783530705555,0
2023-07-27,AWS_03_Chennai,22.105253906604837,75.52668049580704,1010.6352505673292,0.2185141400440385,0
2023-07-28,AWS_03_Chennai,21.002244051231383,81.71862154049755,1009.7946762164512,4.268756842678762,0
2023-07-29,AWS_03_Chennai,25.06468133632578,80.26868317344521,1010.1381465368456,1.1503838016127197,0
2023-07-30,AWS_03_Chennai,21.34993448954122,80.69124433764456,1010.3069146459592,10.576190382941537,0
2023-07-31,AWS_03_Chennai,25.471498514413558,81.6818328905104,1010.244046791486,2.900400945187425,0
2023-08-01,AWS_03_Chennai,21.28387397766532,85.33796895368673,1010.21025771464,1.1408554054242837,0
2023-08-02,AWS_03_Chennai,24.19068382754262,78.39028832924488,1009.41183780878,8.63240278120593,0
2023-08-03,AWS_03_Chennai,20.52824323743254,75.21619836991265,1009.352797859402,1.3188470890780462,0
2023-08-04,AWS_03_Chennai,22.30738821630736,78.59207692840735,1010.4946164945992,1.647661112661976,0
2023-08-05,AWS_03_Chennai,23.060501771122464,84.69746849318051,1010.6353340746256,8.08849342879573,0
2023-08-06,AWS_03_Chennai,22.18967415643629,76.61714508686993,1009.1116948946697,1.661915387695438,0
2023-08-07,AWS_03_Chennai,22.891908130999376,79.75629303324494,1009.8105494270928,2.375596600112769,0
2023-08-08,AWS_03_Chennai,22.96050610431352,83.90896710752641,1010.2037772722168,1.9223913310645449,0
2023-08-09,AWS_03_Chennai,24.480569990061944,81.13115481688114,1008.6675415481934,0.5568802521103071,0
2023-08-10,AWS_03_Chennai,20.204289434678127,84.60689733833998,1009.2058054417688,0.1785260696048292,0
2023-08-11,AWS_03_Chennai,22.55566749215695,75.02858410405277,1009.6697920624632,5.801918843401021,0
2023-08-12,AWS_03_Chennai,25.348994637220358,80.0791192499884,1009.3910679575528,4.662107229301985,0
2023-08-13,AWS_03_Chennai,24.379096245746727,84.96436301803588,1009.7684440221456,1.4930805750098044,0
2023-08-14,AWS_03_Chennai,25.511964963509048,77.47930763451214,1010.3736941948878,1.5768344706635429,0
2023-08-15,AWS_03_Chennai,24.81418113483586,83.86976672659515,1009.1870387324694,13.052372602006084,0
2023-08-16,AWS_03_Chennai,22.122967269898524,79.96194227693519,1009.6139692254434,19.78115124601782,0
2023-08-17,AWS_03_Chennai,24.813088403098128,81.87339807994275,1009.3922481111508,2.8862114151113776,0
2023-08-18,AWS_03_Chennai,24.04677267039148,84.2653260940645,1009.6090675458636,7.297975790135462,0
2023-08-19,AWS_03_Chennai,27.374532252284297,81.65958811368452,1009.5204560378608,6.0048340703516505,0
2023-08-20,AWS_03_Chennai,25.25283736555332,78.49346399947629,1010.8132654445023,1.5878269043838324,0
2023-08-21,AWS_03_Chennai,24.912962432139103,81.84897316221209,1010.2170115038429,0.2715639306080303,0
2023-08-22,AWS_03_Chennai,25.211515927887877,78.07142775365577,1008.6597641569472,0.6920986863711478,0
2023-08-23,AWS_03_Chennai,24.99123989292492,80.76947178445619,1008.9786329083564,8.19889258894368,0
2023-08-24,AWS_03_Chennai,25.03236527372601,76.08491967891648,1009.0187056433303,5.912275883991804,0
2023-08-25,AWS_03_Chennai,24.05299127672315,79.8173755791455,1008.7699023652942,4.912385295669909,0
2023-08-26,AWS_03_Chennai,25.33945963121964,83.18621216728012,1008.6827424067136,0.6300365810749928,0
2023-08-27,AWS_03_Chennai,26.04379567475953,78.60889662650418,1009.2581083902048,4.596564290421533,0
2023-08-28,AWS_03_Chennai,53.40569790205153,82.6718149828257,1008.958305259157,6.655850972566002,1
2023-08-29,AWS_03_Chennai,26.2024398797194,88.55526905826054,1008.864105052061,8.866891500904302,0
2023-08-30,AWS_03_Chennai,27.143632596295014,79.07110855281049,1010.3015926490468,0.0599381659407562,0
2023-08-31,AWS_03_Chennai,26.654571856626767,80.88226490649811,1008.9382769335205,5.190829576753909,0
2023-09-01,AWS_03_Chennai,26.0026048725768,80.35081708607865,1009.0350034986748,0.0867706711561617,0
2023-09-02,AWS_03_Chennai,23.434802368102147,79.47491955405863,1009.6107038355492,1.840723184775278,0
2023-09-03,AWS_03_Chennai,23.526701079043747,81.04154998809352,1009.000621118704,1.514342617808065,0
2023-09-04,AWS_03_Chennai,48.65758649543911,77.81074032921893,1008.6254846633044,0.2408656880052017,1
2023-09-05,AWS_03_Chennai,25.49677890159667,76.44350320247625,1009.0643185434247,2.1794319058855742,0
2023-09-06,AWS_03_Chennai,27.617330650107466,73.72726054797171,1010.1831574512596,0.1061932721421678,0
2023-09-07,AWS_03_Chennai,21.445182785611355,77.15206703499997,1008.9241117027487,2.626491619646772,0
2023-09-08,AWS_03_Chennai,24.16005528428541,80.75781625753936,1008.6955351876989,0.4555733771818639,0
2023-09-09,AWS_03_Chennai,25.51433348731913,75.10638885439876,1009.3486673033486,1.7512292298046388,0
2023-09-10,AWS_03_Chennai,24.406828825543595,78.5372133316081,1008.9732800635792,3.8594139782654,0
2023-09-11,AWS_03_Chennai,24.80202631893548,77.2984206407527,1010.4839747770556,0.6228800917072878,0
2023-09-12,AWS_03_Chennai,25.34810912463721,75.67537593958505,1008.7098283641124,1.0484282291049878,0
2023-09-13,AWS_03_Chennai,24.77634235807459,71.84743747182554,1009.9595033668442,0.932965516722286,0
2023-09-14,AWS_03_Chennai,25.135208385190765,81.36343759561039,1009.66425914097,0.2572706858249632,0
2023-09-15,AWS_03_Chennai,28.43796301456863,78.69408603244753,1008.8823862513108,1.3385391152837436,0
2023-09-16,AWS_03_Chennai,27.41433712693405,85.00538399420634,1009.0623667866236,2.038029988765253,0
2023-09-17,AWS_03_Chennai,27.73896667969054,80.11417015843591,1008.5408236774696,3.7311115829233774,0
2023-09-18,AWS_03_Chennai,26.642476481433874,80.7634177791179,1008.7787581339236,2.8537275430405247,0
2023-09-19,AWS_03_Chennai,28.31131448822383,71.35906324797489,1008.846549701908,1.070084158687464,0
2023-09-20,AWS_03_Chennai,28.167707367013097,71.17148071957676,1009.1130736615452,1.904192489395618,0
2023-09-21,AWS_03_Chennai,27.895497118647825,76.46334918717473,1008.3217636370854,2.4200440066541384,0
2023-09-22,AWS_03_Chennai,26.11842152721892,72.75609691631328,1009.1783871547036,1.020313009043036,0
2023-09-23,AWS_03_Chennai,26.53885603821001,74.02025711174149,1008.9448376613648,0.1839763052307835,0
2023-09-24,AWS_03_Chennai,28.89158755052555,83.50626933713892,1009.2125402019716,0.8641953610129959,0
2023-09-25,AWS_03_Chennai,26.631978555426333,79.36018962490856,1009.2834426989208,2.772285585670855,0
2023-09-26,AWS_03_Chennai,25.577155423620777,72.84644453564799,1008.8937144745636,1.361893949648269,0
2023-09-27,AWS_03_Chennai,26.808922191158132,68.4177060548849,1009.2482645667149,1.933524870247584,0
2023-09-28,AWS_03_Chennai,30.055180193394087,72.3187590922673,1008.958652488117,0.3073441220475078,0
2023-09-29,AWS_03_Chennai,27.016723174331155,73.5693791099591,1009.3726439333392,5.000494624926208,0
2023-09-30,AWS_03_Chennai,28.414020411529982,74.13949136081985,1009.1582295908704,0.7764746064680548,0
2023-10-01,AWS_03_Chennai,27.10228934172029,71.12843294040019,1009.0905392711006,1.5903954837204473,0
2023-10-02,AWS_03_Chennai,29.27423491634538,78.21742299750261,1008.9492400079732,0.0285789124697483,0
2023-10-03,AWS_03_Chennai,29.037532471407577,72.55583937128785,1009.6494079339956,0.2042782456206012,0
2023-10-04,AWS_03_Chennai,26.098724828855573,76.4983970970033,1009.2057217723363,2.2851261447861546,0
2023-10-05,AWS_03_Chennai,28.84061876001744,74.57690122648845,1008.3446188172844,5.161597506372263,0
2023-10-06,AWS_03_Chennai,26.017629329238392,77.0934182850098,1008.7721866230736,0.5786158329282909,0
2023-10-07,AWS_03_Chennai,27.81318638384161,73.42718824135757,1008.8972717820488,0.0568343457969981,0
2023-10-08,AWS_03_Chennai,28.729724708372167,71.22920657293177,1009.0149940010112,0.6714631286963986,0
2023-10-09,AWS_03_Chennai,48.25029965558089,72.07191602595776,1009.1084886854384,0.0264337475846101,1
2023-10-10,AWS_03_Chennai,29.42822500826757,71.9780695761015,1008.5531927580736,0.3204826124234976,0
2023-10-11,AWS_03_Chennai,27.902559811634003,79.78939973135728,1008.9970534362884,2.0943474493131484,0
2023-10-12,AWS_03_Chennai,28.67889433805008,73.68990315975122,1008.8803263858292,4.14903702370093,0
2023-10-13,AWS_03_Chennai,30.64218303744205,73.33938127640724,1009.5866754383655,0.1372670956953499,0
2023-10-14,AWS_03_Chennai,28.226418850439774,75.83715413805933,1008.5542599349944,1.2243314096514937,0
2023-10-15,AWS_03_Chennai,31.10256607957785,73.05699265897012,1009.0511828562928,0.4393049517577803,0
2023-10-16,AWS_03_Chennai,28.772493865347705,76.28893458138471,1008.72582756852,0.2245941719781918,0
2023-10-17,AWS_03_Chennai,28.28360310531664,71.67499093311692,1010.0092383900152,0.3707322234354089,0
2023-10-18,AWS_03_Chennai,29.01909757244593,71.23827806369516,1009.7158371481428,1.293283006610661,0
2023-10-19,AWS_03_Chennai,27.429675360117574,69.58704355695595,1008.2767080097144,0.101028917779256,0
2023-10-20,AWS_03_Chennai,26.693187036545435,77.94740531245627,1008.7107003826028,0.8543212315347432,0
2023-10-21,AWS_03_Chennai,29.925621531025847,72.05795937536034,1009.55574953015,0.2179338273870341,0
2023-10-22,AWS_03_Chennai,30.045242615483414,68.61628671047052,1009.3609670663756,0.4775770208174885,0
2023-10-23,AWS_03_Chennai,30.62701096554781,72.6007239476139,1009.3578825241648,0.3174791047592202,0
2023-10-24,AWS_03_Chennai,30.20657142009637,69.93279477256337,1009.2534837774466,3.218057944427154,0
2023-10-25,AWS_03_Chennai,33.92643405631872,70.58779047875822,1009.6473439661632,1.8465604227307424,0
2023-10-26,AWS_03_Chennai,30.77921923968558,72.56345332881445,1009.5764606765936,3.042695845657833,0
2023-10-27,AWS_03_Chennai,28.555213107561475,76.06974586511379,1009.0554601908358,0.7254550104009126,0
2023-10-28,AWS_03_Chennai,29.03256094003995,71.68817844306069,1008.6164080571176,0.564034295125439,0
2023-10-29,AWS_03_Chennai,30.804612306971105,69.12801595137053,1008.3868323495168,0.718475007389272,0
2023-10-30,AWS_03_Chennai,30.2419065242296,69.62519353902758,1009.196397227093,0.0280835559337115,0
2023-10-31,AWS_03_Chennai,29.14235988769789,72.98923524947396,1008.3451364584188,1.934864094012185,0
2023-11-01,AWS_03_Chennai,30.985956348821247,65.0260059556118,1009.407970445286,0.6456493665541598,0
2023-11-02,AWS_03_Chennai,31.09612990778072,67.65533150197275,1009.1463500478862,0.5638386415150451,0
2023-11-03,AWS_03_Chennai,33.64330752418096,71.30491566334418,1010.2907187069618,1.3674812412419513,0
2023-11-04,AWS_03_Chennai,29.961970059259126,65.43185177461939,1009.5092233835144,0.8597163473294431,0
2023-11-05,AWS_03_Chennai,30.794862047288458,69.50050802106111,1009.342434303614,5.932659474689739,0
2023-11-06,AWS_03_Chennai,33.89471362541366,68.8908195040005,1008.56883702212,0.6606743307726782,0
2023-11-07,AWS_03_Chennai,32.081964798331406,72.84689825097968,1008.7661172809926,1.4274721606164829,0
2023-11-08,AWS_03_Chennai,30.288386316333277,69.35406179049261,1009.7587857576196,0.5601891725765927,0
2023-11-09,AWS_03_Chennai,30.680365161145108,73.55678956392718,1009.282859967364,6.9997675681519365,0
2023-11-10,AWS_03_Chennai,30.011258399757168,70.12662369330197,1010.728858220252,0.8834808717145128,0
2023-11-11,AWS_03_Chennai,32.027302916782766,75.11416142539811,1009.4418627356253,1.5082109246790103,0
2023-11-12,AWS_03_Chennai,33.535872365039225,65.51868992311039,1009.5905169646762,0.2032514323281543,0
2023-11-13,AWS_03_Chennai,34.51204064772862,74.43046221143041,1008.8707174633332,1.980895975601911,0
2023-11-14,AWS_03_Chennai,29.911617733055664,68.24523142536806,1010.0264277061658,0.4704438261033785,0
2023-11-15,AWS_03_Chennai,33.51884070048993,73.80162931032596,1009.1138263117284,0.8929782233333279,0
2023-11-16,AWS_03_Chennai,32.534509512958586,72.8383170113118,1009.863289386852,3.220078914350416,0
2023-11-17,AWS_03_Chennai,31.96674960135627,60.63141627950346,1010.031791122638,5.28772015141613,0
2023-11-18,AWS_03_Chennai,31.803951064199666,70.53089379893467,1009.6987093918682,0.8289620163451408,0
2023-11-19,AWS_03_Chennai,29.617560653385333,71.99424807878714,1010.5552162313342,2.700921851806965,0
2023-11-20,AWS_03_Chennai,33.523623495567016,72.89694414072716,1009.3973893421048,0.0822371702556392,0
2023-11-21,AWS_03_Chennai,30.654654343229964,65.29283576666842,1010.5669055047804,2.8216143630705632,0
2023-11-22,AWS_03_Chennai,31.57558689947581,70.50718786162619,1009.1204334938184,1.4893945420428405,0
2023-11-23,AWS_03_Chennai,33.388406605542826,69.23664816438,1010.1825605057096,1.0062162616541044,0
2023-11-24,AWS_03_Chennai,30.098614415323265,69.8628032062364,1009.7393398854329,3.310417521471887,0
2023-11-25,AWS_03_Chennai,30.90308564682725,71.48444071171332,1009.4843331575356,2.799762241883628,0
2023-11-26,AWS_03_Chennai,34.771532023260626,71.87874551211888,1009.0359571130516,0.5284804358726851,0
2023-11-27,AWS_03_Chennai,33.18442295039051,66.36432496099803,1009.7647948017064,2.351640778689845,0
2023-11-28,AWS_03_Chennai,32.06434717344214,69.05272569670171,1009.762082116833,0.1571925694525976,0
2023-11-29,AWS_03_Chennai,33.30145935806312,68.30678578282591,1010.039621896746,2.595409105603411,0
2023-11-30,AWS_03_Chennai,34.16998060159857,67.39425400607908,1010.3450656004512,1.6879994727687428,0
2023-12-01,AWS_03_Chennai,34.90468817293618,67.61195925171998,1009.6082158131272,0.1379530990306562,0
2023-12-02,AWS_03_Chennai,31.599107745165643,68.5642810485628,1010.9216661603537,1.723659675390607,0
2023-12-03,AWS_03_Chennai,31.77916648483656,66.1054902203251,1009.8036321020415,1.3031065585251165,0
2023-12-04,AWS_03_Chennai,34.27602652713363,70.49776156343859,1010.4046383060328,1.354136950582907,0
2023-12-05,AWS_03_Chennai,34.36962895754146,71.59591139182048,1010.1795325065308,0.5155617898545594,0
2023-12-06,AWS_03_Chennai,31.436952351381844,65.26772923452629,1010.0662579379476,0.4648857961644781,0
2023-12-07,AWS_03_Chennai,32.014219716370526,71.62807535767908,1010.2170526127204,2.1566032599965066,0
2023-12-08,AWS_03_Chennai,33.24521634175074,65.16280333659768,1009.7585294284274,0.4452123461974728,0
2023-12-09,AWS_03_Chennai,33.610212835064814,70.26022944384397,1010.0667678479324,0.886596124548239,0
2023-12-10,AWS_03_Chennai,33.69010251183568,71.46649283726651,1009.6227701289992,1.7801279005359694,0
2023-12-11,AWS_03_Chennai,31.60891819505342,67.1859293716577,1010.0503190327516,0.1244468666794219,0
2023-12-12,AWS_03_Chennai,33.74466817421168,64.99260474944006,1010.1241272131062,1.3541305927206273,0
2023-12-13,AWS_03_Chennai,32.63820941207672,65.61493040102194,1010.812768232073,1.3351173488629715,0
2023-12-14,AWS_03_Chennai,31.99543469024474,68.42568909010626,1010.2570725375653,1.729105644112774,0
2023-12-15,AWS_03_Chennai,33.75736039210784,73.1954906175967,1010.232042873063,0.692881997510903,0
2023-12-16,AWS_03_Chennai,33.631596437100136,62.18701896804765,1010.5993134930948,0.8939756442222031,0
2023-12-17,AWS_03_Chennai,35.02914016868167,67.53192547937232,1010.6130807726494,0.6006476513450554,0
2023-12-18,AWS_03_Chennai,32.55893464264798,66.93526729465141,1010.2606366383342,2.476704867840267,0
2023-12-19,AWS_03_Chennai,34.225196135269364,65.80051407496035,1010.786905196522,0.2099465053456508,0
2023-12-20,AWS_03_Chennai,31.53974085256512,66.90064932787014,1010.5342229814744,4.943390463179344,0
2023-12-21,AWS_03_Chennai,33.499037124717574,65.49164868040428,1010.3610820613096,1.5111137075871452,0
2023-12-22,AWS_03_Chennai,34.62365274647567,70.82528491027765,1010.443642943202,3.2693135293615008,0
2023-12-23,AWS_03_Chennai,34.76522655347203,71.10322180294239,1011.2001178004492,0.8332938020695363,0
2023-12-24,AWS_03_Chennai,34.78874302869941,67.32241603377915,1010.5268699135715,0.6058274441754139,0
2023-12-25,AWS_03_Chennai,35.17458861534463,66.61919840024896,1010.9243592733584,3.464804493601309,0
2023-12-26,AWS_03_Chennai,33.30910429882896,65.55050458264193,1010.1868702703348,0.156163663284899,0
2023-12-27,AWS_03_Chennai,34.729369989473966,67.28980157080534,1011.4200476455916,0.1868272886039038,0
2023-12-28,AWS_03_Chennai,36.79511804154329,72.55415855629508,1010.6052635284744,0.5336133039400935,0
2023-12-29,AWS_03_Chennai,33.295745430029484,66.6935380854783,1011.1313015251264,4.819899199217286,0
2023-12-30,AWS_03_Chennai,36.06940805910175,64.48288809224829,1010.8397892236868,1.5038705943987352,0
2023-12-31,AWS_03_Chennai,35.31470943331255,65.80671432595945,1011.1944170788962,1.2118060779606306,0
2022-01-01,AWS_04_Himachal,29.82202005614407,57.37550575006054,949.6918337731064,1.1020364559916205,0
2022-01-02,AWS_04_Himachal,32.97575191436973,56.49388719860495,950.0547143465964,4.004523986607031,0
2022-01-03,AWS_04_Himachal,32.413900798246914,56.76624295009737,949.6676164285392,4.041837556835952,0
2022-01-04,AWS_04_Himachal,32.69748495634987,58.56323161808757,950.127185077219,5.226711581961332,0
2022-01-05,AWS_04_Himachal,33.41333748702246,53.49715667970381,950.900541135008,0.2009467452149383,0
2022-01-06,AWS_04_Himachal,33.88732423300416,57.16950672270101,950.4665057539752,0.2625265022443686,0
2022-01-07,AWS_04_Himachal,35.42120786736795,53.63950183809428,950.385942040312,1.6939321702019616,0
2022-01-08,AWS_04_Himachal,31.82277552566,57.56667471095082,949.6146871352096,1.169478134007965,0
2022-01-09,AWS_04_Himachal,33.98177657220201,59.035249033285474,950.5922458423576,0.0279577921705908,0
2022-01-10,AWS_04_Himachal,33.84170627794399,57.61607673438846,950.6748129805428,0.0959680743695891,0
2022-01-11,AWS_04_Himachal,28.770705634656903,58.96880164484776,950.5105862744526,3.284961546143111,0
2022-01-12,AWS_04_Himachal,31.43130959569992,55.07003485498482,950.5173502456064,3.047358222384693,0
2022-01-13,AWS_04_Himachal,30.695497137436774,57.01294357898071,950.3737524292028,0.6630479761773482,0
2022-01-14,AWS_04_Himachal,33.23834006608114,56.51727214556171,950.8020467899232,3.3253078201772768,0
2022-01-15,AWS_04_Himachal,33.00945607797714,56.3548993297468,951.2092118677256,1.350903195138612,0
2022-01-16,AWS_04_Himachal,32.971527711789555,54.899603887011146,950.7091804015208,2.459116323868014,0
2022-01-17,AWS_04_Himachal,31.90388942405397,56.044650844884856,950.0911062761228,0.8364332266215857,0
2022-01-18,AWS_04_Himachal,31.97852879733573,54.04286560913732,950.1622338772364,0.1805392051170057,0
2022-01-19,AWS_04_Himachal,32.16194516872452,52.34163398991765,951.0056592600204,0.8530186433053419,0
2022-01-20,AWS_04_Himachal,31.51808985579832,55.36731147827494,950.1932500966778,0.9167973385411832,0
2022-01-21,AWS_04_Himachal,33.19629264785446,59.39493535183831,950.807879738008,1.2009121636138986,0
2022-01-22,AWS_04_Himachal,30.33262573202892,58.269066681941645,950.5666777150724,0.1673742729301315,0
2022-01-23,AWS_04_Himachal,30.66687243756908,53.84907399653433,950.2352088358095,7.134314599300328,0
2022-01-24,AWS_04_Himachal,31.919943172394145,56.455051633720544,951.2191107726992,0.4198423486271373,0
2022-01-25,AWS_04_Himachal,31.080370732875107,59.80685192537696,951.1877723987556,0.3320035363506728,0
2022-01-26,AWS_04_Himachal,29.859352892862493,56.44251241758363,950.187726533467,1.1223649728473064,0
2022-01-27,AWS_04_Himachal,32.206666929842136,53.595352648459226,951.1371804146366,1.1557169362993565,0
2022-01-28,AWS_04_Himachal,30.432628264120616,64.68432066696992,951.0947305392804,0.8692476531982154,0
2022-01-29,AWS_04_Himachal,29.902319814361466,57.47544283043405,951.3761962814108,2.216905079165853,0
2022-01-30,AWS_04_Himachal,30.782271279093315,54.55254818523006,951.0709420696478,1.09053503213212,0
2022-01-31,AWS_04_Himachal,29.57454099205732,58.62610245034863,951.730759958582,1.4112419405194288,0
2022-02-01,AWS_04_Himachal,30.729890823273905,57.92656983425132,950.9835007739656,1.929653912608608,0
2022-02-02,AWS_04_Himachal,30.104574806361747,53.63203338641864,950.9399631443346,0.0380153302641186,0
2022-02-03,AWS_04_Himachal,29.73446642195841,58.61166040770094,950.6174751875365,1.2682039387630537,0
2022-02-04,AWS_04_Himachal,29.59934474256648,61.3598224881265,950.6664325588732,3.2337644562616026,0
2022-02-05,AWS_04_Himachal,31.704114148661134,57.78890062946353,950.6493580474,0.0263125543455079,0
2022-02-06,AWS_04_Himachal,30.61274554440884,52.38798066368733,951.2986531966268,0.7792499656346829,0
2022-02-07,AWS_04_Himachal,27.33977934500718,59.67719196015073,951.082404080892,3.910152855864445,0
2022-02-08,AWS_04_Himachal,31.069180863348627,60.54485930632796,951.4094401102102,0.6534714845480045,0
2022-02-09,AWS_04_Himachal,30.35718433468721,57.06351109352295,950.6662402245496,0.9207523148269408,0
2022-02-10,AWS_04_Himachal,30.102836232679174,57.17398112669613,950.8694130219832,5.988336773415612,0
2022-02-11,AWS_04_Himachal,30.579262347446157,65.7749576911364,950.8869975480968,0.3334480979442158,0
2022-02-12,AWS_04_Himachal,29.097440365412798,57.11874627144884,952.4335226052287,0.1012225747364364,0
2022-02-13,AWS_04_Himachal,29.82923839394642,55.82149690284872,951.2912648699916,2.9429954808065304,0
2022-02-14,AWS_04_Himachal,28.023392880859895,59.357955163734346,951.3657334932178,3.042727345749745,0
2022-02-15,AWS_04_Himachal,29.80928258985112,61.10430718395794,951.3845867409304,0.9582096304636551,0
2022-02-16,AWS_04_Himachal,28.679771156205412,61.075914080187175,952.2237027366912,1.0829595463493735,0
2022-02-17,AWS_04_Himachal,26.09877935404649,52.174878424709405,950.6641643450532,2.7100633118134096,0
2022-02-18,AWS_04_Himachal,29.527408421360114,57.69896229861879,951.463994413236,2.0123228214309234,0
2022-02-19,AWS_04_Himachal,27.585127965025112,63.24347216835652,950.7052545917842,0.4621312866380785,0
2022-02-20,AWS_04_Himachal,27.179057267246137,60.8700730196129,950.3489225125528,0.025556513210768,0
2022-02-21,AWS_04_Himachal,26.71715740381384,56.28934118159875,951.1934717282958,0.980025034605326,0
2022-02-22,AWS_04_Himachal,26.6242505906385,63.83213671353882,951.7879732367652,2.937560671652726,0
2022-02-23,AWS_04_Himachal,27.317166688699487,63.1092458420712,951.2038318133124,3.392663992173756,0
2022-02-24,AWS_04_Himachal,25.28310261167757,59.43580978690444,951.8209606937774,4.693079620947663,0
2022-02-25,AWS_04_Himachal,24.200715378653136,63.07646321889912,951.6961912588572,3.174945685906169,0
2022-02-26,AWS_04_Himachal,24.743563241206235,66.5511280026177,951.592808453497,1.301406414259456,0
2022-02-27,AWS_04_Himachal,26.69699408609977,57.5038368490159,952.3137185911548,0.8821151784120644,0
2022-02-28,AWS_04_Himachal,25.663258409790693,62.44971687746981,951.4016159081314,2.236481625927793,0
2022-03-01,AWS_04_Himachal,27.355360868791823,66.85886303123664,951.9078556272316,2.0195817922516928,0
2022-03-02,AWS_04_Himachal,25.365330234490177,62.978982348629145,950.8333693285866,1.1587513362348068,0
2022-03-03,AWS_04_Himachal,26.501385788772573,58.87678948781734,951.801173129064,0.1370670459901071,0
2022-03-04,AWS_04_Himachal,23.971166345294893,61.97786598406015,951.6395270014644,3.9071851070020367,0
2022-03-05,AWS_04_Himachal,24.128369744881237,65.49307214839865,951.1928394919248,0.912113503970288,0
2022-03-06,AWS_04_Himachal,24.56405471624137,58.459490743579,951.9985111286688,0.6772646267855089,0
2022-03-07,AWS_04_Himachal,24.09604758887064,61.54090291175969,951.4445521136544,1.4896256311229066,0
2022-03-08,AWS_04_Himachal,23.7208383779509,61.02614570777482,952.6943482649594,1.680541454204452,0
2022-03-09,AWS_04_Himachal,22.53628491419952,59.988721493491305,950.6250343227608,0.3548902408832104,0
2022-03-10,AWS_04_Himachal,21.227452653058112,62.73490688710544,951.9792126380391,2.720444944987133,0
2022-03-11,AWS_04_Himachal,24.311998440479623,61.83626232716706,951.8890230948753,0.5136025685940632,0
2022-03-12,AWS_04_Himachal,23.9024520690544,64.19748438536641,951.7392802380964,0.3099532049619146,0
2022-03-13,AWS_04_Himachal,21.959327436069124,65.82017180507346,951.6265749245928,0.7823240088635532,0
2022-03-14,AWS_04_Himachal,23.203580597328468,58.709372783638585,951.9364271325568,1.9671147722567823,0
2022-03-15,AWS_04_Himachal,22.13933602029532,62.86179050687469,952.4435653069976,5.048376704929607,0
2022-03-16,AWS_04_Himachal,23.80071222415053,62.63184579895688,951.0861668132064,2.485433286887156,0
2022-03-17,AWS_04_Himachal,19.924287566058943,63.53414964361034,951.5284864269046,4.228850899988911,0
2022-03-18,AWS_04_Himachal,21.452656319094903,63.01078968893138,951.414969276542,0.227291341953124,0
2022-03-19,AWS_04_Himachal,21.081915180950908,60.24908577924359,951.3995547754836,0.1107553038302581,0
2022-03-20,AWS_04_Himachal,21.38139362772999,67.68973143840738,952.127071185729,1.2236664906043748,0
2022-03-21,AWS_04_Himachal,23.19248044588515,69.1026707828413,952.25728158291,0.5143640804258434,0
2022-03-22,AWS_04_Himachal,20.44739660111369,65.23641718698363,952.5014990678702,2.640870695312111,0
2022-03-23,AWS_04_Himachal,21.49308904633432,65.52583025845838,952.2772478011028,1.6720570407745634,0
2022-03-24,AWS_04_Himachal,19.901380030641988,64.26082513014718,952.3229359522956,5.296694180128943,0
2022-03-25,AWS_04_Himachal,21.47355837336372,66.9117755542427,951.2785403084652,0.441138573446692,0
2022-03-26,AWS_04_Himachal,20.73999269676285,56.811513310994506,952.7302174346008,0.997668136087284,0
2022-03-27,AWS_04_Himachal,18.853801658703613,64.26640028337609,951.886959226917,1.04344682711825,0
2022-03-28,AWS_04_Himachal,18.48847535726615,62.69735795272884,952.5111479857644,0.4100314008599891,0
2022-03-29,AWS_04_Himachal,19.569195810653568,64.99011837325904,951.3087873341022,1.337738923296388,0
2022-03-30,AWS_04_Himachal,17.597725153975706,67.96810444838192,951.8777901047202,0.8785554163634084,0
2022-03-31,AWS_04_Himachal,18.60869035499015,64.88497374915845,952.4710449582436,0.8878408331881846,0
2022-04-01,AWS_04_Himachal,17.53085820754885,63.88409467761802,952.013943700812,0.6758584250577455,0
2022-04-02,AWS_04_Himachal,18.358499531110088,60.893469279378735,951.6228483746644,0.0256114380959621,0
2022-04-03,AWS_04_Himachal,17.306669063802747,64.9131329021201,952.6539992289707,1.1075157101237942,0
2022-04-04,AWS_04_Himachal,16.251307409077825,67.39540419731149,951.412052235123,0.6125114895815266,0
2022-04-05,AWS_04_Himachal,18.690333619365678,62.99280321455863,951.9856209506072,0.0019811111678772,0
2022-04-06,AWS_04_Himachal,17.134188425908736,59.64339159161506,952.3134031589497,0.5521319690454505,0
2022-04-07,AWS_04_Himachal,16.437319856028637,72.61328156349707,953.0380557871816,0.4899011796438008,0
2022-04-08,AWS_04_Himachal,16.890964123898698,66.93300324906609,951.757335902162,0.7499476035711843,0
2022-04-09,AWS_04_Himachal,13.497998402642112,65.3993968865007,951.844002501157,0.2120895900216896,0
2022-04-10,AWS_04_Himachal,18.8844462619793,70.37342760237034,951.7550096137894,1.062951204051572,0
2022-04-11,AWS_04_Himachal,15.5312572632967,66.76085102846835,952.0911313793848,1.7686293524933885,0
2022-04-12,AWS_04_Himachal,12.295265360312811,70.46808224815514,952.2598172379588,1.492130905712162,0
2022-04-13,AWS_04_Himachal,16.782283462428907,70.34620808867676,952.5058840726252,2.442586699771585,0
2022-04-14,AWS_04_Himachal,13.607068790027713,62.91822322151686,952.3300449892552,0.9022426743187622,0
2022-04-15,AWS_04_Himachal,16.048199186358048,68.25591496580245,951.695549318433,1.098118101945568,0
2022-04-16,AWS_04_Himachal,14.414500273296683,72.18537748198658,952.3425610773628,2.494273388717435,0
2022-04-17,AWS_04_Himachal,11.627163185308907,64.14656237025397,951.9727139191508,0.8371409930744618,0
2022-04-18,AWS_04_Himachal,14.126504753692725,64.315749722091,952.2900617483836,1.813977348051376,0
2022-04-19,AWS_04_Himachal,13.769267057656878,64.9549552525793,952.3085457097088,0.8553390347799921,0
2022-04-20,AWS_04_Himachal,14.969787875243718,70.20878606518346,952.7117860330292,0.8112474898698401,0
2022-04-21,AWS_04_Himachal,13.781214121809825,68.52090736993628,951.7082269705294,2.141960237621804,0
2022-04-22,AWS_04_Himachal,10.896170700648936,61.98986264949095,951.6009863912224,0.2882613509406707,0
2022-04-23,AWS_04_Himachal,14.017566056468734,68.94861855852895,952.0850295686188,0.6200629035233102,0
2022-04-24,AWS_04_Himachal,11.653565046799637,67.29776896351979,952.4398399032214,0.3807371843445986,0
2022-04-25,AWS_04_Himachal,14.617255749044064,67.84351490830994,951.864199167131,0.6673460319937644,0
2022-04-26,AWS_04_Himachal,11.2686510522309,65.7951685729399,952.4450654061184,0.3927774974173631,0
2022-04-27,AWS_04_Himachal,11.249683894622864,69.47591016784227,952.1517407745538,1.2991296060394582,0
2022-04-28,AWS_04_Himachal,10.101446829570174,71.7064002657578,951.6910708425238,2.4005002451706234,0
2022-04-29,AWS_04_Himachal,10.356111854707178,66.75196281361939,952.0577823967884,2.316972220979783,0
2022-04-30,AWS_04_Himachal,9.731322893996078,63.75224048372564,951.5426110123132,0.6800170591997318,0
2022-05-01,AWS_04_Himachal,48.49169526656218,68.01088636688233,951.8627126740516,6.73246882013663,1
2022-05-02,AWS_04_Himachal,8.428321729845514,71.30854862357884,951.1897046836842,1.3515652141191328,0
2022-05-03,AWS_04_Himachal,11.410712271273733,67.89485945965664,951.6745660242824,0.764739938841595,0
2022-05-04,AWS_04_Himachal,11.227401808061918,64.78233358276734,952.1903426916788,2.707625275308341,0
2022-05-05,AWS_04_Himachal,11.833676910149078,71.6804722130359,952.0554244095551,1.963300213462313,0
2022-05-06,AWS_04_Himachal,9.618381428536123,73.75125023519429,951.9631292714644,2.0750998521139854,0
2022-05-07,AWS_04_Himachal,7.800585114612668,69.67837958274659,951.7768159403992,0.3274940180841486,0
2022-05-08,AWS_04_Himachal,8.873441256006386,64.91271897896384,951.6928829174984,0.9475823637587176,0
2022-05-09,AWS_04_Himachal,9.816206750238486,68.88695693113216,950.9588371765328,2.9688854098812576,0
2022-05-10,AWS_04_Himachal,8.84702385881266,70.40398786857584,951.468257023638,1.0518839752156368,0
2022-05-11,AWS_04_Himachal,9.068540460468489,67.6276873677436,951.6410759745668,1.7254241079861312,0
2022-05-12,AWS_04_Himachal,10.3677075053938,71.91290159965065,950.9655754777108,1.3298566506247187,0
2022-05-13,AWS_04_Himachal,8.996981261172193,67.544829332885,950.629455696669,2.771131424305925,0
2022-05-14,AWS_04_Himachal,8.228762929283313,70.44696267774633,952.046860395169,0.5022880720714987,0
2022-05-15,AWS_04_Himachal,4.974666182299811,69.78638911998179,951.484534371478,1.2851775550977724,0
2022-05-16,AWS_04_Himachal,6.378580739064841,72.41857419922523,951.5403434677308,0.197273854222261,0
2022-05-17,AWS_04_Himachal,6.763587148741824,70.62620589333201,951.6889806316118,1.7577947063904893,0
2022-05-18,AWS_04_Himachal,4.224322987510404,70.17586209619311,950.8954789785316,1.974972449287268,0
2022-05-19,AWS_04_Himachal,5.3486860460955645,68.45135685220684,951.1597989219229,0.0656728705009522,0
2022-05-20,AWS_04_Himachal,6.435762060134443,71.05713856275068,952.0881615306872,1.689550195856055,0
2022-05-21,AWS_04_Himachal,6.50902325185815,70.26332400850461,951.0659850161124,0.8034208814508104,0
2022-05-22,AWS_04_Himachal,7.258833108963105,68.52167978571725,951.1511817787496,0.1987496749912236,0
2022-05-23,AWS_04_Himachal,6.028103904318504,71.69925024904431,950.9227815466908,0.8168516814370523,0
2022-05-24,AWS_04_Himachal,6.547485126885825,72.39835446681249,950.8601420866864,0.3239408593530647,0
2022-05-25,AWS_04_Himachal,5.391625233085929,70.37501331692047,951.7559888026208,0.8056505319345413,0
2022-05-26,AWS_04_Himachal,5.927764928706002,74.26684364819084,949.93722972657,0.7275882555305376,0
2022-05-27,AWS_04_Himachal,6.3912359161063605,72.34404202165312,950.9190376258824,2.0113600365168374,0
2022-05-28,AWS_04_Himachal,7.777394068377029,67.77859903682013,951.2318835961352,2.232261798090172,0
2022-05-29,AWS_04_Himachal,4.653840209581564,75.71841962648324,951.9388764264514,1.4010278725365677,0
2022-05-30,AWS_04_Himachal,5.503159143870927,74.08129117728276,950.4938474183796,0.0344222224355888,0
2022-05-31,AWS_04_Himachal,6.455426367312237,74.85790160099262,950.3792891085136,4.010957567415541,0
2022-06-01,AWS_04_Himachal,2.861000772806584,73.12396690549396,950.5724334662276,5.215974747420523,0
2022-06-02,AWS_04_Himachal,7.889632633374484,64.97727540730759,951.3233981126122,0.1565720745834442,0
2022-06-03,AWS_04_Himachal,6.537825754550116,75.33423997341731,951.0049617469872,7.687509591823352,0
2022-06-04,AWS_04_Himachal,2.082353625432439,72.30258366143735,950.1904955515104,1.00564335029894,0
2022-06-05,AWS_04_Himachal,5.090921859391653,73.24160469376625,950.9308163675008,3.895415884220222,0
2022-06-06,AWS_04_Himachal,3.575422000832865,73.86269766245218,951.6257195628835,2.828466472105964,0
2022-06-07,AWS_04_Himachal,3.718356582561924,78.10782940169952,950.9509521181678,2.4500216367406638,0
2022-06-08,AWS_04_Himachal,4.736462699454,70.71561670435057,950.8694594986272,9.92104087329046,0
2022-06-09,AWS_04_Himachal,5.686727645903911,70.84618924683244,950.867786990199,2.5880291213624536,0
2022-06-10,AWS_04_Himachal,3.3168523891223725,69.9052101402674,950.930678821741,0.352501333577762,0
2022-06-11,AWS_04_Himachal,3.245666815211629,69.29719147974157,950.0576738446404,13.188015111896998,0
2022-06-12,AWS_04_Himachal,4.395437511036173,69.3989063699195,950.5428549633924,11.395986821069672,0
2022-06-13,AWS_04_Himachal,4.612166841087276,67.04244850352019,950.5363360153336,5.190224735389494,0
2022-06-14,AWS_04_Himachal,2.1648016194650523,73.91970147061946,950.3516911285582,2.839094078639876,0
2022-06-15,AWS_04_Himachal,6.186519007641762,78.64288121156422,950.9035221547854,0.4385605713892613,0
2022-06-16,AWS_04_Himachal,2.565815873891615,78.87163637099061,950.2103342538278,7.038974602738943,0
2022-06-17,AWS_04_Himachal,4.911863973663537,70.19497423366924,950.3140601502498,0.3531525265298963,0
2022-06-18,AWS_04_Himachal,4.080781916337086,71.96848356494837,949.830525000134,0.3198037764132886,0
2022-06-19,AWS_04_Himachal,4.2554084913547054,76.51553448356984,950.6161971107,3.468859209362087,0
2022-06-20,AWS_04_Himachal,2.357035470213619,74.1407941755164,950.8642972604678,0.7852772955871328,0
2022-06-21,AWS_04_Himachal,0.6585852651807955,73.27322136497271,950.17902291265,0.0349213533051985,0
2022-06-22,AWS_04_Himachal,3.168028759761347,72.12305972660555,950.729309231204,2.475493286914155,0
2022-06-23,AWS_04_Himachal,3.134366736352561,76.44941796659256,950.2181200061212,0.6641655137919966,0
2022-06-24,AWS_04_Himachal,1.6878073399827187,69.71426568307493,948.9937716698764,0.787352242895093,0
2022-06-25,AWS_04_Himachal,4.470716080800496,74.39259783982732,950.1975603468912,0.3601315487741939,0
2022-06-26,AWS_04_Himachal,2.989885256503209,73.99897250688363,950.1012878950424,1.0328899522234023,0
2022-06-27,AWS_04_Himachal,1.831373458211096,73.10612522945017,950.2062707583476,5.656348889288429,0
2022-06-28,AWS_04_Himachal,3.904823999498242,75.34867324807563,950.2470192723018,7.44795599786517,0
2022-06-29,AWS_04_Himachal,3.931318275135616,73.09380480561624,949.7440837033344,2.7110442125765464,0
2022-06-30,AWS_04_Himachal,1.9304783636384804,71.39375041827174,950.7872943693342,3.178536639570095,0
2022-07-01,AWS_04_Himachal,4.850643511870088,73.27723759987656,949.9841332168746,0.1494004922686136,0
2022-07-02,AWS_04_Himachal,6.3654215581015485,68.22339266401664,949.8829541691292,0.3232609206187534,0
2022-07-03,AWS_04_Himachal,1.3699545291318618,74.83547738167378,950.3206279236964,1.3402063145764038,0
2022-07-04,AWS_04_Himachal,2.738347323901661,75.59728068131656,949.9232255066354,3.532678797066552,0
2022-07-05,AWS_04_Himachal,3.5327316842706056,71.0156406814364,951.1624942748906,6.054069534203169,0
2022-07-06,AWS_04_Himachal,6.465372796573165,70.2924756945453,949.7402731459792,4.179947689502626,0
2022-07-07,AWS_04_Himachal,1.9665134895718024,71.10491600930256,949.9868342258223,2.240058181215459,0
2022-07-08,AWS_04_Himachal,1.6844245605652062,72.76090371134975,949.4021056583232,0.5666882409132934,0
2022-07-09,AWS_04_Himachal,1.7052114805835237,73.58107643330112,950.177771416614,6.82941882485466,0
2022-07-10,AWS_04_Himachal,4.992422330532432,77.76098946343318,949.8627608032572,2.034991689092654,0
2022-07-11,AWS_04_Himachal,2.1383840892742394,77.36053651146672,949.5049019487112,5.994048586873129,0
2022-07-12,AWS_04_Himachal,1.9691592893194243,75.36430234540647,949.204247779248,3.2375146998698185,0
2022-07-13,AWS_04_Himachal,3.63941358761825,73.20753526994062,948.9519430706122,6.038734028709347,0
2022-07-14,AWS_04_Himachal,3.808254575718245,70.03473568391863,949.7823154485584,10.70223393177112,0
2022-07-15,AWS_04_Himachal,5.009755649670323,77.82385839812987,948.8459489242751,11.42406502768354,0
2022-07-16,AWS_04_Himachal,3.6027416696447445,72.00915221374832,950.160192723638,3.4467639037861444,0
2022-07-17,AWS_04_Himachal,3.904185523571748,73.56103580733571,948.8412463896598,3.2239481895659936,0
2022-07-18,AWS_04_Himachal,3.4431037317348814,74.56151868291106,949.3503511897974,1.3896372977501827,0
2022-07-19,AWS_04_Himachal,1.7190382918815497,72.82452160496007,948.965803725416,12.35587249860896,0
2022-07-20,AWS_04_Himachal,3.454825349583005,76.05103477867792,949.3901290353476,2.755530677944703,0
2022-07-21,AWS_04_Himachal,3.9314377268660192,73.91967590298115,949.3544366252386,0.6142374118024043,0
2022-07-22,AWS_04_Himachal,3.25860390435004,75.47293470034471,949.5311768736684,2.5509405504381157,0
2022-07-23,AWS_04_Himachal,1.6689808224463465,73.80035038331512,948.513433041623,0.6114632482760358,0
2022-07-24,AWS_04_Himachal,2.4086426404505707,72.2936992308951,948.8627327400026,3.1420053511221786,0
2022-07-25,AWS_04_Himachal,4.151638507378118,72.57684459231538,949.6980931722632,3.707476467351639,0
2022-07-26,AWS_04_Himachal,5.713508274296979,72.11227662879382,949.5105638833708,1.8545438283518956,0
2022-07-27,AWS_04_Himachal,6.945528295813861,68.38868806384284,947.9002580559228,0.3345620569502008,0
2022-07-28,AWS_04_Himachal,4.258103226506313,69.17948876532301,949.3075772245963,12.93109749165264,0
2022-07-29,AWS_04_Himachal,3.57427494741114,74.34186321894845,948.571954124999,6.679629173952044,0
2022-07-30,AWS_04_Himachal,4.21051537786149,68.27827037474894,948.7617695462995,8.215256503115477,0
2022-07-31,AWS_04_Himachal,3.323270591543221,70.77778695776308,948.9137907921254,2.05684636737226,0
2022-08-01,AWS_04_Himachal,6.202009496519056,68.77214732650565,949.7762114519332,6.437632452669674,0
2022-08-02,AWS_04_Himachal,8.358152505553779,70.47925112309157,948.4465265133766,2.989407189924667,0
2022-08-03,AWS_04_Himachal,4.248083830075027,71.31451947083137,948.236593227976,1.0102447340860463,0
2022-08-04,AWS_04_Himachal,3.637742105490484,70.48753636664276,949.134678536309,0.597926753315593,0
2022-08-05,AWS_04_Himachal,7.078173687367868,67.34506741564581,948.8668126640129,1.9043896925246784,0
2022-08-06,AWS_04_Himachal,6.191854022247237,70.99552758630526,949.4559570835676,0.6659124795159341,0
2022-08-07,AWS_04_Himachal,6.367138623219023,68.59544747065588,948.6480125424894,28.61569015179807,0
2022-08-08,AWS_04_Himachal,8.40057029896096,69.48056335391261,949.4021605031462,0.2269798383817305,0
2022-08-09,AWS_04_Himachal,4.125694681589071,73.5280009065442,948.7775650989324,2.618382262491113,0
2022-08-10,AWS_04_Himachal,4.244417947507239,74.08695616516108,949.00703192509,2.707428005526326,0
2022-08-11,AWS_04_Himachal,6.257546236226705,67.20035804723261,949.527862317035,1.6091014805289752,0
2022-08-12,AWS_04_Himachal,6.762705555200533,75.74994420381589,948.6060633332122,3.812031884297686,0
2022-08-13,AWS_04_Himachal,6.3060185018186,69.42257178881394,949.1862053894106,0.7312135475391409,0
2022-08-14,AWS_04_Himachal,10.703718318858884,69.05692221101296,948.3316538951768,6.894320886541633,0
2022-08-15,AWS_04_Himachal,6.724629669413188,68.09037283440856,948.7272070231742,1.8186190517354133,0
2022-08-16,AWS_04_Himachal,6.544511902624778,70.8367496510753,947.866503193944,4.026951458168044,0
2022-08-17,AWS_04_Himachal,7.740871993368605,76.51566055492178,948.3124861881583,5.658801981411658,0
2022-08-18,AWS_04_Himachal,9.19753904365087,65.85237711613821,948.011867262398,9.893720647462333,0
2022-08-19,AWS_04_Himachal,6.842959021711934,64.19942087027553,949.1279322799302,8.129671070406433,0
2022-08-20,AWS_04_Himachal,7.903496254281796,71.07274425482566,949.3640655254114,4.217769391912066,0
2022-08-21,AWS_04_Himachal,9.818705261908512,71.8708024246123,948.2948718022528,2.2124954454207093,0
2022-08-22,AWS_04_Himachal,10.1006584818317,70.21484391894444,948.0637128260654,3.1480971692353896,0
2022-08-23,AWS_04_Himachal,9.046371101246727,71.73676965234903,947.7717280414876,6.588855658753443,0
2022-08-24,AWS_04_Himachal,12.551745785649013,66.44666557702068,948.5399049604856,9.450072423534971,0
2022-08-25,AWS_04_Himachal,12.102054897089754,66.89548224202136,948.085896930024,0.4930718034997312,0
2022-08-26,AWS_04_Himachal,7.231451480134475,69.99020672993151,948.092565726434,2.1865469353212683,0
2022-08-27,AWS_04_Himachal,7.014797306344855,74.77941387638583,949.1620859112682,6.734834510763848,0
2022-08-28,AWS_04_Himachal,10.96092729752724,71.07278564654791,948.1799497153896,2.542594293457329,0
2022-08-29,AWS_04_Himachal,12.032460092747062,71.09659243548056,948.6028266704632,1.8171365749113344,0
2022-08-30,AWS_04_Himachal,9.866704340379655,65.93692101054238,948.3178362054576,2.38444703024822,0
2022-08-31,AWS_04_Himachal,9.672290491591454,70.30690368626792,947.59611304023,4.155426039203971,0
2022-09-01,AWS_04_Himachal,9.419134112705567,65.37378158502709,947.3341471761624,38.44462689182202,0
2022-09-02,AWS_04_Himachal,9.123716033228687,74.10288065041703,948.4837366214008,1.0188440141546506,0
2022-09-03,AWS_04_Himachal,12.808523102086204,65.64207998752671,949.0759406151744,0.3507276288160731,0
2022-09-04,AWS_04_Himachal,10.762384887223934,66.16558356934182,948.3658151862404,0.2666218832389792,0
2022-09-05,AWS_04_Himachal,12.019322066829208,64.01190857410603,948.5053334869426,0.0649089728139097,0
2022-09-06,AWS_04_Himachal,9.06211227041695,68.56367782093243,947.7264375870188,1.22744408414589,0
2022-09-07,AWS_04_Himachal,13.540264339275064,68.31171745784978,948.6722799189126,1.179776765578039,0
2022-09-08,AWS_04_Himachal,13.156329037834595,72.5932370056634,948.6526707830548,0.3445611827242543,0
2022-09-09,AWS_04_Himachal,10.497128347166033,70.25502494389345,947.790452901772,1.782786160760701,0
2022-09-10,AWS_04_Himachal,13.143831403457147,65.42487950224468,948.3989416943256,2.0270108862827527,0
2022-09-11,AWS_04_Himachal,13.005083355518575,70.28793684059734,947.2312687878826,0.4498307900236281,0
2022-09-12,AWS_04_Himachal,12.56689829139932,63.80698329174057,948.4652328233552,0.6326198713753532,0
2022-09-13,AWS_04_Himachal,9.13331190261266,65.25149934459341,947.806429213849,6.980229088669878,0
2022-09-14,AWS_04_Himachal,12.744118298157884,67.63025214446569,947.4689997975704,0.7032412046306084,0
2022-09-15,AWS_04_Himachal,14.43643214123156,63.7468553056996,948.2743788813676,2.1456933688154955,0
2022-09-16,AWS_04_Himachal,13.409301615892018,70.20349706230299,947.178259451394,0.9042069603236682,0
2022-09-17,AWS_04_Himachal,14.150086601305404,73.71386962110735,948.226970397126,2.3650555647600413,0
2022-09-18,AWS_04_Himachal,16.979286723037728,65.85821957073433,947.4818393339629,2.198157261467439,0
2022-09-19,AWS_04_Himachal,14.870379656321042,64.65206368497148,947.3676345550932,1.6528285741290802,0
2022-09-20,AWS_04_Himachal,12.094825503892842,66.0832179812393,948.06407337673,2.8942410862717622,0
2022-09-21,AWS_04_Himachal,15.216950076492411,64.66429601848094,947.941828071315,4.200704592529497,0
2022-09-22,AWS_04_Himachal,15.898260159172356,66.98563450133888,948.7510395450806,1.3011912829259216,0
2022-09-23,AWS_04_Himachal,14.766747416544195,62.096904210165086,947.3753712469518,0.4066679908787309,0
2022-09-24,AWS_04_Himachal,17.363103899679,66.88299599256814,948.7010135470476,0.7628147499414901,0
2022-09-25,AWS_04_Himachal,14.324354460225344,71.52633082557246,947.440967075664,2.130122445623312,0
2022-09-26,AWS_04_Himachal,16.56824242145729,59.64698350292173,948.466403404704,1.5785243384746883,0
2022-09-27,AWS_04_Himachal,14.821734906245162,62.0101253057736,948.557211939696,0.2936543757028499,0
2022-09-28,AWS_04_Himachal,16.846647598977214,64.0433990749177,948.1629699617754,0.0788983897627109,0
2022-09-29,AWS_04_Himachal,18.610390218039296,66.86664090020298,947.605430498356,1.7230985346373968,0
2022-09-30,AWS_04_Himachal,17.563825668053124,67.77442865589522,947.2386894467124,0.4336827106173931,0
2022-10-01,AWS_04_Himachal,17.734472813386116,67.39537517113256,947.02413027873,1.0387318281013145,0
2022-10-02,AWS_04_Himachal,18.36439657934631,59.75276575272524,948.9266084730756,2.060048087490737,0
2022-10-03,AWS_04_Himachal,18.697485416841403,62.66718427307372,947.8530725306548,1.2405897881900243,0
2022-10-04,AWS_04_Himachal,19.8793827325692,61.85171335484093,947.450795383825,0.1304667477840779,0
2022-10-05,AWS_04_Himachal,20.14615053312869,64.2196423077659,947.4337697507636,0.3079190494043411,0
2022-10-06,AWS_04_Himachal,21.48631797539289,64.33282737702814,948.0920932045092,0.3714006412233154,0
2022-10-07,AWS_04_Himachal,19.862145678256518,60.03326788627497,947.81413813441,0.4473346589657246,0
2022-10-08,AWS_04_Himachal,17.376102215636806,62.685502823648406,947.0559092917356,1.2500055239316388,0
2022-10-09,AWS_04_Himachal,21.41002732769216,65.60923327505077,948.452405344557,1.0516655435243325,0
2022-10-10,AWS_04_Himachal,22.403127465353908,61.84653241540627,948.192792892961,0.340652131970986,0
2022-10-11,AWS_04_Himachal,24.32551488209865,62.9950480704585,948.9510078660804,0.1049174138265673,0
2022-10-12,AWS_04_Himachal,23.064332550727684,68.55105680297528,948.607782783234,0.2820849243351287,0
2022-10-13,AWS_04_Himachal,20.404272074054862,69.29557137285313,946.4952297397284,6.238930758875005,0
2022-10-14,AWS_04_Himachal,21.6725113238572,56.70699123805762,948.7602860765738,0.9482106294161126,0
2022-10-15,AWS_04_Himachal,21.23680571162865,63.39889493922795,948.663617780934,3.0300109658404777,0
2022-10-16,AWS_04_Himachal,21.28288656839225,71.67500393706757,947.7003337485124,2.833256236137762,0
2022-10-17,AWS_04_Himachal,21.97122651020709,64.22776481871797,947.861452553694,1.0746837660730526,0
2022-10-18,AWS_04_Himachal,24.31761968769981,62.71466749177469,948.2933929004369,1.8397760942087609,0
2022-10-19,AWS_04_Himachal,20.251497988857214,66.46592858034937,947.5907794630114,0.3211865396896126,0
2022-10-20,AWS_04_Himachal,21.376312822095407,63.05154174168917,947.9874427910391,1.7490365855286865,0
2022-10-21,AWS_04_Himachal,24.952801071367784,64.39484528319116,948.6203066070292,0.4769739578806067,0
2022-10-22,AWS_04_Himachal,25.54597584360781,61.50750060435887,948.3911894966992,2.67624148716466,0
2022-10-23,AWS_04_Himachal,22.61655215938061,62.620773362921,947.8115242508608,0.1311566923811041,0
2022-10-24,AWS_04_Himachal,26.32057925941964,63.162848473880295,948.6694377028874,2.2251245129101536,0
2022-10-25,AWS_04_Himachal,25.54520905036159,64.35327047014198,948.3231916549008,0.1579356214535081,0
2022-10-26,AWS_04_Himachal,23.914871357872947,60.336030987363024,948.3203251008682,3.195334916436958,0
2022-10-27,AWS_04_Himachal,20.89687012135406,60.13009288097886,947.9432720792048,0.5440492645868849,0
2022-10-28,AWS_04_Himachal,22.279060343483,55.60097508593929,948.2127680352464,1.593681064876394,0
2022-10-29,AWS_04_Himachal,24.023123225955565,60.09967309518651,947.8448192393034,1.002688521101713,0
2022-10-30,AWS_04_Himachal,26.377521599358005,63.99904416120353,947.2779407973596,0.684276878992754,0
2022-10-31,AWS_04_Himachal,50.96521702717551,62.40956705674296,948.1251912076912,1.5553242977731168,1
2022-11-01,AWS_04_Himachal,24.985897394066047,57.91077299575532,948.221395960401,4.421069894999255,0
2022-11-02,AWS_04_Himachal,25.55925423159172,55.07179090548842,948.3690102066888,0.0632182852705524,0
2022-11-03,AWS_04_Himachal,58.362178414707046,60.239715229489455,948.9248404879152,3.7672367674280265,1
2022-11-04,AWS_04_Himachal,26.01215453042944,63.323194064675576,948.0115163249052,1.4088848657655018,0
2022-11-05,AWS_04_Himachal,26.79908503587999,59.00136666303626,948.1731708916378,2.470042378381597,0
2022-11-06,AWS_04_Himachal,26.71941086930328,55.99084709853566,948.760010680796,0.726458007567344,0
2022-11-07,AWS_04_Himachal,24.461372992450787,58.44603116783883,948.0210167663596,0.9575424650226884,0
2022-11-08,AWS_04_Himachal,26.86695366970196,61.083385381597495,948.4949834508908,3.0471289575931166,0
2022-11-09,AWS_04_Himachal,27.34726184521133,63.72402727569511,948.2352672910764,0.8038253772696637,0
2022-11-10,AWS_04_Himachal,29.06594034966417,59.11991953921462,948.3393581548764,1.1474790401126806,0
2022-11-11,AWS_04_Himachal,26.531525740720262,62.94948527062554,948.8624608276482,0.030602442311145,0
2022-11-12,AWS_04_Himachal,28.27868899648165,62.51328326073296,948.3193292966166,0.2590286066644223,0
2022-11-13,AWS_04_Himachal,29.00848183018274,56.04908621547003,948.924537957692,1.5395204995709753,0
2022-11-14,AWS_04_Himachal,28.13008005543285,63.23073724886368,947.5764953693056,1.893340144481032,0
2022-11-15,AWS_04_Himachal,25.905715284480483,60.26511850787818,947.8618794184766,1.3105687930114922,0
2022-11-16,AWS_04_Himachal,30.235204321534837,55.66256375042366,947.4419833005222,0.232018792682616,0
2022-11-17,AWS_04_Himachal,30.01982471956838,64.46963382166467,948.0430091569692,0.8842769011864533,0
2022-11-18,AWS_04_Himachal,29.41805538008361,58.716662404184895,949.5795345937588,0.6579778463623992,0
2022-11-19,AWS_04_Himachal,29.30789161940224,53.17105933343071,948.6679628091738,1.0267609501809971,0
2022-11-20,AWS_04_Himachal,26.744426530584168,56.79236688700148,948.3420895027014,3.064132608063322,0
2022-11-21,AWS_04_Himachal,30.74433372132257,55.96538459886101,949.120538810716,2.2432362614257717,0
2022-11-22,AWS_04_Himachal,31.974295620148503,56.690939368238894,949.2179120317468,0.1315911795122111,0
2022-11-23,AWS_04_Himachal,28.2329558536494,57.31587089190808,948.1726223527384,3.3151346400242447,0
2022-11-24,AWS_04_Himachal,32.076447411899686,57.79640850648264,950.0596466850656,0.9573271363174852,0
2022-11-25,AWS_04_Himachal,31.907878097141296,57.60262312638285,948.9765648745928,2.043059224351106,0
2022-11-26,AWS_04_Himachal,28.644052101338243,58.1161602760084,949.0677724816449,0.2263027627865272,0
2022-11-27,AWS_04_Himachal,29.9121211785492,60.09373398454411,949.1437459493436,1.6662680789151634,0
2022-11-28,AWS_04_Himachal,28.55096659565724,56.01715862347989,949.1715585919465,0.404421458262279,0
2022-11-29,AWS_04_Himachal,30.683455312926306,61.72638142420136,948.6424320829116,0.8653971176798864,0
2022-11-30,AWS_04_Himachal,31.586891581980154,54.43676137717302,950.0389177577772,0.0255100006829628,0
2022-12-01,AWS_04_Himachal,29.063138643668758,59.88864145270338,948.8698546763084,0.2466233927775313,0
2022-12-02,AWS_04_Himachal,31.74810543320037,62.9061333054507,949.52129120859,0.144899329687412,0
2022-12-03,AWS_04_Himachal,32.24974796822981,57.37936538180717,948.8354321470836,0.4111504316832087,0
2022-12-04,AWS_04_Himachal,32.38899693211695,58.42904734081066,948.7774080649676,0.1580709238302889,0
2022-12-05,AWS_04_Himachal,32.204279120106705,54.88406935581851,950.0853811215246,1.7660451259539631,0
2022-12-06,AWS_04_Himachal,29.789528545521183,56.194113728908896,949.111427276466,0.0442048582027133,0
2022-12-07,AWS_04_Himachal,31.55575329618424,62.37612130550567,949.1799704210932,1.4424833749077075,0
2022-12-08,AWS_04_Himachal,32.368121398078394,59.86433049242702,949.3704817902652,0.2274694315997969,0
2022-12-09,AWS_04_Himachal,34.12865960455626,58.82250166905652,950.5614361498792,4.355042994125057,0
2022-12-10,AWS_04_Himachal,32.0342179839285,51.70313276384517,950.377028339608,4.056701583744578,0
2022-12-11,AWS_04_Himachal,32.75807170410637,55.32004275669747,949.9668455049748,0.3833124374557549,0
2022-12-12,AWS_04_Himachal,30.806776075673323,62.64107340637196,950.7842719679854,1.429514927628127,2
2022-12-13,AWS_04_Himachal,30.806776075673323,58.61347528352928,948.917869190727,0.0426074208674458,2
2022-12-14,AWS_04_Himachal,30.806776075673323,58.94690468369183,949.7509771295844,4.027714106684315,2
2022-12-15,AWS_04_Himachal,30.806776075673323,57.813192842205126,949.493995150422,1.1103182713248312,2
2022-12-16,AWS_04_Himachal,35.59579393358945,55.42624902435715,948.6047495437496,0.0662776391916317,0
2022-12-17,AWS_04_Himachal,31.96338638908448,58.22882435630573,949.75420293332,0.6289657564443089,0
2022-12-18,AWS_04_Himachal,33.172907514771,52.60884130447492,949.3107437340346,0.1199444418045616,0
2022-12-19,AWS_04_Himachal,33.516748137360224,52.35371526314745,950.3565414207528,0.748702438430971,0
2022-12-20,AWS_04_Himachal,31.09459042446577,54.93717099492333,949.4260356480944,1.662659165784781,0
2022-12-21,AWS_04_Himachal,32.125641325422706,57.694731854051305,949.4314677270256,0.9520058599955896,0
2022-12-22,AWS_04_Himachal,33.756962693354254,52.386799299605,950.4579167715972,0.7260861030892811,0
2022-12-23,AWS_04_Himachal,33.500477903237474,57.45686845898692,949.6927154665624,0.1903138908166015,0
2022-12-24,AWS_04_Himachal,29.90023889684724,54.07433248134366,950.3410227570748,0.4214351982170299,0
2022-12-25,AWS_04_Himachal,33.8116778296087,54.46315702834415,950.0059763250669,0.1582796053965426,0
2022-12-26,AWS_04_Himachal,32.11798703775344,60.92838003351876,950.0469561331768,2.4714788047191547,0
2022-12-27,AWS_04_Himachal,32.177228785159485,57.1308397970093,949.7403714599552,0.2179546024186649,0
2022-12-28,AWS_04_Himachal,33.587300783772555,54.29924933438555,950.147865688407,1.357185794690027,0
2022-12-29,AWS_04_Himachal,35.27551489782126,57.565241212365216,949.86541087076,0.6295143447594532,0
2022-12-30,AWS_04_Himachal,32.6971256480952,52.592330374308204,949.5636715638602,0.3842332184704009,0
2022-12-31,AWS_04_Himachal,34.7685753233089,58.14699098339966,949.9478728423418,1.5302636694059313,0
2023-01-01,AWS_04_Himachal,30.836393436313973,60.32313984587487,950.6783421066492,0.9159753180801796,0
2023-01-02,AWS_04_Himachal,33.18722602996377,58.98992699914715,950.3368478360412,0.7666021479523666,0
2023-01-03,AWS_04_Himachal,32.168419135435016,63.48380838300609,950.48745970011,1.3478678029371234,0
2023-01-04,AWS_04_Himachal,33.387465059732875,51.20378437376067,950.1383385393256,1.013749790130411,0
2023-01-05,AWS_04_Himachal,32.50001151984146,57.4105218407625,949.203034519384,0.5424972201665473,0
2023-01-06,AWS_04_Himachal,30.908470170227112,53.01213125123427,949.5954891456852,1.2282740815762878,0
2023-01-07,AWS_04_Himachal,31.560116792664388,56.53834592628278,950.0959133130268,1.6607164691139296,0
2023-01-08,AWS_04_Himachal,30.393185162198463,57.08037228817897,949.707026371468,0.0405838357268227,0
2023-01-09,AWS_04_Himachal,30.85998814153239,63.93535512361396,950.0464388600332,0.9406788912438192,0
2023-01-10,AWS_04_Himachal,33.49878816365349,56.93890781477452,950.062309003506,0.0891207674589774,0
2023-01-11,AWS_04_Himachal,32.355328393234174,56.90770449220204,950.1112490496228,0.3094396330938871,0
2023-01-12,AWS_04_Himachal,33.02739781469586,60.18555668033495,951.1287939273892,1.2332061522213968,0
2023-01-13,AWS_04_Himachal,35.349334206250525,57.04101852335971,950.4173538885436,3.016989433756182,0
2023-01-14,AWS_04_Himachal,32.122543088425864,62.72464081070029,950.9446806110622,3.21588279037942,0
2023-01-15,AWS_04_Himachal,33.45414310385252,59.27427095910729,950.5926790625116,0.1087657357425349,0
2023-01-16,AWS_04_Himachal,32.47683943011411,59.787036619826864,951.2517896188984,0.8147781148426836,0
2023-01-17,AWS_04_Himachal,36.506304624422846,51.73742668384342,951.087454668335,1.3120269061165384,0
2023-01-18,AWS_04_Himachal,27.75919329683488,63.33661785066648,950.3140845144774,0.2386165293837901,0
2023-01-19,AWS_04_Himachal,31.12832288218295,55.45472121448521,951.623354060034,2.175016017706017,0
2023-01-20,AWS_04_Himachal,33.10079572403993,57.44027095737219,950.447784595679,2.0452458529386703,0
2023-01-21,AWS_04_Himachal,30.90116114655532,55.55894469008877,950.8073525772684,3.504849149948206,0
2023-01-22,AWS_04_Himachal,32.78622850701259,54.49411477689098,950.9279625022964,0.0127833349329933,0
2023-01-23,AWS_04_Himachal,31.74947444326228,54.01237850775308,951.0155091925944,0.3663290998480504,0
2023-01-24,AWS_04_Himachal,33.03538758102676,57.98281066995896,951.2010659259,2.6333153106199587,0
2023-01-25,AWS_04_Himachal,29.93408031445105,51.81976852096218,950.4559949958508,1.6656328513797236,0
2023-01-26,AWS_04_Himachal,31.781788727902796,57.05957966500908,951.2217188185076,3.372001244887408,0
2023-01-27,AWS_04_Himachal,32.10780629280893,61.02195716975265,951.1870314619852,0.0883192924749423,0
2023-01-28,AWS_04_Himachal,31.488743060329075,59.80726174095345,950.9273365592002,1.3630939589056053,0
2023-01-29,AWS_04_Himachal,31.393519997894654,59.27362548536108,950.8625959282546,1.2626328856738005,0
2023-01-30,AWS_04_Himachal,32.84748719886851,55.35713125865243,950.583500277557,0.054489448543668,0
2023-01-31,AWS_04_Himachal,28.39455661857757,53.354026295931305,951.2575174687664,1.0808456361679704,0
2023-02-01,AWS_04_Himachal,30.968613602707165,61.30876218825431,950.716596454752,1.4105689869793618,0
2023-02-02,AWS_04_Himachal,28.830400861002826,56.90958825334122,951.1949507281764,0.3184782276878838,0
2023-02-03,AWS_04_Himachal,31.63975298296801,58.082318502399794,951.0542061149262,0.478923376564214,0
2023-02-04,AWS_04_Himachal,29.101944712808734,57.81583224777249,950.4663231347076,1.5339248461908146,0
2023-02-05,AWS_04_Himachal,26.502022915481746,60.50481016157688,950.6948812899712,0.947516461022049,0
2023-02-06,AWS_04_Himachal,31.23112054886349,64.0985244437153,951.3918413028084,2.9280366090976715,0
2023-02-07,AWS_04_Himachal,29.50101719334376,63.038549582653104,950.9547946832456,0.628696061304549,0
2023-02-08,AWS_04_Himachal,30.279645979308345,51.73944362499453,950.964883412638,0.4652180574092143,0
2023-02-09,AWS_04_Himachal,31.722862121536057,57.89713041013957,950.888890900658,6.286211203380721,0
2023-02-10,AWS_04_Himachal,29.97366550880997,54.87093537515818,950.9322533606376,3.630968371650359,0
2023-02-11,AWS_04_Himachal,29.501538143931956,61.816675363104,952.1446024954126,0.0441320085584889,0
2023-02-12,AWS_04_Himachal,29.003989741202453,59.1053396128474,950.7889176691637,2.209273336635724,0
2023-02-13,AWS_04_Himachal,27.178153145904965,61.00559541645755,952.11055715728,0.1753650560754633,0
2023-02-14,AWS_04_Himachal,28.39722900350133,58.10023949998294,951.2335510437042,0.0418049696693659,0
2023-02-15,AWS_04_Himachal,31.498759980201232,56.26166538885381,951.0964359982746,0.4796789288780094,0
2023-02-16,AWS_04_Himachal,27.78977197844373,56.87377069865634,951.6391998585076,0.4707226349664191,0
2023-02-17,AWS_04_Himachal,27.930201346565447,54.9800436858533,951.4973544380632,2.5665313773700085,0
2023-02-18,AWS_04_Himachal,29.858458307622318,55.890254607781,951.3951941999588,1.8602667826477108,0
2023-02-19,AWS_04_Himachal,25.466551946827757,55.3619288664447,951.626553432204,5.9938756509999696,0
2023-02-20,AWS_04_Himachal,28.511427407208316,56.78289659014845,951.557428752236,1.864657363729033,0
2023-02-21,AWS_04_Himachal,24.99783871507112,56.71988092402448,951.4527928264716,0.812586033934163,0
2023-02-22,AWS_04_Himachal,27.77707909435305,61.28718810493486,952.0497285031388,1.800607071033017,0
2023-02-23,AWS_04_Himachal,26.939099543491444,61.27913761871766,950.8792338185938,11.283323214169355,0
2023-02-24,AWS_04_Himachal,27.683072845622547,61.50462723154761,951.1657457064324,1.8575455889087535,0
2023-02-25,AWS_04_Himachal,25.03492283514522,63.96304774522045,951.248845522954,2.15121999050927,0
2023-02-26,AWS_04_Himachal,25.537711922818318,60.3168468326153,951.1333729217272,4.17978845165066,0
2023-02-27,AWS_04_Himachal,27.120496739798096,58.324533643503415,951.7242001159352,0.1809671933453379,0
2023-02-28,AWS_04_Himachal,25.141416854882884,67.41758905865163,951.9523439625924,1.830073471790016,0
2023-03-01,AWS_04_Himachal,26.81884407271911,63.617966412884,950.7362626692912,2.8537612871512668,0
2023-03-02,AWS_04_Himachal,25.77645404964084,61.47685306835623,951.4978861729412,4.631067568716055,0
2023-03-03,AWS_04_Himachal,24.56898848952304,61.38856142788725,951.590951620014,0.3554250537620994,0
2023-03-04,AWS_04_Himachal,24.537356990324017,62.13008682543688,951.625207041808,1.0515543493665818,0
2023-03-05,AWS_04_Himachal,24.78634030648749,60.77711852747891,951.1414187079858,1.7117545305298694,0
2023-03-06,AWS_04_Himachal,24.21949530827886,61.89146376886295,951.6426013028906,0.4264670983425156,0
2023-03-07,AWS_04_Himachal,25.41188769254077,63.129332015478674,951.3584661796702,1.3762103839499007,0
2023-03-08,AWS_04_Himachal,23.524466931113835,59.576985531223386,951.66106742302,0.4467577774637394,0
2023-03-09,AWS_04_Himachal,22.984910353643485,56.98060884824259,950.9821288161004,0.6084759841779042,0
2023-03-10,AWS_04_Himachal,24.97117324415633,55.7833139780074,951.691303655474,0.873801205992627,0
2023-03-11,AWS_04_Himachal,22.732279836387697,64.80211054613613,951.5081576596648,1.1299513096761409,0
2023-03-12,AWS_04_Himachal,22.31300410712032,57.5186613585048,951.7484715920104,0.8950270563342002,0
2023-03-13,AWS_04_Himachal,19.15163556832309,63.79329530417778,952.0415891300116,1.0194449855651568,0
2023-03-14,AWS_04_Himachal,21.07599986271832,59.06479635985602,951.8797455023828,0.531991366530026,0
2023-03-15,AWS_04_Himachal,21.13106381650541,59.24445947675343,952.3091672540716,0.2596831718199711,0
2023-03-16,AWS_04_Himachal,21.33125870770007,60.63662793370296,951.7418763611464,0.072761520397423,0
2023-03-17,AWS_04_Himachal,20.809468131103703,63.50630207945853,952.2409222842424,0.327194318386123,0
2023-03-18,AWS_04_Himachal,23.11732105445746,59.19142709809974,952.5026213968932,1.3082085399186765,0
2023-03-19,AWS_04_Himachal,49.87577285414381,61.340277105051335,952.0850807630768,2.3134783278678563,1
2023-03-20,AWS_04_Himachal,20.088780134087862,63.24832561575394,951.9452977677452,0.2781352195766758,0
2023-03-21,AWS_04_Himachal,21.12025502521205,59.82960197169255,952.1697939826324,0.1723679080452372,0
2023-03-22,AWS_04_Himachal,18.9804495364284,67.88045072005265,952.1234894422314,2.075189736621716,0
2023-03-23,AWS_04_Himachal,22.724379008817184,58.56391169139352,952.4753203888346,0.5461069096403277,0
2023-03-24,AWS_04_Himachal,21.326339614999863,63.21317009091117,952.3767647199296,4.53926987817437,0
2023-03-25,AWS_04_Himachal,18.115058530140065,67.8217877866622,952.3873580240482,1.8793138080075529,0
2023-03-26,AWS_04_Himachal,21.131220828762704,60.167549535014864,952.0104487925688,0.5934712942446436,0
2023-03-27,AWS_04_Himachal,21.18633635974555,63.94910956828853,952.1624513086406,0.512769748567333,0
2023-03-28,AWS_04_Himachal,17.383254843093244,64.81381500881712,952.1559130778444,1.1125559746950937,0
2023-03-29,AWS_04_Himachal,17.091004927870816,62.13235272318761,951.3931811412572,0.1236784986854526,0
2023-03-30,AWS_04_Himachal,17.665214494535416,64.45777342986695,952.532958031692,0.1877947867637542,0
2023-03-31,AWS_04_Himachal,16.19993378192597,66.51220460309007,951.1648917389876,0.2901184347206759,0
2023-04-01,AWS_04_Himachal,16.894120272809506,63.564149598676366,952.3560748082858,2.23564073479917,0
2023-04-02,AWS_04_Himachal,46.073082328355646,67.39627121099123,952.1333313657384,1.081879798046895,1
2023-04-03,AWS_04_Himachal,18.3044239693611,66.41915525992124,951.85694844749,0.0159350269242077,0
2023-04-04,AWS_04_Himachal,17.4120174298889,63.62987050311916,952.1933545105832,1.6790639275137962,0
2023-04-05,AWS_04_Himachal,16.810340998458216,68.89843069696218,952.2051189848456,0.8266648179362502,0
2023-04-06,AWS_04_Himachal,16.050094127656294,63.430599821594015,951.3394178501318,1.072636384401137,0
2023-04-07,AWS_04_Himachal,14.555764294061865,68.35824102607862,952.698273763242,0.3614195848094355,0
2023-04-08,AWS_04_Himachal,17.148557596240472,63.7584297019058,952.0225827254608,1.2037141010093977,0
2023-04-09,AWS_04_Himachal,16.85884063722263,65.11589757574836,953.1395942802574,5.805835089862613,0
2023-04-10,AWS_04_Himachal,14.823896138342638,65.7125103174258,952.372240694783,0.1144223075050159,0
2023-04-11,AWS_04_Himachal,13.842492905781578,67.35216227667603,951.9965949733852,0.5009396326172934,0
2023-04-12,AWS_04_Himachal,17.574181381425422,59.23164230241101,951.6208334609636,0.4175832685640408,0
2023-04-13,AWS_04_Himachal,15.35673734967087,67.98117109551465,951.9038076146946,0.4286245325659936,0
2023-04-14,AWS_04_Himachal,15.329603981039588,66.43434817374502,952.026936465556,0.7139271819703871,0
2023-04-15,AWS_04_Himachal,15.142850947493493,67.73315160039306,952.676951470422,2.5565279801872025,0
2023-04-16,AWS_04_Himachal,12.42842349385577,68.51698548194486,952.5492054832034,3.660336337076074,0
2023-04-17,AWS_04_Himachal,16.231700298592685,68.32394095527118,952.1526853383658,0.3388743765292891,0
2023-04-18,AWS_04_Himachal,13.129365291368602,61.25279094147087,952.8020312185928,1.1744435236743564,0
2023-04-19,AWS_04_Himachal,14.720765891358404,64.22352666472128,950.8992714284608,1.5196112547684175,0
2023-04-20,AWS_04_Himachal,15.429779726303575,68.53597811169104,952.1281168532884,1.1066755189767912,0
2023-04-21,AWS_04_Himachal,13.120032364254495,68.26683882122168,952.5133482460412,0.8539442729518022,0
2023-04-22,AWS_04_Himachal,10.983070558128896,65.42851858546086,952.1474815782988,0.3197443595848073,0
2023-04-23,AWS_04_Himachal,8.773956377312361,70.13869778815778,951.1950438726642,1.0047887725253104,0
2023-04-24,AWS_04_Himachal,12.217037982047213,67.28423825474752,952.5433030111452,0.7692785836803379,0
2023-04-25,AWS_04_Himachal,12.412074457360491,70.83752157590601,952.2158415338056,2.3812457888952614,0
2023-04-26,AWS_04_Himachal,10.929658182728009,71.93629279660047,951.9927152402952,2.163372650093988,0
2023-04-27,AWS_04_Himachal,11.770149111498124,69.2660416579894,951.8508906002274,0.2158032713455024,0
2023-04-28,AWS_04_Himachal,11.979844585687388,70.22168287033458,952.788529615544,0.1390268812647276,0
2023-04-29,AWS_04_Himachal,12.594900594410392,66.85248167132005,951.9983734171254,3.58146209911132,0
2023-04-30,AWS_04_Himachal,10.532885832304936,71.47623819496636,951.6390645785784,1.1502176716421564,0
2023-05-01,AWS_04_Himachal,10.581557493374016,69.57460244047549,951.3377233869708,2.925791029399237,0
2023-05-02,AWS_04_Himachal,10.157683685026862,68.15555532123962,952.105048825704,0.0898656637575041,0
2023-05-03,AWS_04_Himachal,10.254234767657543,65.50149549759116,952.2017610371374,1.1214545219072705,0
2023-05-04,AWS_04_Himachal,9.214635054399524,67.81865635893553,951.718755891948,1.1629242878256734,0
2023-05-05,AWS_04_Himachal,8.99040754898749,66.06231703175852,951.3929617189142,2.9567099841249167,0
2023-05-06,AWS_04_Himachal,8.870204876967769,71.78967501101744,952.3177366965538,0.1540627168473677,0
2023-05-07,AWS_04_Himachal,9.575025114153338,73.27962266118041,951.1893683940434,0.4125349284279853,0
2023-05-08,AWS_04_Himachal,7.860107285269623,72.47889915569824,952.597682583308,0.7826739342741703,0
2023-05-09,AWS_04_Himachal,8.247668055577654,77.29850929602381,951.2250988183912,3.013099738489407,0
2023-05-10,AWS_04_Himachal,11.432813901744566,68.56815046160911,950.9321507032332,4.192455561472282,0
2023-05-11,AWS_04_Himachal,9.863047842946344,71.84654432414943,950.9745847340524,7.38488876663392,0
2023-05-12,AWS_04_Himachal,6.884156685656824,66.61872001208786,950.9729168114344,4.798370347034334,0
2023-05-13,AWS_04_Himachal,9.420985625419622,69.6754607565275,951.3870356030455,0.0089392174683,0
2023-05-14,AWS_04_Himachal,8.872188747612558,65.93803203397563,951.2483577638968,0.0733258906374045,0
2023-05-15,AWS_04_Himachal,7.585329408412583,72.17593832491126,951.9714350205884,0.2395610681098793,0
2023-05-16,AWS_04_Himachal,6.492397195537313,69.50453481603238,951.8763912349968,0.6435507394332377,0
2023-05-17,AWS_04_Himachal,6.138328657305251,64.50526735152994,951.2994116907064,2.657212181210773,0
2023-05-18,AWS_04_Himachal,7.525753015866941,68.7102818676257,952.9382546566565,3.3475777018173,0
2023-05-19,AWS_04_Himachal,5.743238432501554,76.23929555573112,951.2431662855616,0.3102307618203944,0
2023-05-20,AWS_04_Himachal,8.484272896437327,72.1841211807236,951.2843695508956,1.4500509075990922,0
2023-05-21,AWS_04_Himachal,8.73881017159231,73.3512245014487,950.671603740352,3.739928212641384,0
2023-05-22,AWS_04_Himachal,6.435910964145477,71.50990639230056,951.2438392641608,0.9346811256758528,0
2023-05-23,AWS_04_Himachal,8.044214013278788,70.67610041100332,951.4062259748872,0.1639583841117822,0
2023-05-24,AWS_04_Himachal,5.558100740087996,71.35317748807286,950.6384587529798,0.918218276403979,0
2023-05-25,AWS_04_Himachal,4.946781731778347,72.12653315576227,950.9539024140448,0.7069144235793047,0
2023-05-26,AWS_04_Himachal,7.515157854593649,68.18217861819653,951.3390758695728,1.2929097859641012,0
2023-05-27,AWS_04_Himachal,8.08457713338706,73.84130514056031,950.8851267962582,0.8661392291575676,0
2023-05-28,AWS_04_Himachal,8.513185672870767,74.99564317335847,950.7520989386348,0.0262471951224081,0
2023-05-29,AWS_04_Himachal,5.924787028949046,71.1164694509092,951.4815473841832,7.673427175051413,0
2023-05-30,AWS_04_Himachal,6.58005174939197,70.21120609429289,950.4204031907574,1.176382090230196,0
2023-05-31,AWS_04_Himachal,5.617660904184168,69.62668096827362,950.4881635927348,0.9626284901257284,0
2023-06-01,AWS_04_Himachal,7.125459169599795,77.20010784559292,951.0911732971838,13.916816457323032,0
2023-06-02,AWS_04_Himachal,5.542819645992677,70.63364431130799,951.3956250455876,0.7624681057014073,0
2023-06-03,AWS_04_Himachal,5.976905308655246,74.01632714229045,951.0950809984612,0.944011091567595,0
2023-06-04,AWS_04_Himachal,2.9464586706755505,71.55149952502944,950.7998697593388,7.426515275731542,0
2023-06-05,AWS_04_Himachal,4.187104933934985,71.45105698112008,950.728343259099,1.3600296226213948,0
2023-06-06,AWS_04_Himachal,5.642556374592393,69.94729641851401,951.3552216213524,7.22511401295781,0
2023-06-07,AWS_04_Himachal,5.400337746543142,69.38809957548378,951.2482126341166,1.425661271290796,0
2023-06-08,AWS_04_Himachal,5.559065269024507,74.57405003848852,950.8121051792344,0.1518787605620737,0
2023-06-09,AWS_04_Himachal,4.292110312878582,69.42863077746058,950.6166065808396,3.2749609951427643,0
2023-06-10,AWS_04_Himachal,3.037628797679381,73.84587142417234,950.7410635577822,0.9855456671934952,0
2023-06-11,AWS_04_Himachal,3.835919323608608,72.77877090437141,950.3276259010448,6.38182170575212,0
2023-06-12,AWS_04_Himachal,3.907738913499765,74.8114156741113,950.5837291387516,4.61245106965983,0
2023-06-13,AWS_04_Himachal,4.116843570927389,70.76788101055978,950.3814457458764,11.573133770683596,0
2023-06-14,AWS_04_Himachal,2.223700536843543,75.88016653840232,950.5430032293576,6.875119231774495,0
2023-06-15,AWS_04_Himachal,3.202209776572883,72.25588977100695,950.333619215568,0.8972895290696523,0
2023-06-16,AWS_04_Himachal,3.397785950390154,80.49199756945863,950.789306922425,7.246032340089565,0
2023-06-17,AWS_04_Himachal,0.1015201260178626,67.90954960090073,950.9032470608864,4.619196227297065,0
2023-06-18,AWS_04_Himachal,4.651982113561723,80.0717509120968,950.270753430354,4.974708675943509,0
2023-06-19,AWS_04_Himachal,3.591946543303191,72.43640994804903,950.0211019964462,8.03410795167498,0
2023-06-20,AWS_04_Himachal,3.690940900247849,73.51215958804964,950.7491566466792,3.838063656790225,0
2023-06-21,AWS_04_Himachal,2.4711161268534325,71.05680605536142,950.4519125778454,2.82314709553057,0
2023-06-22,AWS_04_Himachal,4.079506569920524,68.1866195840631,950.1422459866184,4.5556382251394805,0
2023-06-23,AWS_04_Himachal,1.912398204544349,71.3293233157018,950.9793743505212,1.5919255542849686,0
2023-06-24,AWS_04_Himachal,2.112618835163945,71.83635760457696,949.974979224672,0.9073043912484312,0
2023-06-25,AWS_04_Himachal,4.036296362070024,73.49837778168164,949.2268498564032,4.313901274289007,0
2023-06-26,AWS_04_Himachal,3.602922017998946,76.32758601434685,949.8350938143184,1.1986882976062685,0
2023-06-27,AWS_04_Himachal,1.1285820533723336,73.54820153922147,950.9639621969126,0.3748020333594801,0
2023-06-28,AWS_04_Himachal,5.393273288054173,73.60990956562279,949.9615746891982,0.0024945219102986,0
2023-06-29,AWS_04_Himachal,1.8761417931068296,74.14569607036826,949.8283248202912,4.217888568650269,0
2023-06-30,AWS_04_Himachal,2.8061099404103222,67.73254260873534,950.064938441081,2.0234260160120803,0
2023-07-01,AWS_04_Himachal,5.620736693158944,68.01213016652184,950.5227455377238,6.280115551339445,0
2023-07-02,AWS_04_Himachal,-0.0891167405591164,68.50873670633723,949.941336010864,2.1162865787241403,0
2023-07-03,AWS_04_Himachal,0.4456090423878711,71.87751161409803,950.2440369105,2.994924249828708,0
2023-07-04,AWS_04_Himachal,3.676788804099327,67.37744756164572,949.8193224185226,2.352168825137091,0
2023-07-05,AWS_04_Himachal,-0.6905880908586095,70.91612164158755,950.1791790308416,4.731595806594534,0
2023-07-06,AWS_04_Himachal,-0.0202578026029076,68.87126162445708,949.9353584384838,1.9812269984128397,0
2023-07-07,AWS_04_Himachal,4.829916153224083,74.42731725791184,949.6119306129208,14.930113100460929,3
2023-07-08,AWS_04_Himachal,2.5471579075178608,74.26293953021418,949.9057279740572,12.38027176172684,3
2023-07-09,AWS_04_Himachal,6.552307873789208,72.03148643998642,949.4712486912376,8.478262552952742,3
2023-07-10,AWS_04_Himachal,1.8081322733641545,67.2146308772621,949.0193074302435,11.38270089636864,3
2023-07-11,AWS_04_Himachal,2.989074974986088,72.18183173482473,949.6644420771968,2.6832330902046686,3
2023-07-12,AWS_04_Himachal,4.388640015997064,73.85555269631718,948.995779649604,3.4595943143015875,3
2023-07-13,AWS_04_Himachal,4.400255320838378,75.2759332846101,949.9053689881772,6.098195899620627,3
2023-07-14,AWS_04_Himachal,3.4302398517756734,78.07572182415636,949.554212783258,5.360434690796079,3
2023-07-15,AWS_04_Himachal,2.963868258420775,76.14044123913114,950.2510346337508,9.960583821147948,3
2023-07-16,AWS_04_Himachal,4.411896100645841,73.24640819299904,949.340837083526,5.66976289311024,3
2023-07-17,AWS_04_Himachal,6.262782860561789,71.86118938460783,949.4626554161222,27.7135313514842,3
2023-07-18,AWS_04_Himachal,5.478556022797108,70.45065922840412,948.7047256240284,1.9281905312894352,3
2023-07-19,AWS_04_Himachal,3.526796052705968,76.70671972651182,948.8545277058678,8.053865762095468,3
2023-07-20,AWS_04_Himachal,3.133240055676181,73.09751448142877,948.534424536954,5.382539082798801,3
2023-07-21,AWS_04_Himachal,3.731337219255405,74.44513269672395,949.879929941124,5.290494374433383,3
2023-07-22,AWS_04_Himachal,3.0137247958383138,70.73635992013884,949.0789982171616,1.7742657296352284,3
2023-07-23,AWS_04_Himachal,5.303442692539832,68.73558650886669,949.9401124142372,6.929640945011002,3
2023-07-24,AWS_04_Himachal,6.465140943527009,71.20638506273261,947.9042785025551,10.378585817472365,3
2023-07-25,AWS_04_Himachal,5.303700456470237,71.44550296033199,949.986856645959,1.1097096387578682,3
2023-07-26,AWS_04_Himachal,8.160695486500028,72.87431536469823,949.1472766370164,4.419697636999123,3
2023-07-27,AWS_04_Himachal,8.418557347694405,70.02924385217925,949.3199230145436,2.240109810003242,3
2023-07-28,AWS_04_Himachal,6.395452000229128,72.25685673841976,948.5874910662076,20.52438005241989,3
2023-07-29,AWS_04_Himachal,7.169159630861543,75.65333967454247,949.3518315724018,2.9325797900332726,3
2023-07-30,AWS_04_Himachal,4.951925992041359,67.03749937103542,948.8707239116246,1.1663349654619308,3
2023-07-31,AWS_04_Himachal,5.9516837050750215,65.6397490530196,948.43047747476,2.1646641067104286,3
2023-08-01,AWS_04_Himachal,8.595463417868398,75.66019958076102,948.3936831966574,4.773822891831733,3
2023-08-02,AWS_04_Himachal,6.016159468885614,67.46152859311117,948.3551999996772,0.3561297041616819,3
2023-08-03,AWS_04_Himachal,9.31795586713221,70.64011148246529,949.1286597015744,4.164013443098183,3
2023-08-04,AWS_04_Himachal,8.961317241512297,73.53167668566165,948.591703314988,12.046101617693424,3
2023-08-05,AWS_04_Himachal,8.62921796728531,71.45248219138372,948.0607745973248,8.547936744470466,3
2023-08-06,AWS_04_Himachal,5.955734365489338,71.33225545633393,949.0371052212104,0.3153250938390567,3
2023-08-07,AWS_04_Himachal,5.396765358270308,71.68932589845447,947.7380647338138,22.586189760962604,0
2023-08-08,AWS_04_Himachal,6.98462266497072,78.9463772809743,949.4612879220472,5.398821878841865,0
2023-08-09,AWS_04_Himachal,4.696802050789074,76.64831531439584,949.76263608821,0.796825562442204,0
2023-08-10,AWS_04_Himachal,6.0509269245707005,69.13960124918385,948.0862625330448,0.0562221577074218,0
2023-08-11,AWS_04_Himachal,55.20398443092861,74.28593527724189,949.2421158893338,0.845442532794789,1
2023-08-12,AWS_04_Himachal,5.815341947026351,72.56046978535683,948.8642362867846,8.195604587810976,0
2023-08-13,AWS_04_Himachal,5.568759165026616,70.89428711071578,948.4138529332982,0.0984459984003859,0
2023-08-14,AWS_04_Himachal,4.311427237614046,68.13634614747642,948.411766970731,1.1945724647061071,0
2023-08-15,AWS_04_Himachal,6.610041460120615,72.11944129076728,948.9406767026812,6.371784994712275,0
2023-08-16,AWS_04_Himachal,8.530372095248307,69.75087703092242,948.568857380984,3.9697035107820495,0
2023-08-17,AWS_04_Himachal,6.245001103057163,69.4323295799875,947.2675415939948,6.869883338562563,0
2023-08-18,AWS_04_Himachal,7.768016835332403,68.17014131904027,949.5773920933289,6.16956175049772,0
2023-08-19,AWS_04_Himachal,7.594786728795927,73.36955022372753,948.7341430712952,0.2336694026263707,0
2023-08-20,AWS_04_Himachal,7.124040895577196,67.96399862169625,948.4686609545276,10.0366679753471,0
2023-08-21,AWS_04_Himachal,9.576336700620582,67.8778491890291,948.1130111545764,1.1588283630635323,0
2023-08-22,AWS_04_Himachal,10.98185725393861,72.3906405922397,948.3557516654326,3.6273375555035976,0
2023-08-23,AWS_04_Himachal,10.226435866525009,69.51637982269074,949.0632939192682,4.6513543695435455,0
2023-08-24,AWS_04_Himachal,7.880254351591187,69.48819298583292,948.5384434897078,0.8310518303541705,0
2023-08-25,AWS_04_Himachal,12.119626822815242,72.82877201118364,948.574727419582,16.82722740695159,0
2023-08-26,AWS_04_Himachal,10.84273011706918,73.55943476778963,947.7423385872848,3.013808859342834,0
2023-08-27,AWS_04_Himachal,8.866703532429781,63.1216686283988,948.1724764644388,0.2671684752898243,0
2023-08-28,AWS_04_Himachal,8.604366052561332,69.00442090192502,948.3536747945344,12.45954900620514,0
2023-08-29,AWS_04_Himachal,11.665970521552708,65.04418688172584,948.6577850570228,3.9714141544354766,0
2023-08-30,AWS_04_Himachal,45.61599560619917,67.99757048367215,948.0834475555612,5.405791833307331,1
2023-08-31,AWS_04_Himachal,9.149436906145604,69.01947996942985,948.7376501266378,3.3516478238290084,0
2023-09-01,AWS_04_Himachal,10.427406534356283,67.85566561220983,947.6844107584088,8.101003103981176,0
2023-09-02,AWS_04_Himachal,10.264938692172205,65.7237822845273,948.2747437535965,0.0505422146997799,0
2023-09-03,AWS_04_Himachal,9.867920230186376,65.44984200247245,948.1750779152918,0.4687376866663535,0
2023-09-04,AWS_04_Himachal,12.856206708323,70.73884959193366,947.4505581878374,0.95132252093254,0
2023-09-05,AWS_04_Himachal,12.739207213784209,73.03556492161144,948.1694343170126,0.1195450278290958,0
2023-09-06,AWS_04_Himachal,13.058633099595324,62.12479807546274,947.8874884795284,1.835787166125868,0
2023-09-07,AWS_04_Himachal,13.27386337574092,67.19748651606392,948.8717201116276,0.7504800371284461,0
2023-09-08,AWS_04_Himachal,10.900611078938724,70.24940617431622,947.9462905376532,0.4775583315889017,0
2023-09-09,AWS_04_Himachal,11.608631239845463,67.82796890677561,948.3139874052204,0.0050768520034249,0
2023-09-10,AWS_04_Himachal,14.94327445563807,64.4561197762932,947.5107163160014,1.9085397448652004,0
2023-09-11,AWS_04_Himachal,48.97396329333609,66.23438201915476,948.2327621599258,2.691929112292148,1
2023-09-12,AWS_04_Himachal,11.036424630606955,68.44398102100843,947.8957536856708,0.7538907364836226,0
2023-09-13,AWS_04_Himachal,13.8131193768586,66.48498213294427,947.7044997647552,1.2459196619590025,0
2023-09-14,AWS_04_Himachal,14.716799083287146,67.13093369649235,949.499510481994,0.3875473295414241,0
2023-09-15,AWS_04_Himachal,14.76884757862269,67.08503294855247,947.8963343884968,1.460076140798501,0
2023-09-16,AWS_04_Himachal,12.825344636985246,65.43667568210368,947.95814996929,0.0183175781442592,0
2023-09-17,AWS_04_Himachal,17.31271149533017,69.32563818847639,948.5067603331167,1.006033585380966,0
2023-09-18,AWS_04_Himachal,12.483259663388887,65.30931105264895,947.6637655579722,1.5501028664305034,0
2023-09-19,AWS_04_Himachal,15.152986318285588,63.590720464348365,948.2424087554144,3.7550662030001902,0
2023-09-20,AWS_04_Himachal,17.844854004283924,73.16090511353103,948.289307102262,0.7202890035858472,0
2023-09-21,AWS_04_Himachal,16.381711243371374,66.1030307357047,948.1504539133032,2.173469200418449,0
2023-09-22,AWS_04_Himachal,17.003498378407244,58.40008108616028,949.1708144775,1.3657874411752071,0
2023-09-23,AWS_04_Himachal,14.425033178231851,69.82835216428653,947.6156373472488,3.9261926731234302,0
2023-09-24,AWS_04_Himachal,16.781550692462794,69.68206340440571,948.7822866022522,0.7621880981341953,0
2023-09-25,AWS_04_Himachal,16.462793924964497,67.16208770333407,948.2458595790114,0.5764994736705079,0
2023-09-26,AWS_04_Himachal,15.07978781629711,67.54831679210538,948.4614070030866,3.272437314146589,0
2023-09-27,AWS_04_Himachal,18.3299804924727,71.99529453359895,948.174782864111,0.0757473653783585,0
2023-09-28,AWS_04_Himachal,16.06094906718751,62.490165814673965,948.941379244702,0.2199429994907041,0
2023-09-29,AWS_04_Himachal,16.496808479043583,65.6406826006997,947.8408684769892,0.128997818979039,0
2023-09-30,AWS_04_Himachal,18.45521454200214,71.01239040575344,948.2487768019122,2.778315119039952,0
2023-10-01,AWS_04_Himachal,17.849684905976137,71.51027893653468,948.652754990813,0.0159961246766197,0
2023-10-02,AWS_04_Himachal,18.576673497027357,63.72959428178701,947.7210416475046,2.967030441510105,0
2023-10-03,AWS_04_Himachal,18.27408472522785,70.72067430313001,948.501718316169,0.90021711606175,0
2023-10-04,AWS_04_Himachal,20.958346116765107,66.96055618316603,947.9938100298916,0.0060501031426479,0
2023-10-05,AWS_04_Himachal,17.70888097761324,68.90088245442108,947.3879082401164,0.770357027774647,0
2023-10-06,AWS_04_Himachal,18.65656098015659,66.58744982922504,947.2823672184307,0.3101688472046897,0
2023-10-07,AWS_04_Himachal,20.33247753633129,65.05728795826782,947.9661542695244,1.468847744247121,0
2023-10-08,AWS_04_Himachal,18.385312207840304,70.63232726661445,948.5109981419664,1.7061487598787788,0
2023-10-09,AWS_04_Himachal,18.57476935466183,62.28184774555043,946.9806502273416,1.002762547993231,0
2023-10-10,AWS_04_Himachal,20.585006617551727,69.43837434023683,948.1255261347764,0.0620449700097655,0
2023-10-11,AWS_04_Himachal,21.93400242469973,69.77781487781233,948.4772409339384,1.6012321845384698,0
2023-10-12,AWS_04_Himachal,22.38359045325383,67.54953230806362,947.3984121167962,2.768108612916861,0
2023-10-13,AWS_04_Himachal,21.277329503426657,63.1102958868626,947.7273200041736,1.911186720414128,0
2023-10-14,AWS_04_Himachal,20.383536294878333,63.92438055987075,948.337982560444,2.657564005510195,0
2023-10-15,AWS_04_Himachal,22.056240627890425,59.23278537741388,948.484141129968,0.3356709879939176,0
2023-10-16,AWS_04_Himachal,22.741884419115543,61.56616571361204,948.8705692357898,3.295824051421582,0
2023-10-17,AWS_04_Himachal,22.534245585397443,64.65335947453578,947.7845700316052,0.5833400357913935,0
2023-10-18,AWS_04_Himachal,24.24025982268728,58.37906039763333,947.6797419195972,0.0202432047503405,0
2023-10-19,AWS_04_Himachal,21.11401301774176,61.63413006100621,948.9242296997508,2.7810107292671926,0
2023-10-20,AWS_04_Himachal,21.834667244214348,68.23174924700848,947.731336292056,4.26635315574867,0
2023-10-21,AWS_04_Himachal,24.766585329115927,61.80434162833551,948.3739306379166,1.598745203693802,0
2023-10-22,AWS_04_Himachal,21.155943836723985,65.23929909579755,949.2238829705702,0.3948483910045145,0
2023-10-23,AWS_04_Himachal,22.79671713123479,63.70974964684191,948.5212709796448,0.4350161010863369,0
2023-10-24,AWS_04_Himachal,22.747146300872277,60.959888094232994,948.5496925330352,0.9427054600280128,0
2023-10-25,AWS_04_Himachal,21.735078573379507,61.29144819656513,948.810777076012,3.421691629726622,0
2023-10-26,AWS_04_Himachal,24.035789854979967,62.13178877595625,948.4484061633374,0.2430685436726408,0
2023-10-27,AWS_04_Himachal,25.66920926917364,55.3537226787732,948.594773461497,2.6228230004746966,0
2023-10-28,AWS_04_Himachal,25.01557493226621,64.22434677116809,948.0447425000124,0.5164904045295788,0
2023-10-29,AWS_04_Himachal,26.209793935323148,60.90598603757359,948.811846213534,2.479976313806779,0
2023-10-30,AWS_04_Himachal,27.025550077882723,64.08568955571694,948.4549573976514,3.793686559942032,0
2023-10-31,AWS_04_Himachal,24.884251692189423,62.184495529398426,947.5260527452446,0.8365977595064655,0
2023-11-01,AWS_04_Himachal,29.655840216409448,60.4133498505474,948.4039440396238,0.6813150802742866,0
2023-11-02,AWS_04_Himachal,25.388042493539835,61.37602421501147,947.2155417758528,2.430909969065428,0
2023-11-03,AWS_04_Himachal,25.80562077107418,61.26971024673739,948.6757196715604,1.1308844082797016,0
2023-11-04,AWS_04_Himachal,25.278830744552504,64.98043080593305,948.2208829754802,1.730152673204723,0
2023-11-05,AWS_04_Himachal,27.37171861176381,60.62602513680168,949.309823226967,1.4625858625926975,0
2023-11-06,AWS_04_Himachal,26.32871747596006,61.19011113389932,948.6217375143304,0.2488850399031257,0
2023-11-07,AWS_04_Himachal,26.854375383216247,56.42888333657236,948.8593686191624,2.794467842438296,0
2023-11-08,AWS_04_Himachal,26.87047650969192,59.96377844495476,947.893497061463,0.3268145051139165,0
2023-11-09,AWS_04_Himachal,27.039301773938377,64.3596457215075,948.7816956603764,4.038608074558741,0
2023-11-10,AWS_04_Himachal,27.818670374870766,61.17646764162423,948.1408413349308,0.432666126908262,0
2023-11-11,AWS_04_Himachal,27.103149608625746,56.54177182368262,949.0286472204142,1.985717402083623,0
2023-11-12,AWS_04_Himachal,27.36788759658866,56.759671808561095,947.9468797116066,0.5024863278827361,0
2023-11-13,AWS_04_Himachal,29.773499071631814,57.35459540539449,948.5840696305004,0.5736165306971522,0
2023-11-14,AWS_04_Himachal,27.91231712782246,62.47750602483668,947.97377070745,0.5565995498792758,0
2023-11-15,AWS_04_Himachal,29.11324071809804,62.00940174352366,948.639591732179,2.0668480791920025,0
2023-11-16,AWS_04_Himachal,27.385863179911745,48.91984835313332,949.6123267988968,1.2206523826089388,0
2023-11-17,AWS_04_Himachal,28.232077830799167,58.94298271899912,948.9865285056808,3.217762599672834,0
2023-11-18,AWS_04_Himachal,27.22605446631057,59.536303469135895,948.6347985113796,0.5508948882394177,0
2023-11-19,AWS_04_Himachal,32.029046168111265,56.11495820378551,947.445651201823,1.7664468259001236,0
2023-11-20,AWS_04_Himachal,31.47975339641369,57.73974093988214,948.4348973188582,2.0972382982106086,0
2023-11-21,AWS_04_Himachal,30.47553725740549,62.81574297139578,948.9664622210984,0.2463961707519851,0
2023-11-22,AWS_04_Himachal,32.97135563559068,59.96268880602701,948.500477665317,0.7677125530519975,0
2023-11-23,AWS_04_Himachal,31.0590032113569,57.15267920744731,949.4966213837516,0.9890391866599816,0
2023-11-24,AWS_04_Himachal,29.80095581201908,58.00665122051331,948.8463157073038,0.6593568768555047,0
2023-11-25,AWS_04_Himachal,30.769470903260768,57.80401186494757,949.3776970111484,0.5831611133759351,0
2023-11-26,AWS_04_Himachal,32.40002461958201,59.25448154849608,948.9690469164065,1.7395506450159115,0
2023-11-27,AWS_04_Himachal,29.182862315066597,54.04236185658342,948.7571383021112,0.3647637930021721,0
2023-11-28,AWS_04_Himachal,28.884896379421903,56.24720180179189,948.688326405138,1.8536635219745088,0
2023-11-29,AWS_04_Himachal,31.390281566464544,61.28956918060376,948.4470917661076,4.101072277239538,0
2023-11-30,AWS_04_Himachal,30.034140638011813,57.89461241201048,949.5309647040268,1.2492951340323055,0
2023-12-01,AWS_04_Himachal,27.65398878901145,55.49356012694673,948.798442933653,1.4179392730468936,0
2023-12-02,AWS_04_Himachal,29.305001250147477,55.55033919741976,949.3036807405766,0.1071355781048201,0
2023-12-03,AWS_04_Himachal,30.82392279898175,60.07396583411895,948.8100269665604,2.99791980027433,0
2023-12-04,AWS_04_Himachal,31.481062079910707,56.2952354318556,948.5620268642232,0.5041488124271198,0
2023-12-05,AWS_04_Himachal,31.639478911053207,59.32069666420468,949.4120192202118,1.4319672765041953,0
2023-12-06,AWS_04_Himachal,34.64005907044572,55.84895593860954,948.7922608466348,5.802882861067644,0
2023-12-07,AWS_04_Himachal,31.426526438957666,54.28319101586175,948.9967803991544,1.3576649574132755,0
2023-12-08,AWS_04_Himachal,32.25678146691147,58.352227484768456,948.6043289447985,1.9348924945540016,0
2023-12-09,AWS_04_Himachal,29.49828312998587,57.274725691034206,949.013989288429,0.8840448297220971,0
2023-12-10,AWS_04_Himachal,31.983815932224307,59.57242942074073,949.3047013397912,0.0933970120544873,0
2023-12-11,AWS_04_Himachal,32.62105817745035,60.12183442299143,949.1812087107496,2.3962591913861,0
2023-12-12,AWS_04_Himachal,30.14192707466934,56.3501973091312,949.7665739848452,0.0534389653217443,0
2023-12-13,AWS_04_Himachal,30.884675696500523,58.42778087621016,949.4629179222202,1.8092519623655383,0
2023-12-14,AWS_04_Himachal,33.09603077608089,56.17368913678157,950.966692039795,0.034782535542992,0
2023-12-15,AWS_04_Himachal,31.615146765344363,59.20246827258097,949.6682089787662,2.9740738542748177,0
2023-12-16,AWS_04_Himachal,32.3489045468142,57.96546387447971,948.6215496421836,0.2573146449853045,0
2023-12-17,AWS_04_Himachal,33.377667056682725,55.35969003284808,949.4162132600328,1.083158165659215,0
2023-12-18,AWS_04_Himachal,35.68127624155164,55.0767500688869,949.4930329001168,1.3637891152627497,0
2023-12-19,AWS_04_Himachal,32.348423397886144,57.97608313557618,949.2829753810726,0.9174763459471044,0
2023-12-20,AWS_04_Himachal,35.38568120633617,60.62956831101374,949.6598519974316,0.625009373426061,0
2023-12-21,AWS_04_Himachal,29.840141109397525,59.82212777956959,949.3357151805368,0.9461441748319772,0
2023-12-22,AWS_04_Himachal,33.04288427297845,54.26679046275071,949.857792258143,0.5596764097059646,0
2023-12-23,AWS_04_Himachal,32.356852971340494,54.56221049487455,948.771098599388,0.8647067283308218,0
2023-12-24,AWS_04_Himachal,32.0925423607635,54.986577085638814,950.3316631460972,0.6668851377008769,0
2023-12-25,AWS_04_Himachal,33.907163662008095,55.25294465195388,949.00465141703,1.2527741997704978,0
2023-12-26,AWS_04_Himachal,32.62254162594128,51.579634289965824,949.6962926265168,0.4075638054522809,0
2023-12-27,AWS_04_Himachal,29.92702457725896,59.38908716993648,949.4960417518467,6.718672841025672,0
2023-12-28,AWS_04_Himachal,30.597448371951263,55.64301726357613,950.0497207010771,1.042332904080106,0
2023-12-29,AWS_04_Himachal,34.07415144863023,58.39096356177491,949.8395362213868,0.3238089679502142,0
2023-12-30,AWS_04_Himachal,30.541935727750648,56.053911261675786,950.091398620528,0.9724521769471396,0
2023-12-31,AWS_04_Himachal,34.12323177177117,56.93110229905665,950.5555962057272,3.019527403857861,0
2022-01-01,AWS_05_Kolkata,35.4638232713866,60.76478305568999,1012.9513286419937,2.4400559429492485,0
2022-01-02,AWS_05_Kolkata,35.35045903094141,56.95929818495905,1011.7250009128638,1.0043905629539946,0
2022-01-03,AWS_05_Kolkata,37.12842468249526,59.381902171083446,1011.1157918189118,0.7205374974822867,0
2022-01-04,AWS_05_Kolkata,36.98411752780476,60.25299678091409,1011.8479658671316,2.670128365977903,0
2022-01-05,AWS_05_Kolkata,33.66273083312812,60.90043965290074,1011.7930770967886,1.0106094721206578,0
2022-01-06,AWS_05_Kolkata,35.05632266002936,60.98272289413314,1011.3711142986868,0.4242834051777501,0
2022-01-07,AWS_05_Kolkata,37.80332309434301,62.25050692592285,1012.031691605271,1.0619147519364476,0
2022-01-08,AWS_05_Kolkata,36.3463619607386,64.10090124910256,1012.7700556340892,0.2294642431236891,0
2022-01-09,AWS_05_Kolkata,36.3819327142247,63.1335097947785,1012.011557547056,1.764679899562502,0
2022-01-10,AWS_05_Kolkata,36.21066869465625,61.88919868307306,1012.1545847098316,0.6140318771417755,0
2022-01-11,AWS_05_Kolkata,35.42876442961632,56.36988317971741,1013.0617077462408,0.4529936362203386,0
2022-01-12,AWS_05_Kolkata,35.7258291137095,63.72910906731281,1012.0360735007504,4.702793135956573,0
2022-01-13,AWS_05_Kolkata,35.14479695627533,62.65590279826338,1012.753306832806,2.2500749978328027,0
2022-01-14,AWS_05_Kolkata,36.99460339679379,59.46382574954437,1011.6236290767874,2.32018420558444,0
2022-01-15,AWS_05_Kolkata,35.076310750922254,60.35443458402624,1012.0276355758376,1.4661404481590936,0
2022-01-16,AWS_05_Kolkata,35.453656076697825,60.49827029447735,1012.4372007824692,2.741137271497306,0
2022-01-17,AWS_05_Kolkata,36.67785806342916,59.02665151986872,1013.1815247707364,2.135449152843421,0
2022-01-18,AWS_05_Kolkata,35.03208775141322,55.13687578274881,1012.1535724406024,1.3698445230080392,0
2022-01-19,AWS_05_Kolkata,35.363797457410435,57.07447004534878,1012.1802594092828,4.871082783225162,0
2022-01-20,AWS_05_Kolkata,34.875876188196806,57.7499396034038,1012.811222042984,0.3190380692615123,0
2022-01-21,AWS_05_Kolkata,35.21967710794686,54.61356603621707,1012.9237954916728,4.307082054461042,0
2022-01-22,AWS_05_Kolkata,34.804931052666454,57.22706990239738,1012.2216500983914,0.769838156523148,0
2022-01-23,AWS_05_Kolkata,34.42261039855078,64.04248185400131,1012.5103789436832,1.1274329320260357,0
2022-01-24,AWS_05_Kolkata,34.09671348671902,62.13084071223905,1013.3463063923374,0.1964266344972133,0
2022-01-25,AWS_05_Kolkata,34.82950023035259,57.8165043056369,1012.244382661551,1.165143569478766,0
2022-01-26,AWS_05_Kolkata,36.5423741579668,58.72331585346102,1013.0362895546244,1.4170613586555854,0
2022-01-27,AWS_05_Kolkata,35.87473156652953,64.53620210566834,1012.6376919390242,9.113275098547884,0
2022-01-28,AWS_05_Kolkata,32.49193370108477,64.52483665248783,1013.6283912503272,5.544908501161283,0
2022-01-29,AWS_05_Kolkata,34.13587660650897,61.18598331000112,1013.2476775584652,5.089722924422033,0
2022-01-30,AWS_05_Kolkata,33.73838604017627,64.567677965372,1013.4278325474736,0.6424591176802866,0
2022-01-31,AWS_05_Kolkata,32.2661254164899,58.8145998400499,1012.7485498601102,7.110883394101899,0
2022-02-01,AWS_05_Kolkata,34.93369300466432,61.86545959155201,1013.4590887927404,0.9117708176779792,0
2022-02-02,AWS_05_Kolkata,34.28527854479473,56.833415133087655,1013.4752488482992,2.8641558855990192,0
2022-02-03,AWS_05_Kolkata,37.36997083284558,60.23859333674456,1013.3646150634092,0.3656316985283726,0
2022-02-04,AWS_05_Kolkata,33.73819955621913,61.492845557423216,1012.9920988788368,1.0573231886952512,0
2022-02-05,AWS_05_Kolkata,32.97619758773534,56.4324545596816,1013.2429032194326,5.072625879188356,0
2022-02-06,AWS_05_Kolkata,32.729872176342326,63.3479246665384,1012.2630986064888,4.407083903620174,0
2022-02-07,AWS_05_Kolkata,33.258330109650856,63.93203202625941,1014.0964560492366,1.7267616343772434,0
2022-02-08,AWS_05_Kolkata,34.71529097343314,64.76951638491656,1012.94213220001,2.397853212750494,0
2022-02-09,AWS_05_Kolkata,34.77886796768725,68.8254880159455,1013.1034392369749,0.2911540783175893,0
2022-02-10,AWS_05_Kolkata,38.00027859438519,63.16130897849055,1012.6383598558602,1.918360019541998,0
2022-02-11,AWS_05_Kolkata,31.68839171898447,61.80914016065692,1013.659716669634,1.4437015280027992,0
2022-02-12,AWS_05_Kolkata,33.512615852976865,57.28714013947681,1013.6134922596214,0.1440260086633624,0
2022-02-13,AWS_05_Kolkata,32.23965294304709,63.36299709665401,1013.2263473878196,0.1801343641352284,0
2022-02-14,AWS_05_Kolkata,33.6724835181167,63.96091144788054,1012.2315804299454,0.1721798991433931,0
2022-02-15,AWS_05_Kolkata,35.10001049539177,58.31174339184847,1013.0675354975488,1.9329727385420357,0
2022-02-16,AWS_05_Kolkata,34.19490095098032,61.75835093415463,1013.677299425989,0.2292289641746264,0
2022-02-17,AWS_05_Kolkata,30.9647411291172,62.61247946577853,1013.5965448496304,0.945912999665051,0
2022-02-18,AWS_05_Kolkata,33.675540291147435,64.26973314926988,1013.4708434398386,0.6623733891972441,0
2022-02-19,AWS_05_Kolkata,29.34896376892972,65.35353226985995,1013.3046377859196,1.1994429555899764,0
2022-02-20,AWS_05_Kolkata,28.817615177243734,61.2803327721542,1012.7495195795532,1.838696296851269,0
2022-02-21,AWS_05_Kolkata,31.880529888052934,63.600797902171486,1014.0425269616412,1.731453290467975,0
2022-02-22,AWS_05_Kolkata,33.034884349005935,64.8261152365398,1012.8618307489738,1.0870184319219305,0
2022-02-23,AWS_05_Kolkata,32.504104423586135,62.66921498641235,1013.5005975203096,0.9363691160344404,0
2022-02-24,AWS_05_Kolkata,34.70166408782769,62.061227718886464,1013.10563260867,0.7607873402773656,0
2022-02-25,AWS_05_Kolkata,31.866413401361545,65.57579999829589,1014.1397979447552,2.969773887184725,0
2022-02-26,AWS_05_Kolkata,31.399886315386784,63.01871290793321,1013.9533549295404,0.6026245890075885,0
2022-02-27,AWS_05_Kolkata,33.14906746698169,60.07572039010125,1013.5026356656386,0.4503726920626404,0
2022-02-28,AWS_05_Kolkata,30.709578064187166,67.90250531901542,1014.0452262622435,2.039861324968037,0
2022-03-01,AWS_05_Kolkata,31.70683657666995,60.64215373197882,1012.9716582627808,0.6688763697172815,0
2022-03-02,AWS_05_Kolkata,31.64859710570432,63.73637406193532,1013.6951637365248,2.8159623085774528,0
2022-03-03,AWS_05_Kolkata,29.367425331002345,65.10522874430197,1013.2243516953766,0.5959970323538214,0
2022-03-04,AWS_05_Kolkata,31.254792360725155,65.62675100704092,1014.2806666679122,1.815714985771592,0
2022-03-05,AWS_05_Kolkata,33.79826243228969,64.89227278869448,1013.9711074479844,0.0692371315850093,0
2022-03-06,AWS_05_Kolkata,32.07148687912396,55.68041271230963,1014.1242332482108,0.7305730237298516,0
2022-03-07,AWS_05_Kolkata,28.952074402898177,62.52365196416126,1013.537406533504,0.6306324964471992,0
2022-03-08,AWS_05_Kolkata,33.56223369443182,65.64546521857032,1014.2006615009692,2.544772713281882,0
2022-03-09,AWS_05_Kolkata,30.93020899899584,64.55567677892493,1013.283452421138,5.11939202119503,0
2022-03-10,AWS_05_Kolkata,30.373571477367207,66.54524118217395,1013.3683204628346,0.9267291996785084,0
2022-03-11,AWS_05_Kolkata,29.43115005022413,68.20289904855731,1013.780096230466,2.6130512749498664,0
2022-03-12,AWS_05_Kolkata,30.439766163298906,66.7874959852147,1013.4123505254796,1.8044334874783772,0
2022-03-13,AWS_05_Kolkata,29.421097794114587,63.210216154861,1014.2459952189356,5.134519885036866,0
2022-03-14,AWS_05_Kolkata,29.119636627690745,63.91235608833244,1013.6653849027628,2.499873868157604,0
2022-03-15,AWS_05_Kolkata,28.72634006105744,70.553518520328,1013.3721399383968,0.12096618992555,0
2022-03-16,AWS_05_Kolkata,30.221620134883327,65.25389676265884,1013.317168615196,1.8738827346091853,0
2022-03-17,AWS_05_Kolkata,29.88952753756133,65.63768107814165,1014.2801765384072,1.1501896621121532,0
2022-03-18,AWS_05_Kolkata,28.20440590055572,67.58683017195278,1012.668090084336,0.0248589426814838,0
2022-03-19,AWS_05_Kolkata,25.98267997974976,69.90273944458684,1013.4426814789778,0.4341513272954035,0
2022-03-20,AWS_05_Kolkata,28.14724555020397,63.62169015555596,1014.6571490749924,3.821870221359149,0
2022-03-21,AWS_05_Kolkata,26.847701280339606,64.97203700968878,1013.7904312752048,3.90677983780806,0
2022-03-22,AWS_05_Kolkata,27.044945924487276,61.78386282234875,1014.3271742300304,2.4055600026555046,0
2022-03-23,AWS_05_Kolkata,27.398315223391343,65.84240923791516,1014.188448545234,6.007820420103242,0
2022-03-24,AWS_05_Kolkata,25.82492896712387,68.57045773209055,1013.884427838998,2.464067269225468,0
2022-03-25,AWS_05_Kolkata,24.829345405601156,65.91144444275186,1013.1549891273944,0.0153849103634833,0
2022-03-26,AWS_05_Kolkata,27.51177326674181,72.42038799620774,1013.3255007694256,0.509167089776003,0
2022-03-27,AWS_05_Kolkata,26.942760396697636,67.6265922770391,1013.3204781598754,0.0466543521814228,0
2022-03-28,AWS_05_Kolkata,26.713837680698028,67.1084417258634,1014.2356753103664,0.1482527262488534,0
2022-03-29,AWS_05_Kolkata,27.3253197838969,66.49625543173204,1014.3316611290512,0.3704644955783607,0
2022-03-30,AWS_05_Kolkata,25.397916000527083,63.61065367944689,1013.5590927329604,1.050434580791071,0
2022-03-31,AWS_05_Kolkata,26.713871120985385,67.55687430397974,1013.9601510892512,2.821200845588149,0
2022-04-01,AWS_05_Kolkata,28.049168445321527,69.04073153301457,1014.0040388287084,2.970391088135692,0
2022-04-02,AWS_05_Kolkata,25.488838127942262,67.74907310083364,1014.0389308831562,1.436457806903048,0
2022-04-03,AWS_05_Kolkata,28.54787259298284,68.93430225192381,1013.6180992383142,3.9503036228502304,0
2022-04-04,AWS_05_Kolkata,25.60177775745614,66.36654239736416,1014.8167872303555,1.0399077622653223,0
2022-04-05,AWS_05_Kolkata,24.07634664271865,64.78189920483824,1014.3347714149184,3.2978247784861754,0
2022-04-06,AWS_05_Kolkata,26.457762084088344,68.33478508748638,1014.0298596859038,0.907883741207349,0
2022-04-07,AWS_05_Kolkata,24.842957818952016,69.45238187873963,1013.7307955317416,0.4869859782679039,0
2022-04-08,AWS_05_Kolkata,26.419479745942507,68.42140369181762,1013.5697294727836,3.7227994403456055,0
2022-04-09,AWS_05_Kolkata,25.289872367690347,69.67466446342921,1014.1811756747198,0.7363753749066528,0
2022-04-10,AWS_05_Kolkata,24.007702562882464,71.53037065477059,1013.74046915658,1.0499680198411434,0
2022-04-11,AWS_05_Kolkata,26.611006156992406,71.65491515181616,1014.0387622632252,0.5981676936462306,0
2022-04-12,AWS_05_Kolkata,23.41095967694447,72.04410090878835,1013.0161975185372,1.63078584968753,0
2022-04-13,AWS_05_Kolkata,20.742665957921947,72.62310251804402,1013.6943304731368,7.956872924013643,0
2022-04-14,AWS_05_Kolkata,25.143637202316206,71.23303166618186,1013.8974771527064,0.0387669952990242,0
2022-04-15,AWS_05_Kolkata,24.179984096412564,70.94490860528246,1014.4281424986603,3.4515994605069347,0
2022-04-16,AWS_05_Kolkata,25.413678142751635,75.838404815612,1013.4747135379142,0.0059006762738579,0
2022-04-17,AWS_05_Kolkata,21.999346160840982,72.49337393291988,1013.1840244773548,0.6793726253056952,0
2022-04-18,AWS_05_Kolkata,22.78568064107228,67.73937250472791,1014.1397967650116,0.2769786581059504,0
2022-04-19,AWS_05_Kolkata,22.45173926289465,64.81741789061792,1013.875333775938,2.124151995784904,0
2022-04-20,AWS_05_Kolkata,24.228730226983817,69.81407283192789,1013.0357113696168,0.0779047371977373,0
2022-04-21,AWS_05_Kolkata,23.64158748083654,72.54197631079,1013.0494425299586,1.2094232709810524,0
2022-04-22,AWS_05_Kolkata,22.825726011063427,73.67402996436054,1013.5503247415558,0.5241790604562792,0
2022-04-23,AWS_05_Kolkata,22.67464182101046,67.17435775716768,1013.81957416825,0.2152345018696129,0
2022-04-24,AWS_05_Kolkata,20.456651054072807,73.24177957718427,1014.5432240089332,2.216418978563135,0
2022-04-25,AWS_05_Kolkata,23.17759506250452,74.58440057404313,1013.2945975857822,0.3677326201701942,0
2022-04-26,AWS_05_Kolkata,23.05089545740626,73.13243955053886,1014.090597823648,0.3797764577947867,0
2022-04-27,AWS_05_Kolkata,25.147741382803275,72.67831203323924,1012.826286205733,0.4825343104071679,0
2022-04-28,AWS_05_Kolkata,22.26239568054673,71.15659359842948,1013.9721590253324,1.3256146633962995,0
2022-04-29,AWS_05_Kolkata,22.351360634701223,70.29785572328142,1014.5294070683258,1.6167413848669012,0
2022-04-30,AWS_05_Kolkata,21.96689097082294,74.15624753623048,1013.830876766274,0.0266389357601913,0
2022-05-01,AWS_05_Kolkata,20.054656184761235,73.67027018065704,1013.4093303420318,0.4153498861628625,0
2022-05-02,AWS_05_Kolkata,22.824491597501076,71.05827729785734,1014.3425523336,0.8457354041527476,0
2022-05-03,AWS_05_Kolkata,20.71894261125905,79.78426954325377,1013.8830852551516,0.6051489049320788,0
2022-05-04,AWS_05_Kolkata,20.36683613834016,67.74558374079724,1013.767295418074,3.233456047805566,0
2022-05-05,AWS_05_Kolkata,20.30935012861121,71.69434990787079,1013.1629844887924,2.324694054523522,0
2022-05-06,AWS_05_Kolkata,20.26957734475138,70.19101414786917,1013.8345933508116,1.4748089749536024,0
2022-05-07,AWS_05_Kolkata,19.497470201482148,73.77086057642681,1013.2907180257178,0.6188306964014109,0
2022-05-08,AWS_05_Kolkata,20.41024347114577,66.8832006442529,1013.7686809349564,1.8093247034208164,0
2022-05-09,AWS_05_Kolkata,19.8045265762262,76.64824737596558,1013.6166352974766,2.783372293947371,0
2022-05-10,AWS_05_Kolkata,19.54072187933476,75.96572223133427,1014.1133579831098,1.355174217331406,0
2022-05-11,AWS_05_Kolkata,20.41370332039626,73.85889060177755,1013.2617651224864,2.301923366254816,0
2022-05-12,AWS_05_Kolkata,19.6602018994853,72.23181315842021,1013.4531038612496,2.074080900324582,0
2022-05-13,AWS_05_Kolkata,18.584780233704027,75.41614222928244,1013.9044902735144,1.2720277690532036,0
2022-05-14,AWS_05_Kolkata,18.14208954371089,74.35619885641553,1013.3644252359204,0.5613491700502652,0
2022-05-15,AWS_05_Kolkata,19.308408283976195,76.32740500898481,1013.4483520353286,2.054345600800818,0
2022-05-16,AWS_05_Kolkata,17.916289985475895,73.20365136416174,1013.2319881365944,0.3475129520333547,0
2022-05-17,AWS_05_Kolkata,17.685815589279876,73.12459081904748,1013.3293443008068,2.267707102533808,0
2022-05-18,AWS_05_Kolkata,17.586613397353993,76.99854944950751,1013.722041239822,2.448650643856313,0
2022-05-19,AWS_05_Kolkata,19.057536382580818,75.76093863678585,1014.2795030190543,2.5901789854225448,0
2022-05-20,AWS_05_Kolkata,20.3492743077938,73.43079217299241,1012.496877134153,0.960592942938779,0
2022-05-21,AWS_05_Kolkata,18.966707831613533,75.14746109277813,1012.6778032502614,0.3206826107495579,0
2022-05-22,AWS_05_Kolkata,19.663644375639485,74.68771305723803,1013.2133713247404,0.1575801776535998,0
2022-05-23,AWS_05_Kolkata,18.119475651586995,75.6223882542723,1013.2823475109756,2.040128740279454,0
2022-05-24,AWS_05_Kolkata,18.33028724273932,78.11479261691498,1013.1217432545342,3.2607784649075557,0
2022-05-25,AWS_05_Kolkata,20.491699774409327,73.3406237731221,1012.9266088400158,1.5783304632117925,0
2022-05-26,AWS_05_Kolkata,19.15288753766104,72.5384771593266,1012.5593917524244,0.2335078601393237,0
2022-05-27,AWS_05_Kolkata,19.215391230432463,75.37349486920324,1012.8421620822425,4.0976642654911615,0
2022-05-28,AWS_05_Kolkata,17.31599218275521,73.02049943498496,1013.5277968343192,6.778765990424166,0
2022-05-29,AWS_05_Kolkata,17.60930128284353,71.97348345110107,1013.137014265222,0.8520959110248922,0
2022-05-30,AWS_05_Kolkata,18.13308745687152,77.76098046508062,1013.3992410452764,1.355155380578907,0
2022-05-31,AWS_05_Kolkata,16.52488739761956,73.99078942785822,1012.430417747046,2.252413179467095,0
2022-06-01,AWS_05_Kolkata,13.802158864806094,69.31826951098279,1013.724555287248,5.999776849642721,0
2022-06-02,AWS_05_Kolkata,17.85662942133246,77.53270396833895,1012.691603088586,15.45926012764994,0
2022-06-03,AWS_05_Kolkata,18.62156948251636,73.74192968278447,1013.1799198293212,0.5491599400024305,0
2022-06-04,AWS_05_Kolkata,17.18252686634601,76.85371747739718,1012.8492731210318,3.911525687276054,0
2022-06-05,AWS_05_Kolkata,16.128704903438095,78.43227105831753,1012.611030399416,5.298447858278969,0
2022-06-06,AWS_05_Kolkata,16.452023882921864,75.81048771016714,1013.0664099505716,9.936765355831334,0
2022-06-07,AWS_05_Kolkata,13.83384285942454,69.19255977811228,1013.1189668162448,9.325547154039636,0
2022-06-08,AWS_05_Kolkata,16.307301321770293,69.46327738616566,1014.1311876985584,17.17516548940553,0
2022-06-09,AWS_05_Kolkata,15.068125017448551,73.39017366016799,1013.0750509041468,3.229202935435532,0
2022-06-10,AWS_05_Kolkata,15.627645435153656,75.2877439058018,1013.03556203863,7.993991587239778,0
2022-06-11,AWS_05_Kolkata,14.867701172115716,79.10744389650617,1013.2636654371904,2.508125941714808,0
2022-06-12,AWS_05_Kolkata,14.636658760000216,76.42750100062999,1012.924743974686,2.4692606958756858,0
2022-06-13,AWS_05_Kolkata,14.996652934948017,83.44956275924733,1012.6068566973984,1.314704492974028,0
2022-06-14,AWS_05_Kolkata,17.3995604056111,71.16545382587395,1012.7562881556688,7.672739478255604,0
2022-06-15,AWS_05_Kolkata,15.63598850996295,76.0433370099782,1012.9878648682242,19.150099516282346,0
2022-06-16,AWS_05_Kolkata,14.691970403795272,74.38050074522933,1013.2227125714728,1.3327814788197745,0
2022-06-17,AWS_05_Kolkata,17.440922849847674,76.45599259361926,1011.7387020092548,0.2599583248935651,0
2022-06-18,AWS_05_Kolkata,16.462274789385226,81.03997005919977,1011.5154910083928,7.606511347814004,0
2022-06-19,AWS_05_Kolkata,12.685116762221991,81.2602497477165,1013.1012295550486,4.3568532494927386,0
2022-06-20,AWS_05_Kolkata,17.68874490976734,76.0071343907824,1011.994615518184,14.451183213615169,0
2022-06-21,AWS_05_Kolkata,16.271017150468587,78.45421601469525,1011.5305666745908,1.308024736913246,0
2022-06-22,AWS_05_Kolkata,17.288981564694524,76.53991346506913,1011.4496322585244,0.3315434058472418,0
2022-06-23,AWS_05_Kolkata,15.769024452754923,72.6886319217717,1013.1925224066578,3.051651612807361,0
2022-06-24,AWS_05_Kolkata,18.490262745828648,75.9763797658089,1012.6963027621692,0.4020329617533887,0
2022-06-25,AWS_05_Kolkata,15.489701230449228,74.43464439725489,1011.8257716069244,1.3658712457831967,0
2022-06-26,AWS_05_Kolkata,12.091027821585438,75.77586270583556,1011.8121963293509,0.6059230774960763,0
2022-06-27,AWS_05_Kolkata,14.695932901412572,73.41974870703925,1012.182204602045,1.1419789856445433,0
2022-06-28,AWS_05_Kolkata,16.77135334923307,76.45092533182228,1012.5501218036416,0.5049509442798799,0
2022-06-29,AWS_05_Kolkata,16.2478886377435,76.90954367974851,1011.9390405854429,13.846826145910097,0
2022-06-30,AWS_05_Kolkata,15.81956215512768,78.11009247314685,1011.6586227432526,1.4692942146343888,0
2022-07-01,AWS_05_Kolkata,14.520791301892462,76.92928350603317,1012.5847372747124,2.640612617274593,0
2022-07-02,AWS_05_Kolkata,16.027999188117157,80.90353021941792,1011.9698669338644,10.299593883160329,0
2022-07-03,AWS_05_Kolkata,15.98177009521542,82.57394050833709,1011.8525501617172,5.089945860406458,0
2022-07-04,AWS_05_Kolkata,15.972285244962206,74.77899770006306,1012.2100178463636,4.330947563294288,0
2022-07-05,AWS_05_Kolkata,16.82464983258426,78.89568764182243,1010.8114075894504,5.502108902407361,0
2022-07-06,AWS_05_Kolkata,16.302641643825574,82.31980989312514,1012.0822944421246,7.942737735822316,0
2022-07-07,AWS_05_Kolkata,15.666342762037528,78.95253896007274,1012.016384567162,9.454621423118189,0
2022-07-08,AWS_05_Kolkata,14.558686920641884,78.1019431252698,1011.087223711398,4.630548061624913,0
2022-07-09,AWS_05_Kolkata,18.12321970685077,70.46784785388323,1010.7718170806036,9.933034720315431,0
2022-07-10,AWS_05_Kolkata,19.079260064273363,74.24028583490525,1011.4262208293796,3.44957911522834,0
2022-07-11,AWS_05_Kolkata,18.74973540497152,74.65695161321354,1011.7658726542757,1.4613679286627883,0
2022-07-12,AWS_05_Kolkata,17.211528392380167,80.0312464897479,1011.7829023372542,9.544063415851088,0
2022-07-13,AWS_05_Kolkata,13.682687195691036,73.65192465874878,1012.4586774603238,3.5088107622663167,0
2022-07-14,AWS_05_Kolkata,13.53461260532828,75.55938390229937,1011.664667898631,10.646663699193985,0
2022-07-15,AWS_05_Kolkata,15.446182293975246,78.30577305989537,1010.839975329458,0.1844856719962268,0
2022-07-16,AWS_05_Kolkata,16.227774408934774,73.42498055714454,1011.3804699170232,2.2801219091819247,0
2022-07-17,AWS_05_Kolkata,16.210117621950108,76.55418246070198,1010.8233473170496,13.287460166671757,0
2022-07-18,AWS_05_Kolkata,16.691300852416365,76.12578173078124,1011.3499868727852,1.2924703721708717,0
2022-07-19,AWS_05_Kolkata,14.361662661692666,78.27106441459793,1012.1110297401946,12.77706738227114,0
2022-07-20,AWS_05_Kolkata,18.913950592707707,77.57429016571318,1011.603407321318,13.846480727203271,0
2022-07-21,AWS_05_Kolkata,18.815982945767622,77.43537611004888,1010.980790637146,9.622248458152171,0
2022-07-22,AWS_05_Kolkata,14.649195244711528,76.1093746451019,1011.6049457595692,3.7320838238658816,0
2022-07-23,AWS_05_Kolkata,13.884792576012394,70.43044579279857,1010.8876814566884,4.685020669842145,0
2022-07-24,AWS_05_Kolkata,16.606134224038833,75.82638460061028,1009.8628619877876,9.16775547388806,0
2022-07-25,AWS_05_Kolkata,18.700276046852665,75.52020031366455,1010.596077491727,6.730424455607461,0
2022-07-26,AWS_05_Kolkata,16.827981572599203,77.59863231907931,1011.4105082832954,4.475276787125433,0
2022-07-27,AWS_05_Kolkata,17.33800106090237,73.97276048412299,1011.536167340208,18.1435496600524,0
2022-07-28,AWS_05_Kolkata,16.362998724003166,75.30734440246235,1011.9777862746394,5.20799851071904,0
2022-07-29,AWS_05_Kolkata,17.319142801370266,75.34030357598404,1011.2587764274848,16.687563431764683,0
2022-07-30,AWS_05_Kolkata,18.59623544873922,72.91872023769221,1011.7312606313566,0.2659546679894432,0
2022-07-31,AWS_05_Kolkata,17.88009277159505,71.53062386865442,1011.3425011648484,0.6732663687048943,0
2022-08-01,AWS_05_Kolkata,18.210190548002966,76.07008049639084,1011.4662177283444,2.7022183740014416,0
2022-08-02,AWS_05_Kolkata,14.93963832213073,77.87569719416271,1011.5187354612628,2.186716643184324,0
2022-08-03,AWS_05_Kolkata,20.73201424575982,72.90559749587341,1011.1820484818862,6.869865339716899,0
2022-08-04,AWS_05_Kolkata,15.140322183187228,74.0529350681103,1011.446943483759,0.7878808725105639,0
2022-08-05,AWS_05_Kolkata,17.946932158885964,77.1188083580715,1010.5315449504884,16.801538083061338,0
2022-08-06,AWS_05_Kolkata,17.584179513941972,77.33224451237379,1009.6391464840758,1.7029467612381772,0
2022-08-07,AWS_05_Kolkata,17.749470321114412,75.1664123599365,1011.1497993474616,2.521046099645557,0
2022-08-08,AWS_05_Kolkata,19.31694479323037,75.6328397813811,1010.9841411389796,1.4455440295159212,0
2022-08-09,AWS_05_Kolkata,17.055233240199723,75.90258996210171,1010.331794750786,3.8969393292705554,0
2022-08-10,AWS_05_Kolkata,17.5749670883581,76.35387911657419,1010.111248169976,0.2718793684717863,0
2022-08-11,AWS_05_Kolkata,16.61350401248012,70.91901237926504,1010.7812280234732,0.7296281830912301,0
2022-08-12,AWS_05_Kolkata,20.128305134895857,79.79557767970535,1011.0481482617746,6.163311985752794,0
2022-08-13,AWS_05_Kolkata,18.95808873288696,74.77484322629915,1010.9238273077412,0.9288453126479956,0
2022-08-14,AWS_05_Kolkata,19.630886420897188,76.04944891143056,1010.1286305131734,1.208484706817321,0
2022-08-15,AWS_05_Kolkata,20.01130428341241,71.4799244502255,1010.2157457065408,7.087278022400221,0
2022-08-16,AWS_05_Kolkata,21.90085235827617,73.11131134058868,1010.923575457373,0.440752247738671,0
2022-08-17,AWS_05_Kolkata,21.76165648184008,74.70196090755476,1010.60098923518,2.5889292391054743,0
2022-08-18,AWS_05_Kolkata,56.20500879208095,68.05813220550566,1011.0709618492,0.1050007871851744,1
2022-08-19,AWS_05_Kolkata,19.524344470954127,70.66665950693465,1010.3559200084452,1.9164746058676652,0
2022-08-20,AWS_05_Kolkata,18.617771348076783,71.09135624125311,1010.8644287453382,5.402624538580049,0
2022-08-21,AWS_05_Kolkata,20.66275553604646,69.32687479216303,1010.4523978614042,0.4249088104812802,0
2022-08-22,AWS_05_Kolkata,20.739635326569527,73.37507542027382,1010.088831298717,9.865118785435373,0
2022-08-23,AWS_05_Kolkata,18.719198965819704,72.72712323990146,1010.8927817065976,10.810776838911604,0
2022-08-24,AWS_05_Kolkata,21.029113731012444,77.11157048725312,1009.9113538147384,0.4991436302173995,0
2022-08-25,AWS_05_Kolkata,21.59991729190524,69.36806485627064,1010.4241160553236,21.065556409456303,0
2022-08-26,AWS_05_Kolkata,18.544613900058334,73.32257806763837,1010.4556671048472,1.589183763972896,0
2022-08-27,AWS_05_Kolkata,20.65336371363098,69.86493583223591,1010.2871472468004,0.3953246181908947,0
2022-08-28,AWS_05_Kolkata,20.412977000624156,67.23932335707514,1010.8235487912254,0.0228599813455144,0
2022-08-29,AWS_05_Kolkata,20.648194657269084,74.03839202827623,1010.5958095813224,2.363095369269922,0
2022-08-30,AWS_05_Kolkata,19.373582034345635,74.16974731524851,1010.5180699051116,4.471824838594555,0
2022-08-31,AWS_05_Kolkata,18.21055581409095,73.69604449350715,1010.307947276086,1.8168096583495568,0
2022-09-01,AWS_05_Kolkata,19.96658888533582,67.97074091352141,1011.1847512192628,8.15522681517719,0
2022-09-02,AWS_05_Kolkata,19.9073018087504,72.05037067268984,1010.9723092214938,1.8913771437203064,0
2022-09-03,AWS_05_Kolkata,21.93250720679924,73.46994335481583,1010.6835999126604,0.6465471865446154,0
2022-09-04,AWS_05_Kolkata,22.110487893428505,74.4115060954093,1010.5858727839268,1.988135712816006,0
2022-09-05,AWS_05_Kolkata,22.179968966105456,73.31601966056269,1009.8921593067096,4.23235932946406,0
2022-09-06,AWS_05_Kolkata,19.772117912328763,74.2016312353566,1010.154251137698,0.1465780144532677,0
2022-09-07,AWS_05_Kolkata,20.3452342954671,74.38248203877936,1010.482743199455,0.5481496922913828,0
2022-09-08,AWS_05_Kolkata,21.25809876971607,71.36810886136911,1010.677209078327,0.9335464975848388,0
2022-09-09,AWS_05_Kolkata,22.377489283876223,72.42137076444517,1010.5845760396376,1.0337032404849351,0
2022-09-10,AWS_05_Kolkata,22.000864129495675,73.79621093273094,1010.416718454771,1.1719700375585105,0
2022-09-11,AWS_05_Kolkata,23.131270860165312,71.83812684614828,1011.1147906793262,0.5363563889704298,0
2022-09-12,AWS_05_Kolkata,24.291292589215203,74.13452275367932,1010.0354827684612,1.6505892162064926,0
2022-09-13,AWS_05_Kolkata,21.49286121220382,73.03004744628002,1010.5992329089944,1.5538133339317288,0
2022-09-14,AWS_05_Kolkata,21.71450237846425,68.37751931639544,1010.5282843893924,1.2934906251791445,0
2022-09-15,AWS_05_Kolkata,23.524896927516576,66.2245147240917,1010.2950918918334,0.1811541411198815,0
2022-09-16,AWS_05_Kolkata,23.365053406688062,70.06744309875695,1010.3043745505196,0.9721686346555908,0
2022-09-17,AWS_05_Kolkata,24.770131446556263,66.33253972684733,1010.2859360091546,0.6606133870793408,0
2022-09-18,AWS_05_Kolkata,23.83413268570177,69.99116329681,1009.6938607391528,1.0130742668064292,0
2022-09-19,AWS_05_Kolkata,26.601876293449735,69.58491725304313,1010.2412031224424,3.8240033272894953,0
2022-09-20,AWS_05_Kolkata,21.77820433013113,73.37472052551111,1010.4082872196144,0.982423205370629,0
2022-09-21,AWS_05_Kolkata,25.58980903492493,70.85160100286761,1010.1890719221672,0.0211191655143926,0
2022-09-22,AWS_05_Kolkata,24.798435310711213,72.13424881161852,1009.101603440731,0.8666150945092681,0
2022-09-23,AWS_05_Kolkata,22.565351334116727,67.59533300492726,1009.2246874385428,2.577608891362328,2
2022-09-24,AWS_05_Kolkata,22.565351334116727,73.5164816196269,1009.604370309714,2.271607042048763,2
2022-09-25,AWS_05_Kolkata,22.565351334116727,71.47150539823029,1009.953825752596,1.0804386737796146,2
2022-09-26,AWS_05_Kolkata,22.565351334116727,69.93572584689353,1009.624408743938,0.4310612055217776,2
2022-09-27,AWS_05_Kolkata,26.9977628393994,63.09638937689089,1010.3271216859788,0.938481406340946,0
2022-09-28,AWS_05_Kolkata,25.333807389267637,71.9147904345952,1010.5982400265962,1.2441454286610625,0
2022-09-29,AWS_05_Kolkata,25.155387476291995,73.56096760978825,1010.6677423091992,13.438652118042402,0
2022-09-30,AWS_05_Kolkata,24.58675154431811,68.13714103808103,1010.1685723188842,1.5499873898749417,0
2022-10-01,AWS_05_Kolkata,25.761951403927675,68.06081796650143,1010.542099029005,1.777554504833975,0
2022-10-02,AWS_05_Kolkata,25.503918446114746,66.2778398994083,1009.7191871092308,1.014299831628454,0
2022-10-03,AWS_05_Kolkata,28.952135885421143,62.79501555352947,1009.9256731415036,0.6565708215569563,0
2022-10-04,AWS_05_Kolkata,24.70433650078293,65.86638264875063,1009.4196350666184,2.514592904074294,0
2022-10-05,AWS_05_Kolkata,27.31960785509512,72.39349745739,1010.6087997282696,1.024594271214066,0
2022-10-06,AWS_05_Kolkata,29.53812311260716,70.51502120699229,1010.991134933709,7.857281879184412,0
2022-10-07,AWS_05_Kolkata,28.23568769037531,64.82282324629375,1009.8372653279448,0.9163020536466348,0
2022-10-08,AWS_05_Kolkata,25.558377583581645,65.26900452373538,1008.930475111884,0.1056341529592295,0
2022-10-09,AWS_05_Kolkata,25.101907655786405,73.27292366505405,1009.542434077272,1.7212853880125332,0
2022-10-10,AWS_05_Kolkata,27.997195658609883,63.67105925159426,1009.700214979169,0.0716463211624875,0
2022-10-11,AWS_05_Kolkata,27.98109971256732,64.44947151489835,1009.367950971814,0.4325266380626382,0
2022-10-12,AWS_05_Kolkata,29.77312946557832,65.17164240745821,1009.52223323417,0.654826013712175,0
2022-10-13,AWS_05_Kolkata,28.915818232657127,62.25145265517109,1010.146612429784,2.017634113084894,0
2022-10-14,AWS_05_Kolkata,27.533896968829584,64.57854370339857,1010.381660324349,1.0225274642237367,0
2022-10-15,AWS_05_Kolkata,27.59942512804749,64.49027724081343,1009.0276766742824,0.0435963507153593,0
2022-10-16,AWS_05_Kolkata,26.635881419979565,63.21715599704879,1009.8024393679495,1.438992500106452,0
2022-10-17,AWS_05_Kolkata,28.95501623839431,69.77513772314398,1010.0965785346096,0.7951050157991086,0
2022-10-18,AWS_05_Kolkata,26.819330980083585,62.158709460169895,1009.5541465694738,3.8233905491419615,0
2022-10-19,AWS_05_Kolkata,30.45515546514126,65.10208627417978,1010.2159790450588,1.0384082786400632,0
2022-10-20,AWS_05_Kolkata,30.13715366394809,62.76625983410844,1010.0498923663492,1.851519909471949,0
2022-10-21,AWS_05_Kolkata,30.25189169238757,64.63751196253658,1009.8959925733913,0.3705176394246464,0
2022-10-22,AWS_05_Kolkata,27.594241720709565,62.36801909966114,1009.7000797364758,2.146771686769713,0
2022-10-23,AWS_05_Kolkata,29.512252046239485,65.23792617719651,1010.2816205277168,1.9145749987649052,0
2022-10-24,AWS_05_Kolkata,29.31234606417752,65.84734566566264,1009.77631361221,3.516387870855401,0
2022-10-25,AWS_05_Kolkata,54.339115827786834,68.9631397945242,1009.3052371293836,0.0516102388669188,1
2022-10-26,AWS_05_Kolkata,31.003778029169816,62.86540807994447,1010.1970220361702,0.8899546623705696,0
2022-10-27,AWS_05_Kolkata,29.596116743907626,69.36027031505543,1009.5812266305406,1.7051975906408714,0
2022-10-28,AWS_05_Kolkata,29.806746752835203,61.96248756862177,1009.3929391568915,0.1500021851170858,0
2022-10-29,AWS_05_Kolkata,31.693483926383,63.54706902138931,1010.2966260192484,0.7929856637887975,0
2022-10-30,AWS_05_Kolkata,29.130827473437428,69.43415732323564,1010.1667620115686,4.274764661071367,0
2022-10-31,AWS_05_Kolkata,29.85514073444076,72.72871857425858,1009.8319189819468,0.8588773249902255,0
2022-11-01,AWS_05_Kolkata,31.1324693693353,68.95883836484461,1010.3969422053964,6.340592159417733,0
2022-11-02,AWS_05_Kolkata,32.62035764596803,63.112602991149416,1010.5123319727516,0.0877775159626801,0
2022-11-03,AWS_05_Kolkata,29.963116098946298,65.21160314374053,1010.4386774576928,1.8978671391745452,0
2022-11-04,AWS_05_Kolkata,34.24472285096502,65.59977115038231,1010.4394211248758,1.3048846647100043,0
2022-11-05,AWS_05_Kolkata,29.676428785169428,64.47433311558711,1009.5543553798652,1.0413406766197513,0
2022-11-06,AWS_05_Kolkata,34.16839997240153,60.30207496377163,1011.02354040816,5.302816840915951,0
2022-11-07,AWS_05_Kolkata,33.78119436754927,63.91830008597872,1010.6760130876966,0.2082904642995565,0
2022-11-08,AWS_05_Kolkata,29.97371162431265,61.58737178209134,1009.94271322722,3.3950314498505243,0
2022-11-09,AWS_05_Kolkata,29.80580072439594,60.09147727498804,1010.4335292686616,1.7627885017121911,0
2022-11-10,AWS_05_Kolkata,33.4672904737861,61.95589689977481,1010.550315816795,0.4496240317639676,0
2022-11-11,AWS_05_Kolkata,31.95288818121022,63.73080244490358,1010.4637184050792,3.4791261321721985,0
2022-11-12,AWS_05_Kolkata,31.13813340522997,65.68530625326765,1011.402586320512,0.8413240445728485,0
2022-11-13,AWS_05_Kolkata,35.493699703939136,61.81729675759375,1009.5565401055914,2.5248473200474564,0
2022-11-14,AWS_05_Kolkata,31.1108802221304,62.242783488796455,1009.8146132030552,0.7385861840891911,0
2022-11-15,AWS_05_Kolkata,31.934866845333527,64.79156804540138,1009.427218835855,2.855017253026125,0
2022-11-16,AWS_05_Kolkata,32.23413639078291,62.4952285230824,1010.6410213730318,1.518496881056143,0
2022-11-17,AWS_05_Kolkata,29.06690200653092,63.331794529519264,1010.8979019347058,0.228060970042108,0
2022-11-18,AWS_05_Kolkata,33.52031517869104,62.327294584556974,1010.8319122794068,1.5732902958180712,0
2022-11-19,AWS_05_Kolkata,32.13092617903691,62.609583855082526,1010.5321686151232,0.3185739177642619,0
2022-11-20,AWS_05_Kolkata,34.826846758852355,58.67409255291011,1010.906011024806,0.7963451317891139,0
2022-11-21,AWS_05_Kolkata,35.13345992943128,62.18972738250125,1010.5809106409208,0.2800286508362037,0
2022-11-22,AWS_05_Kolkata,34.17738253709192,66.01974631683939,1011.1262693446096,0.0333931309054865,0
2022-11-23,AWS_05_Kolkata,34.30028603400194,62.158401422625815,1011.3366933884624,0.3571698210293605,0
2022-11-24,AWS_05_Kolkata,34.28466328987762,59.06732347982428,1010.3449526098516,1.153009235425639,0
2022-11-25,AWS_05_Kolkata,33.08985465807993,65.91722136429237,1010.6945807225738,0.9853992647086758,0
2022-11-26,AWS_05_Kolkata,33.31698813190202,63.57273098730585,1010.8037637947816,1.0442187947851855,0
2022-11-27,AWS_05_Kolkata,36.32039814004806,63.63443711209351,1011.6078460134296,0.4269039849781206,0
2022-11-28,AWS_05_Kolkata,35.53227753998227,63.47803456807903,1010.5172686289206,1.733541778688604,0
2022-11-29,AWS_05_Kolkata,34.8299056877706,57.80426864275457,1011.5020001910672,1.827428554475312,0
2022-11-30,AWS_05_Kolkata,35.50970814841848,63.05572678874052,1010.2496282770968,0.6646752908958922,0
2022-12-01,AWS_05_Kolkata,34.60426860029647,65.19717625975674,1011.634221700229,3.195093184836855,0
2022-12-02,AWS_05_Kolkata,35.057021000998,59.53571414635778,1011.4684740244568,1.549334648287661,0
2022-12-03,AWS_05_Kolkata,35.752481582096536,55.125593836566615,1010.9950706890494,1.87261488026708,0
2022-12-04,AWS_05_Kolkata,31.827764734698185,61.94536589176035,1011.5618781724428,0.4872244750070145,0
2022-12-05,AWS_05_Kolkata,36.37422521845591,60.88622946953313,1010.8839785463008,0.0009177334210113,0
2022-12-06,AWS_05_Kolkata,36.33968670513069,56.08661236120531,1010.704206319784,3.007900035353096,0
2022-12-07,AWS_05_Kolkata,33.98761046701168,62.48922136130227,1012.0502552494614,2.592538137618956,0
2022-12-08,AWS_05_Kolkata,37.09254926263996,62.20976068647393,1010.958082610246,0.1972006665828213,0
2022-12-09,AWS_05_Kolkata,31.965441937040712,56.16845130889968,1011.5990521128756,0.7028593038019475,0
2022-12-10,AWS_05_Kolkata,35.88310912035211,66.18497807263077,1011.8470684651832,1.6241348738206949,0
2022-12-11,AWS_05_Kolkata,35.47307274496285,62.72282503223867,1011.7281202103412,1.583807107775081,0
2022-12-12,AWS_05_Kolkata,35.005670918711594,54.753317385329886,1011.6570965120516,2.9529275761158345,0
2022-12-13,AWS_05_Kolkata,35.55282674853494,62.83757159091214,1011.730245590719,0.2267021313216076,0
2022-12-14,AWS_05_Kolkata,36.44894772104173,62.709596704412746,1011.951761703956,0.8430198271497694,0
2022-12-15,AWS_05_Kolkata,32.91473839356368,64.54655157322439,1011.6149445524384,0.1534219219320466,0
2022-12-16,AWS_05_Kolkata,37.16992502148624,58.39358987558308,1011.46947237082,0.7404495220527019,0
2022-12-17,AWS_05_Kolkata,35.09559025025828,62.73110874495729,1010.8381841896364,0.0228340883622455,0
2022-12-18,AWS_05_Kolkata,37.27382459483396,59.48952802585251,1011.7152204051785,3.4281947467277623,0
2022-12-19,AWS_05_Kolkata,36.75267731614407,58.500625049848345,1012.1039601887416,1.123129367051452,0
2022-12-20,AWS_05_Kolkata,35.17465084726651,57.54797565253582,1011.0731854804816,2.8437038875677203,0
2022-12-21,AWS_05_Kolkata,35.733211772996285,54.40880952803048,1011.5428853505662,0.0926610404183564,0
2022-12-22,AWS_05_Kolkata,35.84935751600068,61.71709068228171,1011.904068912071,0.3871035686330805,0
2022-12-23,AWS_05_Kolkata,38.31471509241224,59.25659313539674,1012.4816253544592,0.4504013989257358,0
2022-12-24,AWS_05_Kolkata,34.216818544422324,51.86765677602638,1011.1802993314282,0.7333307973838452,0
2022-12-25,AWS_05_Kolkata,35.289598913943244,60.268699040274825,1012.1905228495224,2.4358102012371283,0
2022-12-26,AWS_05_Kolkata,33.589699673033365,63.50315515490186,1011.6491769482848,0.7330040294873095,3
2022-12-27,AWS_05_Kolkata,36.22883208818663,56.09800118013953,1011.52557885818,0.3434661712508156,3
2022-12-28,AWS_05_Kolkata,35.184737975982586,57.872868223956814,1011.4377565329962,0.1007974994965855,3
2022-12-29,AWS_05_Kolkata,35.440816747118184,61.32750592233002,1011.603385508849,0.1242439710588447,3
2022-12-30,AWS_05_Kolkata,38.49222066265597,52.32455659576506,1012.2151265086784,2.1409695997357936,3
2022-12-31,AWS_05_Kolkata,35.09827904941303,58.39895610040294,1011.886114361878,0.8826483856768113,3
2023-01-01,AWS_05_Kolkata,36.15923531999198,61.04100430774457,1012.3915454461776,1.942932630550997,3
2023-01-02,AWS_05_Kolkata,35.772840244778926,58.32138665231162,1011.5079188010716,1.7199108040326416,3
2023-01-03,AWS_05_Kolkata,35.9262559312132,56.11664001141722,1012.451737885908,0.2181673362074521,3
2023-01-04,AWS_05_Kolkata,40.73398746730332,56.26869153226555,1012.3545015561142,0.2312799055452367,3
2023-01-05,AWS_05_Kolkata,34.02718487059393,55.19327400594682,1011.4180313751802,2.111841037636454,3
2023-01-06,AWS_05_Kolkata,37.64614434694098,58.14352723902279,1012.9593200125933,1.916258377822289,3
2023-01-07,AWS_05_Kolkata,40.368547301146926,63.22799606812116,1012.4103685546316,0.7122969778417717,3
2023-01-08,AWS_05_Kolkata,38.39061984500968,67.16141249245285,1012.657272908844,0.1208754588418149,3
2023-01-09,AWS_05_Kolkata,36.88397323814495,60.20436686301969,1012.8866855156514,0.0182576976022898,3
2023-01-10,AWS_05_Kolkata,35.09304858737297,62.42298487740914,1012.8267738715398,0.5098467397600936,3
2023-01-11,AWS_05_Kolkata,38.84508422641179,57.3205289304799,1012.3134022114076,0.0138975930398876,3
2023-01-12,AWS_05_Kolkata,38.32675310014604,53.89512365017156,1012.772789066439,0.3921886225557935,3
2023-01-13,AWS_05_Kolkata,34.656106667069466,65.7543109730608,1011.5388214647444,0.815800129458303,3
2023-01-14,AWS_05_Kolkata,36.49724534055464,58.44590336179291,1012.674228653164,0.1941652369131333,3
2023-01-15,AWS_05_Kolkata,35.19267054996893,62.42134236888614,1013.3769490940804,0.1651873674693592,3
2023-01-16,AWS_05_Kolkata,32.733810716529824,60.7769109357234,1012.1962275823264,3.4013690446430376,3
2023-01-17,AWS_05_Kolkata,35.19748232928958,63.32389127966685,1013.0346916262998,1.3209150010241115,3
2023-01-18,AWS_05_Kolkata,37.21526792990936,63.243272375284754,1013.4963343753612,4.087543240675166,3
2023-01-19,AWS_05_Kolkata,37.94035629665008,61.25727494439493,1012.9871427582092,0.6365732373535073,3
2023-01-20,AWS_05_Kolkata,36.59468441208103,61.63280508798439,1013.1877491617593,1.695827668270208,3
2023-01-21,AWS_05_Kolkata,39.148200915218055,64.15481015141546,1011.9226160178268,0.3435381132753952,3
2023-01-22,AWS_05_Kolkata,38.63557398314767,59.33779007989456,1012.271987045062,1.4448389255690872,3
2023-01-23,AWS_05_Kolkata,36.905145699402674,65.28572849366428,1013.4861944455824,0.2081790123979394,3
2023-01-24,AWS_05_Kolkata,36.71307218457447,58.54951695164692,1013.2831510545903,0.0031242100696098,3
2023-01-25,AWS_05_Kolkata,37.662285801457706,60.959198694894376,1013.0823977369852,4.022078843501582,3
2023-01-26,AWS_05_Kolkata,34.98824722662861,62.67552610056859,1012.7332453839836,1.2141655021064242,0
2023-01-27,AWS_05_Kolkata,32.800659842833824,55.96137136195398,1013.0387692072492,3.924724994108905,0
2023-01-28,AWS_05_Kolkata,34.41763323830758,65.05697913510615,1013.7961739209688,0.6093190095274545,0
2023-01-29,AWS_05_Kolkata,35.77795164382183,62.40402182596784,1012.906516494344,0.595767959489631,0
2023-01-30,AWS_05_Kolkata,36.66800429069807,70.94620056813169,1013.3371766447344,0.7678768345395152,0
2023-01-31,AWS_05_Kolkata,36.04985600409835,67.35438940417893,1013.3538318679392,1.836472383868452,0
2023-02-01,AWS_05_Kolkata,35.02222925745098,61.15067643817838,1012.7139057533892,1.2514048605151933,0
2023-02-02,AWS_05_Kolkata,36.615472837244674,66.61322780858995,1012.7816680213244,3.892515737861953,0
2023-02-03,AWS_05_Kolkata,34.97148522048052,63.873562801354176,1013.8683772569484,0.0386551748251048,0
2023-02-04,AWS_05_Kolkata,34.106404980261026,62.10193745947994,1013.4184684853412,1.847509083604104,0
2023-02-05,AWS_05_Kolkata,36.35852828713239,56.50954387424495,1012.8214292373576,0.6014501622701516,0
2023-02-06,AWS_05_Kolkata,35.11966760657738,57.29797088242674,1013.0338137319818,0.2981038808539995,0
2023-02-07,AWS_05_Kolkata,35.88872073015951,61.66453788313172,1012.7241598298943,1.0712364103392302,0
2023-02-08,AWS_05_Kolkata,32.048390735482,60.25006529021366,1013.7773443264724,1.0549895724682483,0
2023-02-09,AWS_05_Kolkata,32.431162901597666,62.49831499839777,1013.1449811882452,0.2210300511856641,0
2023-02-10,AWS_05_Kolkata,32.3849349750004,66.0282754235227,1013.1780362884952,0.3382746518134,0
2023-02-11,AWS_05_Kolkata,33.77092894923782,64.59626340787648,1013.7437285547496,0.7867902494409158,0
2023-02-12,AWS_05_Kolkata,36.11978783977451,60.00453091923938,1012.5091739279736,0.7884303199655562,0
2023-02-13,AWS_05_Kolkata,31.55765493959996,64.96201348536874,1013.355654114083,0.5731169127112886,0
2023-02-14,AWS_05_Kolkata,34.504781369134186,59.54047094913476,1013.3934660555536,0.2412132092006915,0
2023-02-15,AWS_05_Kolkata,31.22142192531932,58.95305945069341,1013.2805089858692,0.0065749074230347,0
2023-02-16,AWS_05_Kolkata,36.07801298502627,63.62352409716233,1013.1725191773028,5.271636254613524,0
2023-02-17,AWS_05_Kolkata,30.38117040009073,60.13557391077924,1013.1158045176176,4.310251511045795,0
2023-02-18,AWS_05_Kolkata,33.75900447278515,60.75561946798979,1013.6351694200258,0.9914567748065498,0
2023-02-19,AWS_05_Kolkata,33.83955309336899,65.76672422519673,1013.0115683875272,7.963082943172431,0
2023-02-20,AWS_05_Kolkata,33.3175017038664,64.86290569661085,1013.6194221148936,1.6796971865246262,0
2023-02-21,AWS_05_Kolkata,30.93823137488436,61.88129837376802,1013.284139232956,0.1070144888727819,0
2023-02-22,AWS_05_Kolkata,30.5343488045384,58.22961188369662,1013.3386885536008,0.1878656577471064,0
2023-02-23,AWS_05_Kolkata,33.89041008523275,61.00906575455177,1013.7012177544078,3.717388382121687,0
2023-02-24,AWS_05_Kolkata,33.41559168463614,69.15184864146866,1013.3742827456928,1.4915900552826693,0
2023-02-25,AWS_05_Kolkata,33.2545641375749,66.33768290346394,1014.2764754378696,2.779019632033937,0
2023-02-26,AWS_05_Kolkata,33.29413235174425,67.82263335980448,1013.5923082395929,3.42814438515513,0
2023-02-27,AWS_05_Kolkata,29.112155693210955,64.43505166945778,1014.2045609916898,0.8911532792969346,0
2023-02-28,AWS_05_Kolkata,28.92182051351273,62.730233558444354,1013.318670261028,0.0746143005033282,0
2023-03-01,AWS_05_Kolkata,30.11672840979877,66.61660640508828,1013.3254772298008,0.3129003835472727,0
2023-03-02,AWS_05_Kolkata,30.255670780981365,67.86541077452844,1012.9033849520188,0.1033370874046556,0
2023-03-03,AWS_05_Kolkata,29.94577408970126,62.70071238002357,1013.5057046228924,0.3137497412754448,0
2023-03-04,AWS_05_Kolkata,31.08983913023082,62.12151185380189,1013.651832068392,0.7928046231774559,0
2023-03-05,AWS_05_Kolkata,32.193597779245714,59.81964344950678,1013.822476703342,0.1886795835727416,0
2023-03-06,AWS_05_Kolkata,29.925519506655288,62.29151512651989,1014.1479371116236,0.2736021860284967,0
2023-03-07,AWS_05_Kolkata,28.988032852959105,66.63794966266245,1014.12642532034,0.8854034264333197,0
2023-03-08,AWS_05_Kolkata,31.27364193493489,62.96781151948516,1014.396076610208,0.6236617398782577,0
2023-03-09,AWS_05_Kolkata,29.473357762664072,67.67814655666625,1013.3982918919152,0.9457040584919988,0
2023-03-10,AWS_05_Kolkata,29.89818447260587,70.91176717008568,1013.870495469372,0.8410010838790138,0
2023-03-11,AWS_05_Kolkata,29.078272509563863,65.2128757532094,1013.3675906819216,1.5512523300891905,0
2023-03-12,AWS_05_Kolkata,29.925663231032416,65.21862456392816,1014.0868293255344,4.1514507002697405,0
2023-03-13,AWS_05_Kolkata,27.732564647630348,67.0430979036677,1014.7933203433932,0.1712056065303873,0
2023-03-14,AWS_05_Kolkata,30.179578282565195,63.80465663318544,1013.3038989300396,0.156808195556921,0
2023-03-15,AWS_05_Kolkata,28.87683830339694,63.717235510428615,1014.2562435104944,2.8740068836685237,0
2023-03-16,AWS_05_Kolkata,27.61449538563295,63.9387011445293,1014.446579922305,1.0590346953951677,0
2023-03-17,AWS_05_Kolkata,29.391517450222064,62.48717301713733,1013.4851158897912,2.181249799891791,0
2023-03-18,AWS_05_Kolkata,27.28059052734256,68.75656277552156,1014.1582919411546,0.3639137437589712,0
2023-03-19,AWS_05_Kolkata,27.17954795808931,64.70133465471395,1013.7682343246044,2.6479325693384914,0
2023-03-20,AWS_05_Kolkata,26.29123111149361,69.65964360858938,1013.8951137366098,3.862508804402753,0
2023-03-21,AWS_05_Kolkata,47.82208681209484,68.0482363203268,1013.7660869926038,1.513773198058098,1
2023-03-22,AWS_05_Kolkata,28.556742973026044,66.52740618529333,1013.856509944528,0.167871285341519,0
2023-03-23,AWS_05_Kolkata,29.334018824698088,69.16040975336139,1014.5524637729668,3.384909947743903,0
2023-03-24,AWS_05_Kolkata,26.739503365144383,64.03729290218061,1013.9402944205518,2.358847193783876,0
2023-03-25,AWS_05_Kolkata,26.047083872086503,64.66295305577415,1013.6836098302822,2.084717468365461,0
2023-03-26,AWS_05_Kolkata,24.355371297768947,69.28174169235864,1014.0229345943692,0.0561294787489964,0
2023-03-27,AWS_05_Kolkata,23.64248948046688,60.69096979577443,1012.9307712859572,2.40639592019027,0
2023-03-28,AWS_05_Kolkata,27.8210471175538,67.45907250171652,1013.5862019021272,0.2226647662950684,0
2023-03-29,AWS_05_Kolkata,23.59815819760757,69.324171035581,1014.621166410436,0.3772878727040225,0
2023-03-30,AWS_05_Kolkata,24.671322453025454,71.6228699329287,1013.9258273652356,1.291052863959496,0
2023-03-31,AWS_05_Kolkata,26.64030795192023,72.37431021757305,1013.760519997644,0.4617879312220366,0
2023-04-01,AWS_05_Kolkata,26.17759627698995,67.57471294577829,1014.0864663834502,1.6241742851272811,0
2023-04-02,AWS_05_Kolkata,26.357950614575994,70.4140819540494,1014.3681432837598,1.4050097532902237,0
2023-04-03,AWS_05_Kolkata,25.7091761242638,65.82791196527897,1014.6634632764244,0.1716853068665293,0
2023-04-04,AWS_05_Kolkata,24.99139583608341,67.0481117895247,1013.7722463718624,1.6007340075605283,0
2023-04-05,AWS_05_Kolkata,23.648116993526163,72.61904913654803,1013.7818246938764,3.864643234269832,0
2023-04-06,AWS_05_Kolkata,24.232020878787296,68.53369822787623,1013.881731683022,0.2635133648242467,0
2023-04-07,AWS_05_Kolkata,24.57822679857956,69.26959439535544,1014.5047910359364,1.3634589405004407,0
2023-04-08,AWS_05_Kolkata,22.005141300644414,65.8280680765283,1014.0150345408744,0.6275186499975304,0
2023-04-09,AWS_05_Kolkata,23.49034877884212,70.33181914629628,1015.0651679986825,0.9232009072891388,0
2023-04-10,AWS_05_Kolkata,23.941118252083285,71.46260604129436,1013.8968510973672,0.507411164595785,0
2023-04-11,AWS_05_Kolkata,23.29603661119856,71.50548171520747,1014.8536391036364,0.6557370286468476,0
2023-04-12,AWS_05_Kolkata,23.646184705299145,65.83790341141284,1013.5193378530056,0.044007006875543,0
2023-04-13,AWS_05_Kolkata,24.99418607504557,72.60695747097817,1013.2643038502624,5.989177663481469,0
2023-04-14,AWS_05_Kolkata,25.00999658696252,66.74748386246566,1013.9013066546748,1.4704437812322828,0
2023-04-15,AWS_05_Kolkata,25.922115826262203,69.79668611930214,1014.5139298585162,1.0418390373020332,0
2023-04-16,AWS_05_Kolkata,21.22624581611028,65.15516299989794,1013.6973858713868,0.7260694908219228,0
2023-04-17,AWS_05_Kolkata,22.69073922503116,69.60410936826948,1013.6186726335642,1.1627550873931818,0
2023-04-18,AWS_05_Kolkata,24.99777738479065,67.26411409376371,1014.429942982032,0.7173101718449214,0
2023-04-19,AWS_05_Kolkata,20.37319805177843,69.05998698206122,1014.2599118617132,0.6692148745269223,0
2023-04-20,AWS_05_Kolkata,21.063743235602708,70.71726162776629,1013.5005155841744,0.9352820809370092,0
2023-04-21,AWS_05_Kolkata,21.7417087103608,73.14942465196674,1013.460079136767,0.4844106790727737,0
2023-04-22,AWS_05_Kolkata,25.570011151049915,73.1758900420867,1014.2884087482618,0.2977676912902887,0
2023-04-23,AWS_05_Kolkata,20.880975708885213,63.9138913262438,1013.0455125705096,1.2199444260812258,0
2023-04-24,AWS_05_Kolkata,23.8088387600803,73.08846858153575,1014.3883432024112,2.77502482700681,0
2023-04-25,AWS_05_Kolkata,21.982726516669427,71.79917173179516,1014.1810816477748,0.2487776176134017,0
2023-04-26,AWS_05_Kolkata,20.14753289801664,69.62562078524256,1012.6807532060844,0.0499231438908122,0
2023-04-27,AWS_05_Kolkata,25.910816840381912,68.78991359554067,1013.8144957420556,0.4251601139896525,0
2023-04-28,AWS_05_Kolkata,21.848190224812576,71.36774101241151,1012.8022445013996,5.847227743881258,0
2023-04-29,AWS_05_Kolkata,21.96697608226913,72.36965597229856,1013.1735700620771,2.6470169233465715,0
2023-04-30,AWS_05_Kolkata,22.052250601639567,72.93325542338009,1013.5085389024938,1.359013357949962,0
2023-05-01,AWS_05_Kolkata,21.78514760896758,71.32835906407227,1013.1095183552876,3.972881115485748,0
2023-05-02,AWS_05_Kolkata,24.178499486577888,64.4670233968088,1014.835364708822,0.8839353074388479,0
2023-05-03,AWS_05_Kolkata,23.48147765084923,70.67204076943388,1014.1406733663068,6.136778566740077,0
2023-05-04,AWS_05_Kolkata,19.258877201897008,68.72390344013945,1014.3742176362877,0.5271090843769402,0
2023-05-05,AWS_05_Kolkata,23.53965778661117,78.5564065718268,1013.6017077046632,0.4122588429623621,0
2023-05-06,AWS_05_Kolkata,19.31829332782595,72.68314409045749,1013.6679421008498,1.5243663425426028,0
2023-05-07,AWS_05_Kolkata,20.71044515580634,74.84169297106361,1014.4234396240912,0.7125941306744368,0
2023-05-08,AWS_05_Kolkata,17.91010837372166,74.63547284016093,1013.829826089656,1.476716016724498,0
2023-05-09,AWS_05_Kolkata,21.50434892430894,73.77143398507603,1013.8984866282892,0.5457554774291882,0
2023-05-10,AWS_05_Kolkata,19.35224410535319,71.70071836640206,1013.1157099175856,1.4431810588987262,0
2023-05-11,AWS_05_Kolkata,17.95473443325879,71.4253401277151,1013.0918621806464,0.4839202187866029,0
2023-05-12,AWS_05_Kolkata,21.32927038875656,67.10100440483939,1013.6582972168744,0.0784755728711487,0
2023-05-13,AWS_05_Kolkata,21.570286245377343,73.69379208300832,1013.6918183236688,3.6479459973935193,0
2023-05-14,AWS_05_Kolkata,21.49255459690273,74.2712224714139,1012.9838984595646,3.2210051192514824,0
2023-05-15,AWS_05_Kolkata,16.876380109676056,73.32786583440314,1013.6383435912868,5.300284785965276,0
2023-05-16,AWS_05_Kolkata,21.396552124105856,74.0012754109202,1012.8245190262304,1.890958530144988,0
2023-05-17,AWS_05_Kolkata,18.462959696609705,70.0497824242533,1013.4180823200762,1.7219614892882196,0
2023-05-18,AWS_05_Kolkata,21.87058371084724,72.88319525453221,1012.6678188060204,1.228076047770682,0
2023-05-19,AWS_05_Kolkata,19.612489830960445,71.91039119156326,1014.025542113046,0.2019135304751321,0
2023-05-20,AWS_05_Kolkata,18.935957491974133,75.94784926587592,1013.1805166691096,0.314666124156145,0
2023-05-21,AWS_05_Kolkata,18.457848468380785,74.16689949728719,1012.9635284596592,0.5126155055821556,0
2023-05-22,AWS_05_Kolkata,18.312917421988534,72.21383263682567,1012.7112402849472,3.313046103581806,0
2023-05-23,AWS_05_Kolkata,17.20475705690032,73.7409245220841,1012.6365329492176,0.2848706011454898,0
2023-05-24,AWS_05_Kolkata,16.514853670350487,71.18786641948128,1013.4487743192705,3.843456191267678,0
2023-05-25,AWS_05_Kolkata,17.468213314102233,73.40570960256746,1013.7051490712676,1.109684537993025,0
2023-05-26,AWS_05_Kolkata,19.69616286092368,76.22019684004442,1013.627436896734,1.885900229669878,0
2023-05-27,AWS_05_Kolkata,15.714913684563774,70.55523447277987,1013.8458403170696,0.1752128371942679,0
2023-05-28,AWS_05_Kolkata,19.72329847416005,74.44669088885937,1013.993268753855,0.4700815719657421,0
2023-05-29,AWS_05_Kolkata,17.832287567362943,72.45643290040744,1013.5694443097494,4.773765513324284,0
2023-05-30,AWS_05_Kolkata,18.696802699363573,70.78558239906965,1012.8100136669424,0.4641758379110022,0
2023-05-31,AWS_05_Kolkata,18.684230782028678,80.44828876507496,1013.116865305742,0.5275774164911324,0
2023-06-01,AWS_05_Kolkata,18.73944491820515,78.68378008889992,1011.8740009346532,0.9906515242586328,0
2023-06-02,AWS_05_Kolkata,17.29553134594876,73.19626685794216,1013.2913354831084,0.6218904656679264,0
2023-06-03,AWS_05_Kolkata,17.2580344374187,74.18707690945992,1013.0169517705444,1.195219989306376,0
2023-06-04,AWS_05_Kolkata,18.440869249583795,69.0534831838672,1013.7094274099686,4.626611170760201,0
2023-06-05,AWS_05_Kolkata,15.460623922511012,70.4044855313391,1012.5093579378882,2.734400035944626,0
2023-06-06,AWS_05_Kolkata,15.156380266223234,71.85746029803673,1013.1077584969466,3.631000610709712,0
2023-06-07,AWS_05_Kolkata,16.179222036506516,75.19824313822583,1012.3170398857584,0.5873593239584,0
2023-06-08,AWS_05_Kolkata,17.239276085794884,75.01012322236713,1012.7321638411833,7.290344422262589,0
2023-06-09,AWS_05_Kolkata,19.62205895297118,76.40256405742066,1011.937782987413,6.898119282208365,0
2023-06-10,AWS_05_Kolkata,16.749081948924783,77.49413668260668,1013.4014506347752,0.0982187238362461,0
2023-06-11,AWS_05_Kolkata,19.61645485133073,76.34104698858641,1013.2175493196652,2.176746483956,0
2023-06-12,AWS_05_Kolkata,17.331311458545258,72.30927652678976,1012.4224747702306,0.3206233460480452,0
2023-06-13,AWS_05_Kolkata,15.82262759653163,76.56981304499764,1012.7571317421574,7.068266475832426,0
2023-06-14,AWS_05_Kolkata,18.170935424228837,77.54578947273946,1012.6126684027174,6.014822328100724,0
2023-06-15,AWS_05_Kolkata,16.036378866544474,74.39764377198135,1012.2542644580378,10.451998443986817,0
2023-06-16,AWS_05_Kolkata,16.730672415750405,70.17764842837245,1012.5889278161384,1.213723672804054,0
2023-06-17,AWS_05_Kolkata,14.305344787840635,79.30428578112686,1012.2726585826188,2.7420753730654663,0
2023-06-18,AWS_05_Kolkata,14.00582097293402,76.04989034626182,1012.9507806755702,0.9177254617797111,0
2023-06-19,AWS_05_Kolkata,17.061098368439456,67.49699171292805,1012.3216376686264,2.0879891855113097,0
2023-06-20,AWS_05_Kolkata,17.850901827311066,82.05451253749465,1013.5886135181602,3.323941067307685,0
2023-06-21,AWS_05_Kolkata,19.081408316093817,74.43338679293437,1012.320609280679,0.2466249736877168,0
2023-06-22,AWS_05_Kolkata,14.919362009067704,83.2103330246652,1012.3819993984196,5.64665176206147,0
2023-06-23,AWS_05_Kolkata,18.302474147782604,77.04660673016868,1012.5556776546956,3.5267130928108767,0
2023-06-24,AWS_05_Kolkata,18.0548971509726,75.3253795339808,1012.6760218570228,7.946334385919957,0
2023-06-25,AWS_05_Kolkata,15.325789907083092,76.50075681641134,1012.2623052451528,1.4271874509487972,0
2023-06-26,AWS_05_Kolkata,18.12691661003981,73.83635582788425,1012.4422632489818,10.513620699548474,0
2023-06-27,AWS_05_Kolkata,17.446312865177646,76.15994055206824,1012.246174940552,29.88441005172997,0
2023-06-28,AWS_05_Kolkata,17.731419273090783,82.01734617539944,1011.7311352318584,11.326488088208745,0
2023-06-29,AWS_05_Kolkata,19.2602994170925,73.29672563006558,1011.561969316119,6.770671520724962,0
2023-06-30,AWS_05_Kolkata,17.654326286219884,77.59742731488963,1012.4012606915304,7.52974632114155,0
2023-07-01,AWS_05_Kolkata,12.795023214794131,73.84042713874948,1012.7758295062824,3.83722084461985,0
2023-07-02,AWS_05_Kolkata,16.484211152833673,75.49546071971568,1011.1673093995764,0.9490995160755232,0
2023-07-03,AWS_05_Kolkata,13.65313126329066,81.9271641897259,1011.2310819303118,5.086030157562533,0
2023-07-04,AWS_05_Kolkata,16.23643395439342,77.57197836105344,1011.1918448738626,5.613357660044982,0
2023-07-05,AWS_05_Kolkata,16.158586447464373,78.22250484619562,1012.267145720574,19.015724150978887,0
2023-07-06,AWS_05_Kolkata,53.343565885504354,76.18854854755698,1012.2745285198454,3.507127861137632,1
2023-07-07,AWS_05_Kolkata,14.503381561095171,84.05063710772305,1011.3227568407382,1.4246454086218927,0
2023-07-08,AWS_05_Kolkata,15.267036344517363,73.10105640821716,1012.8795751620952,5.179397752794044,0
2023-07-09,AWS_05_Kolkata,15.57748597386497,71.19530283658172,1011.5500203806906,17.46580990029733,0
2023-07-10,AWS_05_Kolkata,15.90930069139442,80.97255138334603,1012.4262239662098,0.8777656121868875,0
2023-07-11,AWS_05_Kolkata,16.29157153028872,74.74851281718799,1012.078656353284,1.775349359318204,0
2023-07-12,AWS_05_Kolkata,17.040783300577303,77.1004515571312,1011.1614164217176,3.512817910720837,0
2023-07-13,AWS_05_Kolkata,15.726479932850747,80.99282877929143,1011.3976378730704,0.8396469354449101,0
2023-07-14,AWS_05_Kolkata,18.150087724236176,77.08618445326762,1011.1367495928108,0.1011205673126024,0
2023-07-15,AWS_05_Kolkata,16.21145886615024,82.47740151329954,1010.8672290107356,1.849296747475096,0
2023-07-16,AWS_05_Kolkata,17.696637970615996,76.16066619421174,1011.3793450007298,9.023539308165944,0
2023-07-17,AWS_05_Kolkata,15.897137017002104,73.5925328135046,1010.8733689385624,0.1999865377172021,0
2023-07-18,AWS_05_Kolkata,20.516236857407844,68.61901193638468,1011.3520649691036,2.52108826714325,0
2023-07-19,AWS_05_Kolkata,17.151228713998243,76.54137638404502,1012.3730527068294,6.463478452728064,0
2023-07-20,AWS_05_Kolkata,18.955769474060588,68.88846413181595,1011.7221299971052,13.776751279364117,0
2023-07-21,AWS_05_Kolkata,15.51721192843882,76.52741929411354,1011.0626180912516,19.043601510627628,0
2023-07-22,AWS_05_Kolkata,15.945500665132158,79.88563365856074,1010.9894137143954,2.466577966443797,0
2023-07-23,AWS_05_Kolkata,16.298901389280747,75.40713164397471,1011.076012385455,13.51551532405761,0
2023-07-24,AWS_05_Kolkata,20.450252118213637,75.97771709609863,1012.2801503664724,0.1622764850618553,0
2023-07-25,AWS_05_Kolkata,16.488030275715495,78.1012818472011,1010.6686422211504,6.165423223505472,0
2023-07-26,AWS_05_Kolkata,15.641101277857624,77.30760079443384,1011.1804035709392,4.631887631420039,0
2023-07-27,AWS_05_Kolkata,18.899427781406803,78.72304098736127,1011.3826807819268,1.2917013856421171,0
2023-07-28,AWS_05_Kolkata,17.110772583262065,75.12441127277243,1011.7267067921114,3.18551561874196,0
2023-07-29,AWS_05_Kolkata,16.77254504467701,68.36681493944712,1010.9218512137268,0.6243716418389917,0
2023-07-30,AWS_05_Kolkata,16.264096283224678,78.58443727499902,1010.5763431376076,9.236622146047534,0
2023-07-31,AWS_05_Kolkata,17.995171801192214,74.27405116683691,1011.1722049470162,1.993537091856918,0
2023-08-01,AWS_05_Kolkata,18.94091090678249,72.2864999930183,1011.654848238596,4.426282771316599,0
2023-08-02,AWS_05_Kolkata,18.616618202142167,75.8602141413974,1010.8314335665884,0.7780394034559913,0
2023-08-03,AWS_05_Kolkata,16.805590104828614,75.33995284675052,1010.5188309983462,1.0389575347883602,0
2023-08-04,AWS_05_Kolkata,16.135648916338877,72.45785025159262,1010.9646225625356,21.702937072479703,0
2023-08-05,AWS_05_Kolkata,11.683617393109149,70.77340739175565,1010.0690279323622,6.294225503726265,0
2023-08-06,AWS_05_Kolkata,16.391648071054853,75.95736516791098,1010.7431260355656,14.712431058073694,0
2023-08-07,AWS_05_Kolkata,17.351628244238505,71.92252094077999,1011.4134423370112,1.5784448945292486,0
2023-08-08,AWS_05_Kolkata,48.28496563581844,74.73338540849872,1011.23417528711,0.8091008552522135,1
2023-08-09,AWS_05_Kolkata,17.710732532490596,75.42677651297753,1010.6974986631276,3.1468635713381548,0
2023-08-10,AWS_05_Kolkata,22.425343951677817,77.12530563441528,1011.5721390673656,3.071430893127821,0
2023-08-11,AWS_05_Kolkata,19.070459512847357,80.49058136147998,1011.6708280074812,0.8653817832320132,0
2023-08-12,AWS_05_Kolkata,16.588602770081156,74.75557411640843,1011.0217303999668,5.945981925989327,0
2023-08-13,AWS_05_Kolkata,19.54231169891915,72.67674710817431,1009.9299866012452,2.0208076394130545,0
2023-08-14,AWS_05_Kolkata,48.57278558399343,78.83526029393711,1009.69849732836,0.928096651423788,1
2023-08-15,AWS_05_Kolkata,17.218462586433176,76.90961538297542,1011.3051826284448,1.8154901127884704,0
2023-08-16,AWS_05_Kolkata,19.346941547353936,74.17416250946495,1010.7111967388656,3.731987442861826,0
2023-08-17,AWS_05_Kolkata,19.83146463880668,74.28047064321471,1011.3824232618224,5.833563218512291,0
2023-08-18,AWS_05_Kolkata,20.69756242042547,73.55209054542097,1009.8715435210544,2.9590623640280613,0
2023-08-19,AWS_05_Kolkata,16.623892044072097,73.8567141747677,1010.4369633591932,3.355622416279576,0
2023-08-20,AWS_05_Kolkata,20.38810116983977,72.96161662265655,1011.0092616400378,0.6731909296067291,0
2023-08-21,AWS_05_Kolkata,21.66137585060788,70.23829345879251,1010.1073290306748,11.076634968789469,0
2023-08-22,AWS_05_Kolkata,22.51049575663858,73.08344766605602,1010.9576244470946,11.885392763742944,0
2023-08-23,AWS_05_Kolkata,17.974184677705313,78.22119387731647,1010.3673105262028,5.17590055118247,0
2023-08-24,AWS_05_Kolkata,19.730510894561213,70.39232255422485,1010.4216646756267,0.080049121808219,0
2023-08-25,AWS_05_Kolkata,20.0137872586632,71.91627760053775,1009.7952236590507,3.4658483907239352,0
2023-08-26,AWS_05_Kolkata,21.240361939356152,69.9425751339498,1010.492616916537,4.464646253491266,0
2023-08-27,AWS_05_Kolkata,20.121549110958533,75.97720268122,1011.4436864436844,23.541517654784784,0
2023-08-28,AWS_05_Kolkata,19.438480060294044,74.87985605439889,1010.522159943812,24.922536270653566,0
2023-08-29,AWS_05_Kolkata,20.982038976067557,68.44004200518637,1009.9136397483494,8.771373822938125,0
2023-08-30,AWS_05_Kolkata,20.296308779208644,66.10256321182808,1010.9891264505394,0.2968166462832469,0
2023-08-31,AWS_05_Kolkata,21.79367374881266,74.636791974276,1009.8929299803538,13.78577561075264,0
2023-09-01,AWS_05_Kolkata,19.8853622554406,67.90242796546823,1011.1171389821508,4.2680503731328505,0
2023-09-02,AWS_05_Kolkata,19.7170247952576,74.2844076469034,1009.602496027862,2.4208224352584,0
2023-09-03,AWS_05_Kolkata,23.3758329328164,69.76364280981647,1010.3602395583866,0.7843292147093386,0
2023-09-04,AWS_05_Kolkata,24.965009639660515,73.64002443150021,1010.9714776663732,0.5777647907891024,0
2023-09-05,AWS_05_Kolkata,24.444487460960023,72.76348478180512,1009.7598788310536,0.9333179024100532,0
2023-09-06,AWS_05_Kolkata,21.759325532748168,69.69686651719444,1010.2203707815112,0.2382729445949171,0
2023-09-07,AWS_05_Kolkata,23.6072626145462,68.54336647467213,1010.7434773690582,0.662570129523566,0
2023-09-08,AWS_05_Kolkata,21.15368362401336,72.78090390080607,1009.023658069448,2.92385726878084,0
2023-09-09,AWS_05_Kolkata,23.1050436986058,68.84802302824666,1010.6019940132016,0.0580340400864912,0
2023-09-10,AWS_05_Kolkata,21.627821297107744,74.12412035759112,1010.0822740619506,0.2453286895055575,0
2023-09-11,AWS_05_Kolkata,24.55006838772829,68.17070048758123,1010.8354547900004,0.2004962329833388,0
2023-09-12,AWS_05_Kolkata,24.513284190994703,71.58858127112934,1009.6895281972024,0.7739470661735277,0
2023-09-13,AWS_05_Kolkata,26.105733090289533,69.23594494320457,1009.3992500753932,8.707179188303265,0
2023-09-14,AWS_05_Kolkata,22.812450495891213,70.29201582990639,1009.8110461185606,0.2855752248327741,0
2023-09-15,AWS_05_Kolkata,25.690407500016253,68.04093346946429,1009.7911006680646,0.2358277078382254,0
2023-09-16,AWS_05_Kolkata,24.24779695404393,69.4737012048489,1009.9608814457188,3.69863982291895,0
2023-09-17,AWS_05_Kolkata,23.76816880814741,62.190676430389225,1009.8214737519668,3.206248284094104,0
2023-09-18,AWS_05_Kolkata,24.32825845617952,67.30301839609376,1009.0440296118531,0.0491573079798803,0
2023-09-19,AWS_05_Kolkata,26.53811419094888,67.84428939081461,1009.9932944319576,2.0897123860502926,0
2023-09-20,AWS_05_Kolkata,23.96211141108257,69.25635722450444,1010.1500452508023,1.5983424497753729,0
2023-09-21,AWS_05_Kolkata,24.207890952151946,73.21598831012344,1009.9314824788428,2.1898519980110667,0
2023-09-22,AWS_05_Kolkata,21.400892869808292,67.10725163876808,1010.1660589420364,1.0233181450609998,0
2023-09-23,AWS_05_Kolkata,24.449280837610964,73.30607312326697,1010.0602459111964,7.130369296748203,0
2023-09-24,AWS_05_Kolkata,25.237196895982265,66.34322088247134,1009.3224895258778,0.0672560346960995,0
2023-09-25,AWS_05_Kolkata,23.868426946030453,65.46619521753547,1009.8593630033172,0.4005874900265453,0
2023-09-26,AWS_05_Kolkata,23.671453248673604,63.00076235707746,1010.0636321559432,0.757628162702,0
2023-09-27,AWS_05_Kolkata,22.578057641279244,70.33642153645755,1009.8855803627064,0.8961500094448854,0
2023-09-28,AWS_05_Kolkata,24.64981022382085,68.63663838170214,1009.2558455085156,3.814453412394712,0
2023-09-29,AWS_05_Kolkata,27.83056559672659,69.88357109662125,1010.6124639111596,1.2314857057146358,0
2023-09-30,AWS_05_Kolkata,23.648118584586385,68.49814443556687,1009.5140888559932,0.0692402563979087,0
2023-10-01,AWS_05_Kolkata,27.226561260680683,67.93798020147727,1009.3789202232168,0.786025785278639,0
2023-10-02,AWS_05_Kolkata,27.534180794902863,68.68114244186613,1010.0208722792348,0.8080415942196325,0
2023-10-03,AWS_05_Kolkata,30.066515240635344,74.14768015125456,1009.8436215589112,5.0498000031826304,0
2023-10-04,AWS_05_Kolkata,28.11670267835989,66.13084949112564,1010.303849954494,1.3714282069596808,0
2023-10-05,AWS_05_Kolkata,28.162820670640045,73.57820557750357,1010.4416770215984,1.5144649121814917,0
2023-10-06,AWS_05_Kolkata,27.454061980147724,69.83507652415274,1010.3684444335996,1.8737326411318331,0
2023-10-07,AWS_05_Kolkata,27.075099468010578,68.23654295192097,1010.010672681086,2.2047703836282384,0
2023-10-08,AWS_05_Kolkata,28.52309190851116,68.66775159897111,1010.2922042933648,1.5119967803281755,0
2023-10-09,AWS_05_Kolkata,29.288454861232488,57.28080537279355,1009.2401284621762,0.406127999771955,0
2023-10-10,AWS_05_Kolkata,27.84133831220977,65.94653416648259,1010.5724815438524,3.1077567569600277,0
2023-10-11,AWS_05_Kolkata,29.693143757011143,64.58504798998827,1009.8286375459568,1.9758231223057456,0
2023-10-12,AWS_05_Kolkata,32.249332764214834,72.79756732917663,1011.0223560154892,2.031440736405001,0
2023-10-13,AWS_05_Kolkata,28.199434816860965,65.30128687289478,1010.6067033054776,8.507004539538212,0
2023-10-14,AWS_05_Kolkata,28.409659296466863,66.10167458734922,1009.9531562981504,2.433226586108312,0
2023-10-15,AWS_05_Kolkata,28.290321964073883,65.91907102011739,1010.0705774704992,2.6504662698666817,0
2023-10-16,AWS_05_Kolkata,28.795732382628483,62.004307698455,1010.6605509318944,4.536367869742438,0
2023-10-17,AWS_05_Kolkata,30.59562767193921,64.11055933192566,1008.9476810173206,0.2457809065411258,0
2023-10-18,AWS_05_Kolkata,29.05658531154486,68.1098910488529,1010.0074149550834,1.0329183479358666,0
2023-10-19,AWS_05_Kolkata,29.373937067216502,59.13244369224397,1010.94859883763,1.3032773040302292,0
2023-10-20,AWS_05_Kolkata,28.87894634862861,66.33132047134632,1010.5312340201582,0.5990957239464556,0
2023-10-21,AWS_05_Kolkata,30.149293942490893,62.56299448008186,1009.7014309466804,2.7432889484207585,0
2023-10-22,AWS_05_Kolkata,28.8221878057052,69.03817102352043,1010.2895628479145,2.155873916381709,0
2023-10-23,AWS_05_Kolkata,27.89797610112492,66.19500758330032,1009.6565700351052,1.9141867457535413,0
2023-10-24,AWS_05_Kolkata,30.56781248156337,60.32365275532358,1009.987323988136,8.790359591907468,0
2023-10-25,AWS_05_Kolkata,33.023333990721426,63.50815852358484,1010.338662833168,0.4504041902123943,0
2023-10-26,AWS_05_Kolkata,29.776092608410877,65.99187312442506,1010.4408849651984,1.9946286320522977,0
2023-10-27,AWS_05_Kolkata,28.804704613869703,63.59492795513986,1010.5654476228012,1.2024504483229337,0
2023-10-28,AWS_05_Kolkata,33.394185070312126,64.81878336732439,1010.8329309455607,0.5631078613166279,0
2023-10-29,AWS_05_Kolkata,30.7419332181598,64.2034159795438,1009.6350018579756,0.2625784304116825,0
2023-10-30,AWS_05_Kolkata,32.24191484135196,66.74040132366022,1010.2602271035864,3.3933720778397194,0
2023-10-31,AWS_05_Kolkata,29.88168415608868,65.33859101274038,1009.8399137415536,1.357490240143223,0
2023-11-01,AWS_05_Kolkata,31.1383699723141,63.75640354604493,1010.083043884893,2.613886958827924,0
2023-11-02,AWS_05_Kolkata,33.37160866617493,63.837131545526766,1009.923147012043,1.182324531317977,0
2023-11-03,AWS_05_Kolkata,31.612436909976104,60.418475247003016,1010.56846493204,0.3726479639299445,0
2023-11-04,AWS_05_Kolkata,31.77497765531502,67.95400653835011,1010.8641683522384,0.6177126059815647,0
2023-11-05,AWS_05_Kolkata,29.469531959974265,72.32470325172734,1010.9105540053864,0.7207813353159982,0
2023-11-06,AWS_05_Kolkata,33.02353194420846,62.33456687131864,1009.8243353414756,5.414260456691244,0
2023-11-07,AWS_05_Kolkata,30.80298595944671,63.35765109737356,1010.3356288004412,0.0084738077031497,0
2023-11-08,AWS_05_Kolkata,33.79841461354768,66.15004962022563,1009.8516577401156,6.367683821546914,0
2023-11-09,AWS_05_Kolkata,32.55767757048642,66.02512443359441,1009.8562941838608,5.90306297400526,0
2023-11-10,AWS_05_Kolkata,46.00963332560822,63.42493449253487,1010.1303046590962,8.339831226403575,1
2023-11-11,AWS_05_Kolkata,33.6778026873641,59.856300977564686,1010.655037228505,0.9710800559498574,0
2023-11-12,AWS_05_Kolkata,33.211458153207815,68.13563332631307,1010.7655133460296,4.978415955657704,0
2023-11-13,AWS_05_Kolkata,35.35382801382103,64.6227846476115,1010.8562807073204,0.7552765423914962,0
2023-11-14,AWS_05_Kolkata,35.24179178071726,63.14025961474189,1010.8488911273104,0.0399694822837393,0
2023-11-15,AWS_05_Kolkata,31.199408901250862,60.21129731623103,1010.152761268591,0.3810753960490561,0
2023-11-16,AWS_05_Kolkata,32.89066585854482,62.45647841757983,1011.1924628555064,4.358734385398982,0
2023-11-17,AWS_05_Kolkata,34.520877568556266,56.74379770006383,1011.0275344835384,0.020790457677723,0
2023-11-18,AWS_05_Kolkata,31.96935909701081,64.31610306712852,1010.4447676824938,1.184467745180521,0
2023-11-19,AWS_05_Kolkata,31.146172872867307,64.95559284761707,1010.4892709274902,0.1179181791334327,0
2023-11-20,AWS_05_Kolkata,32.47073571847467,62.60044290654207,1010.3739700859984,0.5061418543851451,0
2023-11-21,AWS_05_Kolkata,52.60489455578376,58.9419885507498,1010.0832137644644,0.1383256561228475,1
2023-11-22,AWS_05_Kolkata,27.73289632116904,63.09185192893291,1011.0889189308908,2.9441272799243343,0
2023-11-23,AWS_05_Kolkata,32.264881610074646,64.01350126846583,1011.1940771519228,1.3413195331646326,0
2023-11-24,AWS_05_Kolkata,31.371476714536374,59.33886720500315,1010.3475203951388,3.485812163604161,0
2023-11-25,AWS_05_Kolkata,35.8604693372749,64.28960792139561,1010.2224700975564,1.7488271733501928,0
2023-11-26,AWS_05_Kolkata,35.63644829755502,62.9821682577221,1010.3983280939044,5.312196719344238,0
2023-11-27,AWS_05_Kolkata,34.75340325242627,60.50950488383416,1010.9502516897244,1.069650352321398,0
2023-11-28,AWS_05_Kolkata,34.57943318472991,59.583500963865774,1010.233000969587,1.527113893921351,0
2023-11-29,AWS_05_Kolkata,35.337985472917254,60.64675601664536,1011.5170737752476,1.2881256568799586,0
2023-11-30,AWS_05_Kolkata,33.11210737464568,58.20030857073972,1011.516636984425,0.9932300237077704,0
2023-12-01,AWS_05_Kolkata,36.57522738658659,61.824073074960026,1011.2246213716109,2.805808275726213,0
2023-12-02,AWS_05_Kolkata,34.91913277934103,62.6517728847306,1011.4474001946658,1.5514511060386944,0
2023-12-03,AWS_05_Kolkata,36.23710512073082,64.41722480611337,1011.102277152164,2.424031285233797,0
2023-12-04,AWS_05_Kolkata,36.253809014889534,61.74099704351779,1011.3361183139328,2.3152220250244326,0
2023-12-05,AWS_05_Kolkata,35.816188543764746,61.961939825576536,1010.4843576932442,0.3180182794414129,0
2023-12-06,AWS_05_Kolkata,35.55755335674679,59.92543567376791,1011.8608525333776,1.5754342041780247,0
2023-12-07,AWS_05_Kolkata,35.51630264925537,58.05077500527369,1010.953347551983,0.3340555080779209,0
2023-12-08,AWS_05_Kolkata,35.131930108683136,59.32908769650347,1011.164272773118,1.3131568284223047,0
2023-12-09,AWS_05_Kolkata,36.01584921470786,64.85108114448207,1012.5041512979147,1.6971744516057417,0
2023-12-10,AWS_05_Kolkata,35.66299330559324,62.41929921575374,1011.1826440310944,8.836110802456739,0
2023-12-11,AWS_05_Kolkata,34.68264188057671,61.691652992830335,1011.6946551083234,0.0465271559982415,0
2023-12-12,AWS_05_Kolkata,36.38444962374102,54.97798560630116,1011.614726909786,0.1435153208338813,0
2023-12-13,AWS_05_Kolkata,35.94452579168372,61.31941934438792,1010.7237482355176,0.1202324525650512,0
2023-12-14,AWS_05_Kolkata,37.3895341653161,56.3510706709818,1010.9231636084162,0.7621472356974346,0
2023-12-15,AWS_05_Kolkata,32.907465599504874,56.52642159745216,1012.474028006682,2.5854927339839024,0
2023-12-16,AWS_05_Kolkata,35.72280899175067,56.82615966462254,1011.7788748810232,2.7873906668362456,0
2023-12-17,AWS_05_Kolkata,34.62364612943955,57.912699204827504,1011.514216965126,2.003285500506681,0
2023-12-18,AWS_05_Kolkata,34.97421120594069,62.69965221182668,1011.2883329377278,3.4077673061222646,0
2023-12-19,AWS_05_Kolkata,36.62702284105401,60.849855738798674,1011.7498297813512,0.5848157254739887,0
2023-12-20,AWS_05_Kolkata,33.66716531642551,57.313556319123485,1011.8311204467784,0.1384273040278108,0
2023-12-21,AWS_05_Kolkata,36.05190453693547,58.3760157911011,1011.770674481758,0.0898687015464033,0
2023-12-22,AWS_05_Kolkata,35.92588600022915,61.590761936050136,1012.2258626491638,2.8671602425914613,0
2023-12-23,AWS_05_Kolkata,34.330400154426286,62.16916179014318,1011.2920131646894,1.966425797970155,0
2023-12-24,AWS_05_Kolkata,36.16459657021427,60.45890979990428,1011.2592331918116,1.7990516656931248,0
2023-12-25,AWS_05_Kolkata,34.80437843597589,56.6001621954865,1012.3153318510904,0.6225377520354468,0
2023-12-26,AWS_05_Kolkata,39.25920733092795,58.79203638291129,1012.8844140960972,0.7168243365762108,0
2023-12-27,AWS_05_Kolkata,37.7792530048433,67.16193202556533,1012.2836913677396,4.759188584427071,0
2023-12-28,AWS_05_Kolkata,36.0875581021721,56.37804337033919,1012.5456375214472,0.0988968262903929,0
2023-12-29,AWS_05_Kolkata,35.34645121931074,61.12953939942541,1011.8937364586913,2.229050968414357,0
2023-12-30,AWS_05_Kolkata,36.75459389869405,66.36368427232918,1012.0986308001194,0.5557986114395425,0
2023-12-31,AWS_05_Kolkata,37.15121387672128,59.17954730008511,1012.1263281728494,0.0597565599054874,0
2022-01-01,AWS_06_Bangalore,30.154893289661818,48.88153958821609,999.8862707090508,4.401642026703938,0
2022-01-02,AWS_06_Bangalore,31.86388875270356,55.96922830780007,999.8175137328984,1.9471007769337587,0
2022-01-03,AWS_06_Bangalore,30.309939966925,55.83860984666644,1000.7332956078228,0.0179221285291769,0
2022-01-04,AWS_06_Bangalore,29.28982201199976,54.18735027738676,1000.2053837381246,0.1858074950080612,0
2022-01-05,AWS_06_Bangalore,27.60973532677896,50.65712433940609,1000.5693096267167,3.861812590405743,0
2022-01-06,AWS_06_Bangalore,29.37091347676547,50.71161965479833,999.4806199917452,2.8329276280191205,0
2022-01-07,AWS_06_Bangalore,28.767674282885505,61.04973310092756,999.3194303614742,0.9987780555032518,0
2022-01-08,AWS_06_Bangalore,30.49105331313966,46.20949329088185,1000.185651151778,1.439495375236409,0
2022-01-09,AWS_06_Bangalore,29.28450515106401,50.823937682155005,999.6694964900388,0.5129877843995998,0
2022-01-10,AWS_06_Bangalore,30.803913079705698,60.56700842008508,1000.3625259211864,2.361328795627291,0
2022-01-11,AWS_06_Bangalore,31.905633308841203,61.53085856961276,999.9549008693205,1.3869283987321364,0
2022-01-12,AWS_06_Bangalore,27.730056963868883,59.26749072476748,1000.56330181579,1.7803083121092094,0
2022-01-13,AWS_06_Bangalore,29.82154043599905,55.795028633935786,1000.0524241614188,0.7047890706967319,0
2022-01-14,AWS_06_Bangalore,29.726084960682154,52.32195179627452,1000.7578720337712,0.8443314690380934,0
2022-01-15,AWS_06_Bangalore,30.239272241250923,49.21729174914188,1000.070206683567,0.3491888359693481,0
2022-01-16,AWS_06_Bangalore,30.766142527745025,55.5199772366456,999.6117648235872,4.436283768039212,0
2022-01-17,AWS_06_Bangalore,32.084029386729085,52.050965104490274,1001.0033163723252,4.393709992603226,0
2022-01-18,AWS_06_Bangalore,28.002431407927794,58.735846127336536,1000.2254782630574,2.553574127524185,0
2022-01-19,AWS_06_Bangalore,27.270780367835695,48.86361370326964,1001.3287909911412,4.112917472630502,0
2022-01-20,AWS_06_Bangalore,29.871988545584923,55.07073744086421,1000.3542935909504,1.6419067325711505,0
2022-01-21,AWS_06_Bangalore,30.221841744936867,57.30328983522733,1000.2960227739673,0.4011367137950842,0
2022-01-22,AWS_06_Bangalore,30.584475715765336,57.60485209487495,1000.5974361805208,2.141990874579017,0
2022-01-23,AWS_06_Bangalore,28.31682861441776,57.11977238839736,1000.4911339851324,0.5901778060963649,0
2022-01-24,AWS_06_Bangalore,27.04427665956627,55.69446946480048,1000.8660600456254,0.8710185372957286,0
2022-01-25,AWS_06_Bangalore,31.190176108973677,55.112620022502114,1001.035683205912,0.481031549806127,0
2022-01-26,AWS_06_Bangalore,30.079222815656014,57.51191229380368,1001.1426910061202,0.8264871611591827,0
2022-01-27,AWS_06_Bangalore,28.689383539153408,55.87049221874028,1000.853595179546,1.7059549844623358,0
2022-01-28,AWS_06_Bangalore,25.98328541820543,56.02993224523296,1000.176719798922,0.1758301134244281,0
2022-01-29,AWS_06_Bangalore,28.142085314732924,55.0794487613766,1001.8191874206192,0.1667441895273019,0
2022-01-30,AWS_06_Bangalore,30.130209026705028,53.887972791139305,1000.8028905591362,1.7269282804090826,0
2022-01-31,AWS_06_Bangalore,29.678923154204355,51.06249522444215,1000.8066004078588,2.2683386327221253,0
2022-02-01,AWS_06_Bangalore,26.89708488757214,51.65112742889557,1001.002391632872,1.202658477996367,0
2022-02-02,AWS_06_Bangalore,29.829268529917638,54.10685799664822,1000.9453548106976,0.3006812708118176,0
2022-02-03,AWS_06_Bangalore,28.70260476496896,54.97004503377266,1000.2303441947026,0.8451714069129876,0
2022-02-04,AWS_06_Bangalore,30.668070122061906,52.50554775155573,1001.4208861101664,2.129314672634398,0
2022-02-05,AWS_06_Bangalore,27.651421548411637,52.36042444389601,1000.751389804562,1.7362689885890603,0
2022-02-06,AWS_06_Bangalore,27.702027018424356,54.47475148964417,1001.0275443676592,0.1745740187402641,0
2022-02-07,AWS_06_Bangalore,28.727645193716416,58.35760186876094,1002.0966235077613,5.2177907307275255,0
2022-02-08,AWS_06_Bangalore,27.85437544203162,49.37579258170877,1001.7163372878056,0.3791750302159762,0
2022-02-09,AWS_06_Bangalore,27.094883455581414,53.00775971189643,1002.0769637604844,0.3734412733040777,0
2022-02-10,AWS_06_Bangalore,31.08988798240062,56.395951886908975,1000.9587527627511,0.9238827274991716,0
2022-02-11,AWS_06_Bangalore,30.380227359538814,59.861464339714296,1001.688287243228,0.5945569141856171,0
2022-02-12,AWS_06_Bangalore,26.72841610081723,62.57588225292062,1001.5505184890012,6.20143684534056,0
2022-02-13,AWS_06_Bangalore,28.416736229858472,55.16059272800784,1001.3467938675848,0.1193601082575064,0
2022-02-14,AWS_06_Bangalore,25.704771731841443,55.21229972104258,1001.023618222972,0.5488745381252086,0
2022-02-15,AWS_06_Bangalore,30.46953978575213,55.96669158055486,1001.965615425292,0.7236540737782748,0
2022-02-16,AWS_06_Bangalore,28.971426240950333,57.159944380628914,1001.19023156502,1.02022499774302,0
2022-02-17,AWS_06_Bangalore,29.248790424884916,56.44438129929635,1001.538975533955,0.0248137568661441,0
2022-02-18,AWS_06_Bangalore,27.276673364986685,57.03082267513688,1001.9505009097873,0.1289286679244701,0
2022-02-19,AWS_06_Bangalore,29.32533866957148,52.77573726315823,1001.0282479789664,0.4472242837962967,0
2022-02-20,AWS_06_Bangalore,29.23727260695444,51.904029519212784,1000.9945122508432,1.2111614916441888,0
2022-02-21,AWS_06_Bangalore,27.130900966339023,59.14264601628721,1002.8186444207446,2.190050670738736,0
2022-02-22,AWS_06_Bangalore,25.559698905382785,56.52656428842496,1001.1518606895846,1.7399116240549009,0
2022-02-23,AWS_06_Bangalore,27.840078945321935,59.71508350460641,1002.411089859591,1.2556126316865033,0
2022-02-24,AWS_06_Bangalore,26.900299053451977,57.996942542403495,1001.5965764461632,0.759336438539346,0
2022-02-25,AWS_06_Bangalore,29.770521522992027,53.138925995157294,1001.430015419889,3.0683662122314352,0
2022-02-26,AWS_06_Bangalore,26.96807016902397,62.21152969537191,1001.4990171731608,0.9236475178830688,0
2022-02-27,AWS_06_Bangalore,26.951076360083373,57.76104996013469,1001.6501283602012,0.5334121390024622,0
2022-02-28,AWS_06_Bangalore,27.90001375966211,55.54163525483656,1002.3685907293432,1.488685348660229,0
2022-03-01,AWS_06_Bangalore,26.59151341695015,56.29842625166556,1002.0955782851452,1.767043396900191,0
2022-03-02,AWS_06_Bangalore,27.524127120096253,54.38585096339997,1001.6291056036506,0.7624189148393801,0
2022-03-03,AWS_06_Bangalore,25.56900807524929,59.13806566568011,1000.8188689707464,0.0428203408062712,0
2022-03-04,AWS_06_Bangalore,24.593674148433934,57.927571057082666,1001.778444012473,0.1482916908339895,0
2022-03-05,AWS_06_Bangalore,24.79565247103861,64.43927952699812,1001.8503806643567,2.802302196844039,0
2022-03-06,AWS_06_Bangalore,25.55087122918356,60.06660400986015,1002.4285201730592,0.0873145594992942,0
2022-03-07,AWS_06_Bangalore,26.12563721826868,64.50530527201379,1001.0789645041792,1.3448044639116614,0
2022-03-08,AWS_06_Bangalore,26.58653604142372,55.87281854583138,1001.5814991618493,0.3044772632101492,0
2022-03-09,AWS_06_Bangalore,26.41088474161529,57.89053328882201,1001.5794079142762,0.3899569627338267,0
2022-03-10,AWS_06_Bangalore,25.63114910268781,61.68058248304546,1001.8271439899136,0.4789324108346268,0
2022-03-11,AWS_06_Bangalore,23.89874739851683,60.90514250112204,1001.9131964429952,0.0585656556801981,0
2022-03-12,AWS_06_Bangalore,26.43923449159229,59.22054877460555,1002.0989168086534,0.29262748946743,0
2022-03-13,AWS_06_Bangalore,23.02537851133403,56.16782708319018,1000.943763148602,1.5768775094986345,0
2022-03-14,AWS_06_Bangalore,23.411739300235315,52.99303870787831,1001.9886019393502,1.0358771082536384,0
2022-03-15,AWS_06_Bangalore,25.11599586808948,58.9994022035289,1002.035294716741,2.3942575910680777,0
2022-03-16,AWS_06_Bangalore,26.127357392333984,59.25954183110649,1001.9598351808486,0.0947965012080391,0
2022-03-17,AWS_06_Bangalore,25.75755043100788,60.30804901924337,1001.842671771423,3.295963870777934,0
2022-03-18,AWS_06_Bangalore,24.549446466468613,55.72036092552163,1000.230220253997,8.43962056642233,0
2022-03-19,AWS_06_Bangalore,25.24993559473021,57.55321711933975,1002.2322731966816,0.0237977414918651,0
2022-03-20,AWS_06_Bangalore,22.867021562782323,61.50105099366892,1001.469094130121,5.146251318197638,0
2022-03-21,AWS_06_Bangalore,23.504465374068065,62.21550721054772,1002.2694681870056,0.4035117163420962,0
2022-03-22,AWS_06_Bangalore,23.40876447872407,61.198627927631584,1002.5940200418944,1.7691307326383785,0
2022-03-23,AWS_06_Bangalore,22.647599951404207,59.69186029770547,1001.1366473078316,0.5189913716500958,0
2022-03-24,AWS_06_Bangalore,23.45184463527829,57.306484436400495,1002.271494620658,1.1066297340577818,0
2022-03-25,AWS_06_Bangalore,23.55811862971723,63.86584037020322,1001.3666594121812,1.0713065318049109,0
2022-03-26,AWS_06_Bangalore,23.058228063815985,63.321873719201626,1001.967237109638,0.6720238616856672,0
2022-03-27,AWS_06_Bangalore,23.24664373533832,59.55555790619205,1001.9288654093529,1.8963634403458889,0
2022-03-28,AWS_06_Bangalore,19.219427350216897,63.9148928949319,1002.3728589715516,1.3730735238553555,0
2022-03-29,AWS_06_Bangalore,23.969957601466994,61.34542971434253,1002.3008314178596,1.0647596057813988,0
2022-03-30,AWS_06_Bangalore,22.662633508680976,59.6432540491231,1002.1295581668644,6.097701131583793,0
2022-03-31,AWS_06_Bangalore,22.54077285128177,64.60805111489515,1001.177858093544,4.22034924794546,0
2022-04-01,AWS_06_Bangalore,20.94769562700226,62.266073473286575,1000.7425754980612,4.666238190685105,0
2022-04-02,AWS_06_Bangalore,25.236136832863085,60.81896392378026,1002.4559744748408,3.197036774244097,0
2022-04-03,AWS_06_Bangalore,25.18666594151487,58.39402787313776,1002.3723267083178,0.4418693861079237,0
2022-04-04,AWS_06_Bangalore,20.165913350202157,58.80942767892663,1001.4990192590506,0.646119062031229,0
2022-04-05,AWS_06_Bangalore,22.195145522821143,65.05709080407998,1002.1695071830404,0.3941030080742778,0
2022-04-06,AWS_06_Bangalore,23.819954183500077,64.01215193602249,1001.888681885576,6.4221198733101925,0
2022-04-07,AWS_06_Bangalore,21.770456596399608,59.28163152146102,1002.5334564610412,0.2484831821112282,0
2022-04-08,AWS_06_Bangalore,21.2792539094478,59.36163155077763,1002.0283061766432,0.6847707538779298,0
2022-04-09,AWS_06_Bangalore,21.06226876105333,69.37171979190437,1002.4324232446164,0.332924692536087,0
2022-04-10,AWS_06_Bangalore,22.41866949691152,64.59431880379137,1001.6705723744908,0.379348734160998,0
2022-04-11,AWS_06_Bangalore,25.75372896911585,66.96503996285074,1002.1144080592524,0.4257101563196901,0
2022-04-12,AWS_06_Bangalore,22.953863070343555,67.94875137278768,1001.7595141929016,1.53110531337932,0
2022-04-13,AWS_06_Bangalore,19.930929855171502,60.822612783787946,1001.6499986198652,0.1186449595667227,0
2022-04-14,AWS_06_Bangalore,20.532612823709517,68.97006264515703,1000.787086129734,1.2748063093031217,0
2022-04-15,AWS_06_Bangalore,20.95692901793879,60.64247602111067,1002.4059765716244,2.5662613731129533,0
2022-04-16,AWS_06_Bangalore,19.952919091331,66.19712185006517,1002.8107223727368,2.1820125510864146,0
2022-04-17,AWS_06_Bangalore,19.556773463966746,63.79457381582544,1001.2329436269396,0.2458475235405401,0
2022-04-18,AWS_06_Bangalore,22.134380443745226,66.44534852006622,1002.2642333380396,3.692929396460576,0
2022-04-19,AWS_06_Bangalore,20.13985889793603,63.77443491786786,1002.233321540898,2.2051035148776617,0
2022-04-20,AWS_06_Bangalore,21.337383208896963,66.18459821232813,1001.6394238885586,0.0079749287079794,0
2022-04-21,AWS_06_Bangalore,23.33936162475722,68.75345263329437,1001.5167797317334,2.0055343751170303,0
2022-04-22,AWS_06_Bangalore,19.765965057863085,68.1561346679154,1002.4640149803184,2.0058088114481927,0
2022-04-23,AWS_06_Bangalore,20.851881298584868,64.7400667856721,1002.3990032743704,1.0301992959967894,0
2022-04-24,AWS_06_Bangalore,18.792741349435357,62.192800211519405,1002.0743264010424,0.0706097637668497,0
2022-04-25,AWS_06_Bangalore,20.84046554763517,64.28768368087566,1001.575182506354,1.30091495446295,0
2022-04-26,AWS_06_Bangalore,22.05711634924156,66.63874038867583,1002.3659369663238,2.1770287900934786,0
2022-04-27,AWS_06_Bangalore,21.87042713675073,67.38713930972315,1001.3884191077138,0.4738631974130518,0
2022-04-28,AWS_06_Bangalore,19.952811764716056,68.76508471918845,1002.5019971453596,1.6497265044049012,0
2022-04-29,AWS_06_Bangalore,19.00342421240473,63.48469124256099,1002.5922182564886,0.6552622988522545,0
2022-04-30,AWS_06_Bangalore,20.030548396000498,63.00258068038048,1002.3507644407392,1.2794628343887005,0
2022-05-01,AWS_06_Bangalore,19.646466590092967,62.86088632777415,1001.9148167235952,0.7281407427910589,0
2022-05-02,AWS_06_Bangalore,20.156980194305323,65.4485085897216,1000.452588087746,0.5430944341866045,0
2022-05-03,AWS_06_Bangalore,18.41007359829725,66.80060842467395,1001.6162539566568,2.906022352644565,0
2022-05-04,AWS_06_Bangalore,18.65914063528586,67.38485262180644,1002.5729381307914,2.1026497141661187,0
2022-05-05,AWS_06_Bangalore,18.83064317072279,62.14761228943009,1002.1403791926346,0.6357089689042718,0
2022-05-06,AWS_06_Bangalore,20.05764129197376,63.64511404341537,1001.8703654175378,0.8554166977911486,0
2022-05-07,AWS_06_Bangalore,20.1577278848956,64.51066810699847,1001.292653624712,1.765039545526672,0
2022-05-08,AWS_06_Bangalore,18.213826224652976,72.00290203504281,1002.1251628422762,2.4996377690112954,0
2022-05-09,AWS_06_Bangalore,17.038131241072318,65.69716012899627,1000.8058819351126,1.7296403919067966,0
2022-05-10,AWS_06_Bangalore,19.21326111541461,62.51916791753566,1001.4858817379873,1.167834027504876,0
2022-05-11,AWS_06_Bangalore,19.673148444717675,68.20128825997831,1002.4197078600658,4.63130536118771,0
2022-05-12,AWS_06_Bangalore,18.28133676327841,66.83692290798169,1001.125592093176,2.23178395094781,0
2022-05-13,AWS_06_Bangalore,17.32077525555729,63.7424850740185,1001.8099283207314,0.1842549397552989,0
2022-05-14,AWS_06_Bangalore,17.584225611443383,65.94913606847527,1000.6038820116144,1.2251402243748468,0
2022-05-15,AWS_06_Bangalore,20.67157315178978,66.44721166455615,1001.133013856627,0.7903223535328558,0
2022-05-16,AWS_06_Bangalore,18.457961868160087,67.20161674537476,1001.5250852366688,2.376647073370255,0
2022-05-17,AWS_06_Bangalore,19.55970027027654,70.45892640729943,1001.5879772379492,0.0685367349118706,0
2022-05-18,AWS_06_Bangalore,16.750691054579843,69.44691174703725,1002.4202848956912,0.7932898267208077,0
2022-05-19,AWS_06_Bangalore,19.68790977033162,68.23505118779711,1001.1095214077968,0.5746962865477634,0
2022-05-20,AWS_06_Bangalore,19.13330174869556,70.91115764021464,1001.6333458996384,0.2283043400078618,0
2022-05-21,AWS_06_Bangalore,17.557924419845225,66.81452684877567,1001.5935040384396,0.7141632187793816,0
2022-05-22,AWS_06_Bangalore,18.546798086576253,65.95787855208907,1000.9896847662312,1.6757767866764546,0
2022-05-23,AWS_06_Bangalore,19.49772143181585,69.1469940178976,1001.735499066739,0.6733683609801311,0
2022-05-24,AWS_06_Bangalore,15.81983256591062,69.00106122870898,1001.5646553440162,1.3012743351422142,0
2022-05-25,AWS_06_Bangalore,16.61994392314066,63.96251298675297,1001.0665104624358,1.3477196738732815,0
2022-05-26,AWS_06_Bangalore,18.122931936592177,72.95183904348504,1001.2729217208548,1.3268651925111317,0
2022-05-27,AWS_06_Bangalore,17.297268192869918,65.4958756915021,1000.6677584421334,1.1310406325107587,0
2022-05-28,AWS_06_Bangalore,17.81554289656743,70.21857666166423,1000.6763848891986,0.1866251330158883,0
2022-05-29,AWS_06_Bangalore,18.16427435044333,70.36452267380542,1001.0797023602144,0.3697256038114494,0
2022-05-30,AWS_06_Bangalore,17.81514699596468,59.52052909442303,1001.43519720234,2.414660024912876,0
2022-05-31,AWS_06_Bangalore,16.624889504594478,69.53406467448973,1000.8653698674276,1.046834077354884,0
2022-06-01,AWS_06_Bangalore,16.666919271802872,73.83470159300278,1000.694254897826,5.509958053563505,0
2022-06-02,AWS_06_Bangalore,19.216357326029144,66.86007216638278,1000.8571846435808,3.79691393075745,0
2022-06-03,AWS_06_Bangalore,16.954967358876353,63.36276773183237,1001.3566274648008,0.177563727575186,0
2022-06-04,AWS_06_Bangalore,18.80278364380414,68.76866491771119,1000.2358958214968,7.158076748542637,0
2022-06-05,AWS_06_Bangalore,18.85303324864749,70.5801008948855,1001.3117120797637,0.2991880088007278,0
2022-06-06,AWS_06_Bangalore,15.492224408161382,68.97984459264987,1001.1059882651174,12.9049299529989,0
2022-06-07,AWS_06_Bangalore,17.716641563278625,66.44800719373869,1000.1404243115616,1.0914832419722336,0
2022-06-08,AWS_06_Bangalore,14.944680507884778,66.26342854999085,1000.6695449659288,3.2322261637774883,0
2022-06-09,AWS_06_Bangalore,18.94427662938605,64.54090150992646,1001.0734517626696,0.2956489819229408,0
2022-06-10,AWS_06_Bangalore,16.756813712910713,63.833456508773565,999.7682024694687,10.139180055324028,0
2022-06-11,AWS_06_Bangalore,16.641383624126924,68.47785855052798,1000.1735636994914,17.5906808401436,0
2022-06-12,AWS_06_Bangalore,15.093000897674017,70.82559417507271,999.8973608952105,0.7117499380697628,0
2022-06-13,AWS_06_Bangalore,15.441788865391048,70.07522512758177,1000.3372236054696,1.578031929434749,0
2022-06-14,AWS_06_Bangalore,16.654517563847403,70.39240678860713,1001.1122915882172,0.0720079647499617,0
2022-06-15,AWS_06_Bangalore,16.416959315232347,71.57494587058709,1000.959593597714,6.958355025835723,0
2022-06-16,AWS_06_Bangalore,15.67002562091906,73.64159134610678,1000.2746272823688,1.679346709969198,0
2022-06-17,AWS_06_Bangalore,17.534439788315026,69.83500214232002,1001.008514839726,3.9994501091998007,0
2022-06-18,AWS_06_Bangalore,16.18447984451821,70.8191714749933,1000.7923120747944,0.1800371903475599,0
2022-06-19,AWS_06_Bangalore,14.645435062238944,70.86970384891933,1001.0646064298533,5.655970687379037,0
2022-06-20,AWS_06_Bangalore,17.217287851124468,70.28568149783247,1000.3490728274156,3.391898510910762,0
2022-06-21,AWS_06_Bangalore,14.375120671381978,69.92737613869306,1000.6290717201844,5.809105580237569,0
2022-06-22,AWS_06_Bangalore,13.20823860857052,70.19420402722353,1002.0115244330856,7.013588391899815,0
2022-06-23,AWS_06_Bangalore,16.21903575718688,74.59907754810266,1000.1368116807562,0.4206555459716198,0
2022-06-24,AWS_06_Bangalore,14.512228757457866,74.23078802203722,1000.2250053323316,3.8833572802259098,0
2022-06-25,AWS_06_Bangalore,16.31094201621707,64.82861947103285,1000.1438669594374,4.723480053389092,0
2022-06-26,AWS_06_Bangalore,17.25588754576009,70.62002349995879,1000.1438217253556,3.2722042717153434,0
2022-06-27,AWS_06_Bangalore,17.49774751888504,69.99699719896829,1000.4338243650374,0.9062709954364288,0
2022-06-28,AWS_06_Bangalore,16.75917355167133,73.76600124939465,1000.149480885606,7.14448410008446,0
2022-06-29,AWS_06_Bangalore,14.017386324934112,69.88523158289351,999.4036196863852,26.887200647091635,0
2022-06-30,AWS_06_Bangalore,14.922105386045198,70.7518053390175,1000.060661316077,15.671358527732254,0
2022-07-01,AWS_06_Bangalore,16.00838246101414,68.04994039933935,999.754059231904,6.763324781280796,0
2022-07-02,AWS_06_Bangalore,16.02287879528024,72.44001590853841,999.1185265932428,2.4366147258618684,0
2022-07-03,AWS_06_Bangalore,14.589469168628485,66.26558212862793,1000.5208792355184,1.8514513400314,0
2022-07-04,AWS_06_Bangalore,58.99742219907324,69.07654465610422,999.6480231889794,0.3195371573663864,1
2022-07-05,AWS_06_Bangalore,17.228238446333506,66.82280841776611,1000.0712566800428,2.4225509813129937,0
2022-07-06,AWS_06_Bangalore,16.776607446889894,69.07327488698623,998.2682320138172,0.7634716483271982,0
2022-07-07,AWS_06_Bangalore,15.568669971219869,68.31730364186184,1000.0603875079656,1.320653056888443,0
2022-07-08,AWS_06_Bangalore,17.588252553206033,72.46069505188353,999.619975110168,10.010592920410732,0
2022-07-09,AWS_06_Bangalore,14.068494520103258,69.27667250565362,998.9650795796196,15.563617934183744,0
2022-07-10,AWS_06_Bangalore,17.308104146385435,74.38996983190378,999.432441966394,13.352938956772094,0
2022-07-11,AWS_06_Bangalore,17.120285100041222,69.17050260773497,999.3312228749112,0.966926063729916,0
2022-07-12,AWS_06_Bangalore,17.23407345905523,66.62138680802944,1000.0158045258628,10.402053280714936,0
2022-07-13,AWS_06_Bangalore,16.581408339418047,69.11563823575693,999.6518676424196,0.6865864797188299,0
2022-07-14,AWS_06_Bangalore,15.18155776936064,71.24596863875412,998.8117135516646,3.1886377491147613,0
2022-07-15,AWS_06_Bangalore,17.076159370744904,74.84459669020406,999.7586405942797,4.64345728809241,0
2022-07-16,AWS_06_Bangalore,15.593499449977273,67.8175695631499,998.4705844566736,2.7934420024726965,0
2022-07-17,AWS_06_Bangalore,16.55555800084569,74.69301087722266,998.9101322369232,13.649279526392656,0
2022-07-18,AWS_06_Bangalore,15.188622014400613,69.10970618467906,999.4468646731638,1.8237789409895224,0
2022-07-19,AWS_06_Bangalore,15.797895627929584,68.30412051821104,999.0944253265804,3.3725639316718468,0
2022-07-20,AWS_06_Bangalore,16.137101576003797,71.92472611543184,999.9696416861148,0.3530163444456579,0
2022-07-21,AWS_06_Bangalore,16.990273294759017,73.82357345508821,999.4258443329816,8.60427715790676,0
2022-07-22,AWS_06_Bangalore,17.282149217018798,71.17839157581187,999.6217548437828,2.4000737580778067,0
2022-07-23,AWS_06_Bangalore,19.01752462457241,65.2135934311256,999.609942255956,5.42586644040329,0
2022-07-24,AWS_06_Bangalore,16.74071626006358,70.40650527033674,999.0230175392908,5.159144787116942,0
2022-07-25,AWS_06_Bangalore,15.143403845016492,75.87827972209129,998.6801091840448,5.075205705844237,0
2022-07-26,AWS_06_Bangalore,17.813325139964004,62.46580571958978,999.1563149716958,3.182044129008938,0
2022-07-27,AWS_06_Bangalore,17.170099074882312,70.36180223351475,999.5836109079077,1.462787401555924,0
2022-07-28,AWS_06_Bangalore,16.43023904612997,68.32825271717103,999.0025787872528,4.414866484374603,0
2022-07-29,AWS_06_Bangalore,16.169094855975228,66.31270399350221,999.3836635265104,14.691138186513989,0
2022-07-30,AWS_06_Bangalore,15.898309188548794,72.156542665063,999.0440589619808,8.079578326205858,0
2022-07-31,AWS_06_Bangalore,15.906165245304758,63.77707625416734,998.2508775859412,0.5181784363088172,0
2022-08-01,AWS_06_Bangalore,15.112150595378331,67.87183239203681,998.2634736633232,0.1055720638356703,0
2022-08-02,AWS_06_Bangalore,18.452407908833507,71.85579062652783,999.7491119656688,3.1099140342730074,0
2022-08-03,AWS_06_Bangalore,17.71941288128592,71.44073812649212,998.3547773392232,6.729064625090899,0
2022-08-04,AWS_06_Bangalore,17.271628272067943,70.49561426073444,998.590722937365,1.69531024755529,0
2022-08-05,AWS_06_Bangalore,16.267485314200393,69.14849395495409,999.3396149991506,5.436490227144805,0
2022-08-06,AWS_06_Bangalore,18.90094835748984,68.18013176338802,998.2561832073146,12.091906641553614,0
2022-08-07,AWS_06_Bangalore,15.205927192302092,67.06153241925584,998.4826731404124,2.7643831322265098,0
2022-08-08,AWS_06_Bangalore,17.212055032556222,65.47627887155262,998.6909284581742,1.2596629976803817,0
2022-08-09,AWS_06_Bangalore,18.95508416032449,70.7462191472571,998.5982813356107,11.241393666782535,0
2022-08-10,AWS_06_Bangalore,14.567877340026287,68.85366151461999,998.2572125201152,2.87621573448903,0
2022-08-11,AWS_06_Bangalore,17.897463123183947,70.6620488528316,998.6191317189326,2.3578975777703004,0
2022-08-12,AWS_06_Bangalore,16.721311222885117,65.70009962989376,999.0292297979772,1.9618559274493996,0
2022-08-13,AWS_06_Bangalore,17.97301405767328,65.54361225809893,998.6024210443824,2.4747407694699683,0
2022-08-14,AWS_06_Bangalore,17.310865549257052,69.34981168765572,998.3092191198866,5.039140144211595,0
2022-08-15,AWS_06_Bangalore,18.845866887532303,60.93291115012863,999.0864863706652,2.5589968432203603,0
2022-08-16,AWS_06_Bangalore,19.888428931460723,60.08254212036944,999.4420620761844,1.7635205425060474,0
2022-08-17,AWS_06_Bangalore,21.895355982107816,70.610450966854,999.042216616132,6.125235598285567,0
2022-08-18,AWS_06_Bangalore,18.042464274944468,65.34979171194371,997.9792507156174,1.0208913757877869,0
2022-08-19,AWS_06_Bangalore,19.408139425147645,67.94919388456522,997.9691925532602,1.0150363491861576,0
2022-08-20,AWS_06_Bangalore,18.904420003036567,68.40615875592846,998.713164584056,5.36472580890656,0
2022-08-21,AWS_06_Bangalore,19.1066854864156,70.268177496588,998.5577457393834,9.068409187495533,0
2022-08-22,AWS_06_Bangalore,20.78897604306212,65.73693122709204,997.8378437527684,1.24214096733695,0
2022-08-23,AWS_06_Bangalore,17.643010087891376,65.79345076075903,998.5719172590055,0.9544988460079958,0
2022-08-24,AWS_06_Bangalore,18.22718001468592,64.99423505354612,998.4570687479354,4.993154853180256,0
2022-08-25,AWS_06_Bangalore,18.597959397979977,68.59339572213526,999.1259993319512,4.363641714910677,0
2022-08-26,AWS_06_Bangalore,17.48168571814114,68.6148163586765,998.149175553562,2.667841669921589,0
2022-08-27,AWS_06_Bangalore,19.055732527815515,70.33991656341509,999.0405928304534,0.4534729695517265,0
2022-08-28,AWS_06_Bangalore,20.145054176612312,62.6512389469686,999.043357790364,0.4332357846279219,0
2022-08-29,AWS_06_Bangalore,20.50193502831892,72.9762678915407,997.973000925069,6.759528163131398,0
2022-08-30,AWS_06_Bangalore,19.086054747554886,65.22061121730609,998.4683734741056,2.7047644296429527,0
2022-08-31,AWS_06_Bangalore,21.178326510603952,65.89461651279653,998.1679873892226,8.78263423385028,0
2022-09-01,AWS_06_Bangalore,16.459125527396484,66.41051156513903,998.1303798399867,3.847678218414331,0
2022-09-02,AWS_06_Bangalore,23.16341558055424,63.06724522705709,998.363096577888,1.4464032698120035,0
2022-09-03,AWS_06_Bangalore,20.63275574277314,64.44300391503111,997.8289188178098,4.081576462115015,0
2022-09-04,AWS_06_Bangalore,19.2436993921305,69.9368298280853,997.4106749782194,0.269795479145598,0
2022-09-05,AWS_06_Bangalore,20.69090892679281,69.85970633891881,997.9273134075144,1.1746873614731947,0
2022-09-06,AWS_06_Bangalore,19.87786924506489,65.92155906859364,998.7692310272356,0.0898457234293607,0
2022-09-07,AWS_06_Bangalore,17.083373374530176,68.31170366799105,998.0631766170486,0.6669133483742263,0
2022-09-08,AWS_06_Bangalore,20.398534018246128,66.28605124044951,998.1397965630962,0.2404265533972421,0
2022-09-09,AWS_06_Bangalore,21.807202758429696,64.75432845197695,998.534876872798,0.3120794134983007,2
2022-09-10,AWS_06_Bangalore,21.807202758429696,62.5359025107715,997.327655460185,4.095322248992311,2
2022-09-11,AWS_06_Bangalore,21.807202758429696,62.08338475832568,998.3340314651311,1.4150402180163648,2
2022-09-12,AWS_06_Bangalore,21.807202758429696,62.26446335192326,998.93820358928,3.3406339815639896,2
2022-09-13,AWS_06_Bangalore,21.54742123664672,69.25112997068993,998.1384035150156,0.87918656875238,0
2022-09-14,AWS_06_Bangalore,21.34334957327403,66.89458620032087,997.1210749030228,1.3656245795029494,0
2022-09-15,AWS_06_Bangalore,20.09181046699432,68.46545135406923,998.0348633340228,0.0489312495528899,0
2022-09-16,AWS_06_Bangalore,20.720853577992088,65.20855814814534,998.3692330083908,0.9509092932084466,0
2022-09-17,AWS_06_Bangalore,20.97401774565831,61.23444197038605,998.1118008725708,1.245364543222964,0
2022-09-18,AWS_06_Bangalore,21.9041550892155,65.55174967072344,998.184205122164,0.025380081682497,0
2022-09-19,AWS_06_Bangalore,22.79849591183488,67.41634840568186,998.2370774307628,2.337327316000068,0
2022-09-20,AWS_06_Bangalore,20.790370833926016,65.3912411755868,997.5680253597936,0.5252364508887364,0
2022-09-21,AWS_06_Bangalore,19.74299740140578,59.38604132726213,997.624476897261,0.9035538152888134,0
2022-09-22,AWS_06_Bangalore,24.10925347457173,58.7777147572657,997.8378229943628,1.15061136767939,0
2022-09-23,AWS_06_Bangalore,20.61596573237053,64.9733031522886,998.214108528752,7.279899942514044,0
2022-09-24,AWS_06_Bangalore,22.923600306647412,61.98991739723908,997.4189446722328,0.1566816342162484,0
2022-09-25,AWS_06_Bangalore,22.688034334053,63.72772793421797,999.0379580500146,1.21546413592927,0
2022-09-26,AWS_06_Bangalore,21.91176224393063,60.4829285334686,996.79497740928,1.1344312859664023,0
2022-09-27,AWS_06_Bangalore,23.45962755448562,62.89628646055339,997.1508032843756,0.1070985138076629,0
2022-09-28,AWS_06_Bangalore,20.857305590377443,59.07771980677145,998.2790767191158,1.50743031749029,0
2022-09-29,AWS_06_Bangalore,25.2352523642852,62.98232963609181,998.2346817248618,0.507104579053401,0
2022-09-30,AWS_06_Bangalore,26.861944628752315,64.28831504459264,997.9639807140044,0.1643338997986065,0
2022-10-01,AWS_06_Bangalore,24.876497460455564,64.31680611929283,998.3381181691178,0.2951941903106582,0
2022-10-02,AWS_06_Bangalore,21.93547628178768,57.90781224376829,998.2843139663246,2.602529196694303,0
2022-10-03,AWS_06_Bangalore,19.782524325966207,63.09707775921067,998.0015400924136,0.1649311792413864,0
2022-10-04,AWS_06_Bangalore,24.107464741691217,59.78990126606247,998.137247505314,0.9436464478508136,0
2022-10-05,AWS_06_Bangalore,21.57160725641145,65.99621314658815,996.4349632737903,0.3258785101505396,0
2022-10-06,AWS_06_Bangalore,23.012022430999966,64.14625449932356,997.9415785306496,0.2656784225455749,0
2022-10-07,AWS_06_Bangalore,26.03590236038765,61.21851736730598,997.9877175906496,0.3454632903117957,0
2022-10-08,AWS_06_Bangalore,26.306877821501544,67.55024737694771,998.9719703692216,1.018224344959946,0
2022-10-09,AWS_06_Bangalore,26.58828062848101,58.684592410851295,997.6072968157408,0.4072966488800579,0
2022-10-10,AWS_06_Bangalore,24.25753748406421,60.56056322882901,998.0073683917782,0.1526055498641391,0
2022-10-11,AWS_06_Bangalore,25.573620047731342,62.21972773663324,998.7428695446454,2.424700356381906,0
2022-10-12,AWS_06_Bangalore,21.35999698715419,66.56384848909313,998.3174434314788,1.1642109163132073,0
2022-10-13,AWS_06_Bangalore,22.216470726892197,64.71631401279123,998.0568857751684,0.2559220990332735,0
2022-10-14,AWS_06_Bangalore,24.150516388992497,62.59629503644838,998.5329595188877,0.9563696186087796,0
2022-10-15,AWS_06_Bangalore,25.961893253617013,57.4249193816848,997.6635107075404,0.1062172324771054,0
2022-10-16,AWS_06_Bangalore,24.17696415943666,57.28724061311979,998.9311744246036,1.302786864944271,0
2022-10-17,AWS_06_Bangalore,26.136666393844813,61.87738231024122,998.3989881617453,0.6239660977829623,0
2022-10-18,AWS_06_Bangalore,23.317870102230167,55.90178282398622,997.2745484649848,0.1639332146847793,0
2022-10-19,AWS_06_Bangalore,25.31616608575461,60.48896036449776,997.7952818766776,0.3043568411155835,0
2022-10-20,AWS_06_Bangalore,26.10221814857128,61.80994642091892,997.0300407934112,0.6362901766140846,0
2022-10-21,AWS_06_Bangalore,26.52710219367016,54.83429988870518,998.5181735802996,2.462999412684865,0
2022-10-22,AWS_06_Bangalore,24.826546675295035,61.081990873897205,998.4140802069484,0.2862971728731516,0
2022-10-23,AWS_06_Bangalore,25.659031721770425,61.69788912328811,997.9147788120176,0.1742349122794298,0
2022-10-24,AWS_06_Bangalore,23.41630161978813,57.793113069466,998.7582359706106,1.0883165407594817,0
2022-10-25,AWS_06_Bangalore,25.68035328212777,58.28660476816638,998.1299798406338,1.227035224517833,0
2022-10-26,AWS_06_Bangalore,27.57022489556056,53.26828694381597,999.4976650472922,0.1418638483330663,0
2022-10-27,AWS_06_Bangalore,25.662222518216527,58.17782095030179,997.6010205871746,0.5021279819818851,0
2022-10-28,AWS_06_Bangalore,25.042606647508357,53.80653571481451,998.5368822933988,0.4572709085738771,0
2022-10-29,AWS_06_Bangalore,27.443655693194152,56.19126127536065,998.0331640713116,0.309100796311352,0
2022-10-30,AWS_06_Bangalore,29.805367124819885,56.933197467112336,997.9096960810492,0.5689026711884907,0
2022-10-31,AWS_06_Bangalore,29.74249866363068,54.55235092592751,998.1785553739568,0.0567218313871314,0
2022-11-01,AWS_06_Bangalore,26.97873380275012,54.16006861474181,998.4659731750716,1.581389862309548,0
2022-11-02,AWS_06_Bangalore,27.845298607044903,54.18974079566994,998.3295154757697,6.696436567151661,0
2022-11-03,AWS_06_Bangalore,29.249339083378192,61.3291138704036,998.6576045779408,1.507874600573928,0
2022-11-04,AWS_06_Bangalore,27.25406710409496,57.34171824386066,998.6411467934588,0.6719557090136111,0
2022-11-05,AWS_06_Bangalore,27.68366821801493,61.23707522916237,999.0827590555248,1.653525253927346,0
2022-11-06,AWS_06_Bangalore,26.6056359394382,56.11104634120861,997.7763140599158,1.2712525453231929,0
2022-11-07,AWS_06_Bangalore,30.73922858867914,56.06438819598774,997.6186128255298,2.813604682276976,0
2022-11-08,AWS_06_Bangalore,28.361335303216816,55.83425954419275,998.3842256804052,1.4587939337375513,0
2022-11-09,AWS_06_Bangalore,26.976968145102187,48.050919677587615,998.0426061812468,1.5079958797927788,0
2022-11-10,AWS_06_Bangalore,26.608245226081085,58.4096529285934,998.898141486468,0.3758958199809278,0
2022-11-11,AWS_06_Bangalore,24.77747945572968,56.46402524824102,997.949474846904,0.8058243143986327,0
2022-11-12,AWS_06_Bangalore,25.28320651646539,56.83536896205507,998.231242397864,0.6333433941702069,0
2022-11-13,AWS_06_Bangalore,26.65407924739156,50.305840413865866,998.3629929911028,0.017236434427649,0
2022-11-14,AWS_06_Bangalore,29.223704648139645,56.39272174667346,999.4354769627636,0.5637445516725089,0
2022-11-15,AWS_06_Bangalore,28.406862162593782,55.06412485718666,999.6305024197876,0.998479327909807,0
2022-11-16,AWS_06_Bangalore,26.12050920373933,56.65947984362143,998.0303821701654,1.373868579721505,0
2022-11-17,AWS_06_Bangalore,26.69647627865453,55.95935454515772,997.5280355622484,4.090137468404588,0
2022-11-18,AWS_06_Bangalore,28.59068903414868,54.63720599469339,998.3641228656126,0.4099071284548254,0
2022-11-19,AWS_06_Bangalore,30.758998582231364,57.69072937190143,998.6582651396528,0.2480709854022328,0
2022-11-20,AWS_06_Bangalore,26.67478995470372,58.9852551430325,998.6819805162844,3.053948943815267,0
2022-11-21,AWS_06_Bangalore,29.09350130163694,54.599356659397685,998.6870328939984,4.267029460536277,0
2022-11-22,AWS_06_Bangalore,27.812712816499747,51.39109138592131,999.1638597455528,1.004011949542154,0
2022-11-23,AWS_06_Bangalore,27.930373499308292,51.50381181068232,998.5816437325046,0.183618548844122,0
2022-11-24,AWS_06_Bangalore,26.867353073915663,56.83705172151634,998.917221589835,0.996513962823364,0
2022-11-25,AWS_06_Bangalore,29.638066302122148,59.37507077952401,999.1607400657348,0.1738628049287222,0
2022-11-26,AWS_06_Bangalore,28.038026184557463,49.967820365547546,998.9763054873562,3.2207531192718517,0
2022-11-27,AWS_06_Bangalore,28.307596261033392,52.277965000751706,999.232983132919,1.8472734986870547,0
2022-11-28,AWS_06_Bangalore,30.377083185574005,54.258961672606176,998.0700261426836,0.4139010628125365,0
2022-11-29,AWS_06_Bangalore,30.51929942405443,49.062691333933344,999.0104118644724,3.2664509585537784,0
2022-11-30,AWS_06_Bangalore,27.93199928880597,54.82232340759367,999.0975550830732,1.5237594559232996,0
2022-12-01,AWS_06_Bangalore,29.53253504322853,56.13264728023221,998.929655148942,4.594839512097789,0
2022-12-02,AWS_06_Bangalore,30.50512042475413,56.41571429438381,998.743704505303,5.904461944367535,0
2022-12-03,AWS_06_Bangalore,28.927316569921416,53.71207849094977,999.3034917211664,0.0049307791752966,0
2022-12-04,AWS_06_Bangalore,30.26303747069513,53.7792532200448,999.1650128322128,0.1921152307360008,0
2022-12-05,AWS_06_Bangalore,28.83266758277336,51.72418394501084,999.1081523694016,1.1875375695349697,0
2022-12-06,AWS_06_Bangalore,28.842477567900897,49.41564225412576,999.0014173760118,4.680341191347946,0
2022-12-07,AWS_06_Bangalore,28.01277738661046,54.11055997627024,999.0524034156508,7.733570202067067,0
2022-12-08,AWS_06_Bangalore,32.02646846410255,55.84391750150816,998.8459812579524,1.2569401633691806,0
2022-12-09,AWS_06_Bangalore,28.77745029090136,54.61492420521344,999.0227495383024,0.286380309272804,0
2022-12-10,AWS_06_Bangalore,28.34577908807205,57.84414608908514,998.8230166334514,0.2669864570103011,0
2022-12-11,AWS_06_Bangalore,28.02115304797174,55.50562300256957,999.1313627215096,2.164981403495764,0
2022-12-12,AWS_06_Bangalore,29.755688117552964,56.40261246345906,999.53961888791,1.3445030519608894,0
2022-12-13,AWS_06_Bangalore,28.141217305233187,54.884089495081646,999.8000212933032,1.1936800985421212,0
2022-12-14,AWS_06_Bangalore,28.6335712656824,59.91759765353204,999.3974319722378,0.9403789775270046,0
2022-12-15,AWS_06_Bangalore,30.93459880675788,52.83205298136927,999.4166542566596,1.9372107785864927,0
2022-12-16,AWS_06_Bangalore,30.441009311789216,56.30153096111813,999.561269056206,2.9284647547272997,0
2022-12-17,AWS_06_Bangalore,27.779725791628977,54.974609628979366,1000.0143310829012,0.5413645924101551,0
2022-12-18,AWS_06_Bangalore,30.9126877277982,56.41353699439464,999.443658009836,0.3744580149737275,0
2022-12-19,AWS_06_Bangalore,29.900362815398395,55.1706035005326,999.8212509619766,1.66389951151417,0
2022-12-20,AWS_06_Bangalore,31.58062109516352,54.015818654324086,999.8088350160946,3.692941521937721,0
2022-12-21,AWS_06_Bangalore,32.023524971444274,55.2529119819511,999.345630949308,0.6419283282424786,0
2022-12-22,AWS_06_Bangalore,27.503147572504098,55.60587692013719,1000.0447273122328,0.4771051591214639,0
2022-12-23,AWS_06_Bangalore,31.080672706905137,55.97661621671164,998.6893552693102,0.3844972761601043,0
2022-12-24,AWS_06_Bangalore,32.40145894344182,58.44786951286982,1000.290453165805,0.4405319229046002,0
2022-12-25,AWS_06_Bangalore,30.27716923812218,54.62369098091235,999.1967382600952,0.2174230722866298,0
2022-12-26,AWS_06_Bangalore,31.006412803123265,50.73749085484414,999.7585563421684,1.3624028470434788,0
2022-12-27,AWS_06_Bangalore,30.32086690006444,54.51273001892456,1000.2768813667824,0.4944780648446799,0
2022-12-28,AWS_06_Bangalore,31.459804829912212,52.675908428832216,999.6832490685756,1.4315511599420865,0
2022-12-29,AWS_06_Bangalore,30.57108690162081,52.58778866601185,1000.0482428024492,0.1300246273456303,0
2022-12-30,AWS_06_Bangalore,26.965404323918683,53.03692538051843,1000.3881536871414,0.184025874766264,0
2022-12-31,AWS_06_Bangalore,29.818196898937607,51.29181269555827,1000.9241099054004,1.152264978628637,0
2023-01-01,AWS_06_Bangalore,29.720244554896965,46.802962053142735,1000.026903468019,1.0747187331204695,0
2023-01-02,AWS_06_Bangalore,31.06652826214059,58.4303493092935,1000.1587392008926,0.4751719195649727,0
2023-01-03,AWS_06_Bangalore,31.755937228166744,52.54508662660611,1000.123470831258,2.632830507635345,0
2023-01-04,AWS_06_Bangalore,29.64190691514476,48.87556236378997,1000.0269733077208,0.3106232767265797,0
2023-01-05,AWS_06_Bangalore,28.136772944733963,54.56603582248003,999.4990658586704,0.6709809646254389,0
2023-01-06,AWS_06_Bangalore,30.422019259052675,55.88955559124653,999.6457968964536,1.216247339618915,0
2023-01-07,AWS_06_Bangalore,28.785318783041983,53.523817469984365,1000.2332755593924,3.0284919730696505,0
2023-01-08,AWS_06_Bangalore,29.02463561253257,50.20990499984682,1000.4451035075716,0.8133479585605454,0
2023-01-09,AWS_06_Bangalore,33.48929647849955,49.8489765439144,1000.9393308726926,0.7627448956852854,0
2023-01-10,AWS_06_Bangalore,28.879952490924406,60.96307205410259,1000.2377250520652,1.2995997178944796,0
2023-01-11,AWS_06_Bangalore,27.527567051783723,49.9118864213309,1001.1407891121632,0.5712218517179039,0
2023-01-12,AWS_06_Bangalore,30.75654020708115,49.28307669668736,999.8079551440992,1.8525413411957712,0
2023-01-13,AWS_06_Bangalore,30.886026968687386,53.27319750880928,1000.5489200253088,0.4289172548144421,0
2023-01-14,AWS_06_Bangalore,31.115581603024708,56.69674394917585,1000.343738897327,2.599070230941049,0
2023-01-15,AWS_06_Bangalore,31.02771188392609,59.24070951175295,999.8544390848698,0.4769097093885751,0
2023-01-16,AWS_06_Bangalore,29.95457309395717,53.66163208152632,999.697373026302,7.38006024207403,0
2023-01-17,AWS_06_Bangalore,29.936562116058028,53.65880578415927,1000.3596268384704,0.5707105831468622,0
2023-01-18,AWS_06_Bangalore,31.075982824497007,50.529081443863504,1000.4299413419468,3.1657933411169905,0
2023-01-19,AWS_06_Bangalore,32.04180604224278,57.68885242416654,1000.1984636759242,0.7596428428058642,0
2023-01-20,AWS_06_Bangalore,27.698131502440887,54.26029737948232,1001.0558654860076,0.4236534726127744,0
2023-01-21,AWS_06_Bangalore,28.63513757623521,54.40590781307768,1000.5045064275246,0.3845915183192334,0
2023-01-22,AWS_06_Bangalore,30.44588849991014,55.86718569608583,1000.2461120989864,2.8475940164903206,0
2023-01-23,AWS_06_Bangalore,29.840806440388068,55.52439158075918,1000.6533091147564,0.5538870694773271,0
2023-01-24,AWS_06_Bangalore,26.725198101324647,54.25224129470684,1000.487340786162,0.620010827405522,0
2023-01-25,AWS_06_Bangalore,28.501822084524296,58.69239765169379,1001.6578743965392,0.3290878759508828,0
2023-01-26,AWS_06_Bangalore,29.764538067609468,49.97692509021299,1000.7079260035396,4.878831891033794,0
2023-01-27,AWS_06_Bangalore,29.276323344530216,55.48253278647135,1000.437589642658,0.4210476535608932,0
2023-01-28,AWS_06_Bangalore,28.66408143277954,56.132942872032814,1001.7496540195648,0.4264190403366902,0
2023-01-29,AWS_06_Bangalore,32.6618226693784,53.73913960574981,1001.3199863432278,4.32087279043866,0
2023-01-30,AWS_06_Bangalore,29.049788686987974,56.89263397764422,1001.0407046814266,3.4674214255176903,0
2023-01-31,AWS_06_Bangalore,29.37330060912712,57.10157796683166,1000.6192053733072,0.4293464550752997,0
2023-02-01,AWS_06_Bangalore,29.16398999177313,58.51282292688003,1001.430100054104,3.00067461830684,0
2023-02-02,AWS_06_Bangalore,29.21809085490471,54.921788669765945,1000.3443024778916,0.4311695765148418,0
2023-02-03,AWS_06_Bangalore,28.891480092599306,54.68010742723022,1001.4515068162558,0.1323686593917973,0
2023-02-04,AWS_06_Bangalore,25.64391235522175,57.02619939886708,1001.2584650440352,2.575211905336332,0
2023-02-05,AWS_06_Bangalore,27.213015405573973,54.89518155094641,1001.656630513814,2.2147104315344333,0
2023-02-06,AWS_06_Bangalore,28.155209758469955,51.00454444794585,1000.0092296240438,0.5236281296887477,0
2023-02-07,AWS_06_Bangalore,29.774080754409965,58.23869724503815,1000.7566455930446,0.1416951330596397,0
2023-02-08,AWS_06_Bangalore,28.03195302546819,50.233303627871855,1000.7442294607828,0.3468370826834184,0
2023-02-09,AWS_06_Bangalore,27.15803174918446,57.027778110717065,1000.7118999107126,2.2114205107080025,0
2023-02-10,AWS_06_Bangalore,29.744214283808667,63.52664630789899,1001.5097677811268,5.017841646294169,0
2023-02-11,AWS_06_Bangalore,30.27542469285602,57.60103305129573,1001.1756233314308,0.449636174450913,0
2023-02-12,AWS_06_Bangalore,25.869193792371952,54.01107092407416,1000.913223399518,2.5577573813923444,0
2023-02-13,AWS_06_Bangalore,28.23164295282541,54.833047282086106,1000.82258213932,0.3880252519998663,0
2023-02-14,AWS_06_Bangalore,23.99746085710809,57.39448421003274,1000.9183309316696,1.7072794300701164,0
2023-02-15,AWS_06_Bangalore,27.450562196925485,56.31566492584888,1001.8562058005698,0.1309755394131914,0
2023-02-16,AWS_06_Bangalore,30.657865061532792,58.7473704820201,1001.4139420663392,1.3202840986237914,0
2023-02-17,AWS_06_Bangalore,27.88122312836644,60.92933263980007,1001.8865197147755,0.4704024330816165,0
2023-02-18,AWS_06_Bangalore,25.58237048167233,60.62439308616872,1002.8262810053797,3.902415863695588,0
2023-02-19,AWS_06_Bangalore,25.528614120173938,53.31736391621462,1001.5076817270524,0.5132092644140187,0
2023-02-20,AWS_06_Bangalore,26.072291926369804,56.93800093397687,1000.8303172857208,0.762345229529962,0
2023-02-21,AWS_06_Bangalore,26.370359612904736,58.47512032688548,1001.4920769944088,2.7552524125344897,0
2023-02-22,AWS_06_Bangalore,24.44403439234393,61.65573840535392,1002.521436693636,0.8651131942907597,0
2023-02-23,AWS_06_Bangalore,27.681158527574496,58.29207609073114,1002.1460934876042,0.408524823824961,0
2023-02-24,AWS_06_Bangalore,27.90589320386559,55.27451375061267,1001.3000615079384,1.1895982010504682,0
2023-02-25,AWS_06_Bangalore,26.466384209508377,58.74318986326911,1001.4909349103352,2.748789657111956,0
2023-02-26,AWS_06_Bangalore,29.960703024337803,63.00971670954656,1002.0498483056224,0.851563909518685,0
2023-02-27,AWS_06_Bangalore,26.14718365434844,56.90977301869515,1001.9210196732508,0.2138815404569525,0
2023-02-28,AWS_06_Bangalore,28.49374163983609,55.67936957302985,1002.0924718749308,0.724540693562996,0
2023-03-01,AWS_06_Bangalore,24.505046961862323,57.80361399202,1001.5980065448608,4.634244865370193,0
2023-03-02,AWS_06_Bangalore,26.93251107322553,56.06726759464194,1001.9292121846717,0.1121202664129182,0
2023-03-03,AWS_06_Bangalore,27.052630148588516,60.62090329444365,1001.5991529131128,0.787501361195699,0
2023-03-04,AWS_06_Bangalore,25.20562188078018,56.33034815638938,1002.4648507843324,1.566308861544451,0
2023-03-05,AWS_06_Bangalore,26.41533882963608,62.26102126561994,1001.0208153680672,0.1226576074730408,0
2023-03-06,AWS_06_Bangalore,24.97541255065999,59.99264902601956,1001.0376561547356,0.6345713979712584,0
2023-03-07,AWS_06_Bangalore,25.47983321212373,60.72218632551864,1001.4567033673976,4.234645060822952,0
2023-03-08,AWS_06_Bangalore,25.413618055249117,60.82460714332343,1001.4890714413262,0.0466721626680818,0
2023-03-09,AWS_06_Bangalore,23.619278987735125,61.43856530447819,1001.0786746521107,2.089929398458423,0
2023-03-10,AWS_06_Bangalore,26.400372461204647,58.08212361541966,1001.0018090708792,2.7618182091944257,0
2023-03-11,AWS_06_Bangalore,26.391862396118142,56.20421506480279,1002.4019254510348,0.4866450768700878,0
2023-03-12,AWS_06_Bangalore,24.830961838343757,57.83895758794135,1001.796211425706,0.3625616503448786,0
2023-03-13,AWS_06_Bangalore,25.64044865365069,62.1763246393332,1001.7698582374024,3.694498657658538,0
2023-03-14,AWS_06_Bangalore,23.783471537361585,54.22842091254304,1001.9302613804768,2.165895987334037,0
2023-03-15,AWS_06_Bangalore,23.1697211559858,53.66039557209265,1002.7115442051996,0.1805093987844491,0
2023-03-16,AWS_06_Bangalore,24.332775900236825,60.46492304024199,1001.9804102352718,0.3577613170799992,0
2023-03-17,AWS_06_Bangalore,25.85311328497341,62.45663165375947,1001.8758597698398,1.4567348964763016,0
2023-03-18,AWS_06_Bangalore,24.58680480050416,62.99717421162602,1001.6213320435884,0.815583578110405,0
2023-03-19,AWS_06_Bangalore,23.925072266681852,57.3386845278509,1002.2476824343054,1.0522964510531636,0
2023-03-20,AWS_06_Bangalore,24.96868509613753,56.78679705035803,1001.92351385826,4.540600221890364,0
2023-03-21,AWS_06_Bangalore,22.97336280619244,58.40202546990935,1002.7886722067884,0.8176998433362921,0
2023-03-22,AWS_06_Bangalore,22.3893308031821,59.41735201893819,1001.88856958555,3.20156899298782,0
2023-03-23,AWS_06_Bangalore,23.58083235330262,59.725622395804585,1002.4785233824736,1.6215036190448733,0
2023-03-24,AWS_06_Bangalore,22.715705797994783,61.231211715101,1001.6243318238684,0.1945130413858808,0
2023-03-25,AWS_06_Bangalore,22.087032357237987,65.22104125069113,1001.6240232030392,2.046840615619809,0
2023-03-26,AWS_06_Bangalore,25.107586996649616,60.95877151037019,1001.075038812592,1.1016072610665202,3
2023-03-27,AWS_06_Bangalore,27.00293763104151,64.09093659834298,1002.3890723020344,0.3825266128190588,3
2023-03-28,AWS_06_Bangalore,21.3130806828948,63.37922098910487,1001.9755339727488,0.5127836311457713,3
2023-03-29,AWS_06_Bangalore,22.967578306658048,59.4219225251955,1002.3166523077384,1.2224042776426212,3
2023-03-30,AWS_06_Bangalore,23.79941471603985,63.61950566942831,1002.8465884667576,1.3808340611239336,3
2023-03-31,AWS_06_Bangalore,20.9030383175148,63.55104231598208,1001.57620297835,5.171320879048464,3
2023-04-01,AWS_06_Bangalore,23.095985664746543,61.96392122112961,1001.5009982746508,2.8936399546187443,3
2023-04-02,AWS_06_Bangalore,23.151134529854573,62.62477890385417,1001.606268021005,0.3457041433367348,3
2023-04-03,AWS_06_Bangalore,24.04243255069445,62.06753147986908,1000.9473468799132,2.2307777915089018,3
2023-04-04,AWS_06_Bangalore,22.109653157797307,59.10248640657034,1001.9011544306958,0.0124895646216288,3
2023-04-05,AWS_06_Bangalore,22.368332816046323,69.61309472940864,1002.437934130188,0.2085628979771659,3
2023-04-06,AWS_06_Bangalore,24.61880476935302,65.81991689934102,1002.0178363603987,0.3341537122457516,3
2023-04-07,AWS_06_Bangalore,23.73739446213181,64.37218860764824,1001.204753834378,1.3639702665548747,3
2023-04-08,AWS_06_Bangalore,24.147084927485484,61.71173086091079,1001.8080713736656,0.324782672367878,3
2023-04-09,AWS_06_Bangalore,20.371112559700094,62.78873566846463,1002.0448135920628,0.6818403037045364,3
2023-04-10,AWS_06_Bangalore,21.94711976448504,59.68584021109653,1002.4586107064504,0.4171517387810548,3
2023-04-11,AWS_06_Bangalore,25.17170234151251,64.74622964417553,1002.3701305764088,0.6174133185715464,3
2023-04-12,AWS_06_Bangalore,22.71943434643667,64.48053899075971,1001.7931129343108,4.282689372164475,3
2023-04-13,AWS_06_Bangalore,22.605178301262047,62.98745367336884,1001.7856034617016,8.914784685281427,3
2023-04-14,AWS_06_Bangalore,22.61922430778282,63.83153211856613,1002.249086421722,1.7362165088523969,3
2023-04-15,AWS_06_Bangalore,25.046885132450395,62.980362369144736,1001.647584947697,1.2740275021054943,3
2023-04-16,AWS_06_Bangalore,21.522351275826235,62.52711878571162,1002.363557751878,1.8488045589195508,3
2023-04-17,AWS_06_Bangalore,23.59916025671565,61.81335232561714,1001.5974432166316,2.2153280633479784,3
2023-04-18,AWS_06_Bangalore,22.93872611144762,61.21242109631709,1002.6930044381334,2.0149255484123545,3
2023-04-19,AWS_06_Bangalore,20.444947275648733,62.30084708651294,1002.024998271064,0.1281612353046689,3
2023-04-20,AWS_06_Bangalore,21.99840742733147,62.66214414033336,1000.916900296449,0.5572335257646371,3
2023-04-21,AWS_06_Bangalore,21.14836528632686,67.93534851247517,1002.2057422277234,0.6310921041548873,3
2023-04-22,AWS_06_Bangalore,20.44259687990347,62.94125369592124,1002.0011831536466,0.6912791773008716,3
2023-04-23,AWS_06_Bangalore,24.10122878615148,58.82343990613866,1002.104524684749,0.6331093883778596,3
2023-04-24,AWS_06_Bangalore,20.431579764841494,65.92858981430356,1002.9745264211764,2.320344792819876,3
2023-04-25,AWS_06_Bangalore,23.34115663912868,67.05116836686061,1001.7045290067936,2.065137963721882,3
2023-04-26,AWS_06_Bangalore,18.814627648450465,68.21252566870673,1001.0449755351166,0.0069163752751895,0
2023-04-27,AWS_06_Bangalore,22.033876822278412,65.9296280519619,1002.4404804359812,0.5272785097607706,0
2023-04-28,AWS_06_Bangalore,19.259633416603503,62.13469884426603,1000.901897658636,1.4659079725568585,0
2023-04-29,AWS_06_Bangalore,20.285357186152044,63.281073039574245,1001.402915333542,0.1922028903641904,0
2023-04-30,AWS_06_Bangalore,18.82592134775977,67.60010099191625,1001.7810720890822,0.1107900185163817,0
2023-05-01,AWS_06_Bangalore,51.42646716349029,70.29734867171933,1001.2940376977946,2.6438672000321457,1
2023-05-02,AWS_06_Bangalore,16.96396101691698,62.61100843444299,1001.6943970273896,0.9040941661818456,0
2023-05-03,AWS_06_Bangalore,16.514701733039782,66.79370387839035,1001.6407446241428,2.903659914956584,0
2023-05-04,AWS_06_Bangalore,19.64012879273417,64.6101591621194,1002.4584087131695,2.602099777176023,0
2023-05-05,AWS_06_Bangalore,19.11510574620165,63.91853340244284,1000.4609830697098,3.3575929165729304,0
2023-05-06,AWS_06_Bangalore,19.949964580791058,66.61019621222542,1001.6963854317556,0.074218039334427,0
2023-05-07,AWS_06_Bangalore,17.940176613444685,66.2173913276071,1001.1727061196708,0.3089320681811043,0
2023-05-08,AWS_06_Bangalore,15.604223937652453,60.65618789651927,1001.3317011280008,0.5267704530434822,0
2023-05-09,AWS_06_Bangalore,20.71748665513008,67.44522544153297,1001.9324120723152,0.2196737974894807,0
2023-05-10,AWS_06_Bangalore,20.154241759215772,67.93365835122562,1001.8303093381452,0.9967516020949828,0
2023-05-11,AWS_06_Bangalore,19.136138099885528,69.29879250114986,1001.7211758710506,2.406503103903173,0
2023-05-12,AWS_06_Bangalore,20.14887511470277,65.4446685538801,1000.8988815344088,4.529478460619073,0
2023-05-13,AWS_06_Bangalore,18.238802167034745,62.50371513548281,1002.0984248298,3.305116325127175,0
2023-05-14,AWS_06_Bangalore,18.698945726952957,66.10615095134148,1001.0445686560836,0.9168992823181136,0
2023-05-15,AWS_06_Bangalore,17.157112495045535,69.58913386131564,1002.1523101688318,1.5179272528472525,0
2023-05-16,AWS_06_Bangalore,16.519318996645556,67.34341234482056,1001.1106483156872,0.3934038442000627,0
2023-05-17,AWS_06_Bangalore,15.674591344369992,70.21693558466299,1001.9265831360034,0.7737798614490229,0
2023-05-18,AWS_06_Bangalore,16.826188292055956,63.86262751754106,1001.4374291311776,3.074039018571396,0
2023-05-19,AWS_06_Bangalore,21.86549843320396,70.29624450210576,1000.5245293165752,0.0444483789285338,0
2023-05-20,AWS_06_Bangalore,15.510862364674193,68.69996740880283,1001.158378904364,1.141366016980882,0
2023-05-21,AWS_06_Bangalore,16.30505593111844,66.97924117343166,1002.1614843297598,3.0929718703029625,0
2023-05-22,AWS_06_Bangalore,17.80298130846434,71.34432966943017,1001.6958359029562,0.1951798968809191,0
2023-05-23,AWS_06_Bangalore,21.153003535770807,68.94084970044564,1001.039978581989,6.072297001178844,0
2023-05-24,AWS_06_Bangalore,55.68247469705449,65.35382022765623,1001.8823977821276,0.0187033175310343,1
2023-05-25,AWS_06_Bangalore,16.465599488773822,71.33585709035196,1001.3441881556032,3.2589151758485047,0
2023-05-26,AWS_06_Bangalore,18.344138453134544,67.74699359258189,1001.99697840298,0.6546735792348319,0
2023-05-27,AWS_06_Bangalore,18.18930606588853,68.66295844376242,1001.1079347588908,0.2135392229872287,0
2023-05-28,AWS_06_Bangalore,16.156827083081208,66.04027999340302,1000.973253838922,0.256819939419082,0
2023-05-29,AWS_06_Bangalore,15.88106983408558,68.5512046686362,1001.5845653219478,1.811864406818715,0
2023-05-30,AWS_06_Bangalore,17.73906434082141,65.94214193436144,1001.187459851404,3.0686582746472784,0
2023-05-31,AWS_06_Bangalore,16.548420831839834,68.33582658127011,1001.3108843181584,1.5369266056834707,0
2023-06-01,AWS_06_Bangalore,17.37408775980078,69.01449705245194,1000.5711881457216,11.88544159066556,0
2023-06-02,AWS_06_Bangalore,16.629336073159887,70.80777915190397,1001.5581475489498,8.316878378487736,0
2023-06-03,AWS_06_Bangalore,17.352659686950428,64.83655719363709,1001.4334627571463,0.04082778436548,0
2023-06-04,AWS_06_Bangalore,17.45202991403698,72.12921616220481,1001.5875894124476,4.981211220104438,0
2023-06-05,AWS_06_Bangalore,13.794133582473377,72.28485386683516,1000.2011521734069,1.6349307469290109,0
2023-06-06,AWS_06_Bangalore,15.969120967634282,68.67457845151203,1000.2686398464862,2.727236228375879,0
2023-06-07,AWS_06_Bangalore,59.58916252351139,69.68616319570212,1000.4452771305127,0.4443746033388364,1
2023-06-08,AWS_06_Bangalore,17.78086624745108,70.27385988771246,1000.6675087965724,1.491407225676457,0
2023-06-09,AWS_06_Bangalore,16.020556004944115,69.65750623544312,1000.0889415679864,4.506921550068869,0
2023-06-10,AWS_06_Bangalore,13.7071504008713,71.26860186844588,1001.0420682626356,1.1087519196854294,0
2023-06-11,AWS_06_Bangalore,18.30503199593547,68.34530060118779,1000.4720832642791,4.692639085222531,0
2023-06-12,AWS_06_Bangalore,17.674164659428214,67.27311483102118,1001.2868023333224,11.539654861439,0
2023-06-13,AWS_06_Bangalore,16.51017363282065,70.88224684548446,1001.675671821606,0.0222864689397522,0
2023-06-14,AWS_06_Bangalore,15.618463567517498,65.06221018621733,1000.2963998812652,6.933187954671707,0
2023-06-15,AWS_06_Bangalore,17.180941859748348,71.53659506009085,1000.1768140552736,4.61394688858935,0
2023-06-16,AWS_06_Bangalore,15.565273591265084,71.8846627001073,1000.90097126333,0.214897954062442,0
2023-06-17,AWS_06_Bangalore,17.530946145516616,67.40520089075922,1000.542531953496,7.026497805593162,0
2023-06-18,AWS_06_Bangalore,18.883305101368283,74.05120681183199,1000.6454478652264,1.144234896057448,0
2023-06-19,AWS_06_Bangalore,15.42998582353832,68.76203157856565,1001.0917391242536,1.390508033954992,0
2023-06-20,AWS_06_Bangalore,17.307378274668903,68.53203091086945,1000.2575056072524,0.441816970312125,0
2023-06-21,AWS_06_Bangalore,15.13131598135842,67.90911060025438,999.8266612473992,3.439732642103643,0
2023-06-22,AWS_06_Bangalore,17.63442888908481,71.23757616950736,999.7103779046206,3.1032043037488863,0
2023-06-23,AWS_06_Bangalore,15.705011914201128,68.7404296857932,1000.2029359069528,1.919004404854974,0
2023-06-24,AWS_06_Bangalore,18.230002758961444,65.62201678955839,1000.0815649044574,0.8317317050758024,0
2023-06-25,AWS_06_Bangalore,15.627273675991583,70.97482946050107,1000.6557595742148,8.189425278978627,0
2023-06-26,AWS_06_Bangalore,14.684776093851308,69.0902951677614,1000.8853142340696,9.407386058259352,0
2023-06-27,AWS_06_Bangalore,15.51946971184959,73.23378768845886,1000.8490463790168,3.500053232788774,0
2023-06-28,AWS_06_Bangalore,15.678109100952788,70.91178609849207,999.7698857914096,1.2600540339662092,0
2023-06-29,AWS_06_Bangalore,16.361001248747883,70.79105738236115,999.6844233467305,0.4547145604232528,0
2023-06-30,AWS_06_Bangalore,15.509026930500363,73.04085427484252,999.1449211013676,9.130879612094986,0
2023-07-01,AWS_06_Bangalore,16.36848912291441,70.47975011840886,1000.0187273901602,0.4544290728925504,0
2023-07-02,AWS_06_Bangalore,16.394941389397953,72.34629937602402,1000.4251474568016,0.0597044936454269,0
2023-07-03,AWS_06_Bangalore,15.36117648797563,68.04779178505643,999.595025530106,2.851840221294067,0
2023-07-04,AWS_06_Bangalore,16.49908743374502,74.93070989504571,999.1738809140712,5.913233657631739,0
2023-07-05,AWS_06_Bangalore,15.13333936529245,70.81177914328501,1000.8224878271184,2.752359331102137,0
2023-07-06,AWS_06_Bangalore,19.020712911046225,66.37081240017982,999.4926486050066,0.2375066129782142,0
2023-07-07,AWS_06_Bangalore,16.480035477103186,70.37774036612517,999.754746899732,5.270746050796997,0
2023-07-08,AWS_06_Bangalore,16.96226124824509,70.50997100122522,999.5434672148778,4.626683244778624,0
2023-07-09,AWS_06_Bangalore,15.76524305421053,70.30780526168199,999.0757984103516,5.149017700456028,0
2023-07-10,AWS_06_Bangalore,14.993906255408293,63.01488577692331,1000.1593421068908,1.0676053534619994,0
2023-07-11,AWS_06_Bangalore,17.34739505709257,68.24901313496515,998.7999054314782,7.146710956495305,0
2023-07-12,AWS_06_Bangalore,16.60886442976442,65.72112200649303,1000.2026435986246,2.9354766867022795,0
2023-07-13,AWS_06_Bangalore,12.216813068713549,65.7386839118041,999.7406789533356,3.458841226352087,0
2023-07-14,AWS_06_Bangalore,19.04990356437081,70.31476486047794,999.4386147570336,3.551776753262159,0
2023-07-15,AWS_06_Bangalore,17.294909324547046,68.10242604298541,999.4134038267654,1.5210108839362706,0
2023-07-16,AWS_06_Bangalore,15.645337333679311,68.66086286198542,999.7330923891618,1.295374023999737,0
2023-07-17,AWS_06_Bangalore,17.156149407818347,67.03210011889885,999.1512583073844,0.021498861150259,0
2023-07-18,AWS_06_Bangalore,16.912937034705855,73.81739735161696,999.5279153405966,2.273364414173102,0
2023-07-19,AWS_06_Bangalore,17.058158440577774,69.75937733015077,998.9624930382658,2.987047652078472,0
2023-07-20,AWS_06_Bangalore,15.04617880169901,65.02816376507866,998.2982759088598,6.110621324665752,0
2023-07-21,AWS_06_Bangalore,16.497420851481312,71.48564471993856,999.6496780430735,0.3102764874589674,0
2023-07-22,AWS_06_Bangalore,16.884467599972556,68.47945092197577,1000.527358514038,11.595971870349064,0
2023-07-23,AWS_06_Bangalore,18.321839781125068,73.03929088946438,999.5596005509518,1.379109297749156,0
2023-07-24,AWS_06_Bangalore,16.672435533209605,69.38305870688971,999.2208729792786,2.055796678514163,0
2023-07-25,AWS_06_Bangalore,17.211788281066696,67.26658103500525,999.0145167648784,0.223069760381647,0
2023-07-26,AWS_06_Bangalore,15.24796611047284,67.6728586657581,998.9986571631592,4.764706609836477,0
2023-07-27,AWS_06_Bangalore,16.764570660347708,68.0343969790978,998.9516564256968,5.5537503566894975,0
2023-07-28,AWS_06_Bangalore,18.01640361998048,70.6512158273616,999.218457887375,11.889626019748604,0
2023-07-29,AWS_06_Bangalore,15.743534374405298,66.7649186618539,997.8949970475056,1.8482508382435463,0
2023-07-30,AWS_06_Bangalore,16.24352454988728,72.78742617769292,997.777572580822,1.3390003311968124,0
2023-07-31,AWS_06_Bangalore,15.43747527631359,70.09616591878311,999.253052128421,5.827243180062939,0
2023-08-01,AWS_06_Bangalore,14.909724550920345,69.59566439608447,998.8979497762476,5.521065026104285,0
2023-08-02,AWS_06_Bangalore,15.713022043890732,69.07154541966672,998.4749954603049,12.449662498058965,0
2023-08-03,AWS_06_Bangalore,17.910696734206645,68.72002245866045,998.4319180089,1.0341631343824111,0
2023-08-04,AWS_06_Bangalore,16.762877670574067,64.89766445648796,998.6306644659064,5.497975603256016,0
2023-08-05,AWS_06_Bangalore,15.912465116738776,69.50776088409268,998.6716481560608,0.3114415241690647,0
2023-08-06,AWS_06_Bangalore,20.53553355760286,74.32932382372283,999.5641280009828,2.9458557706253528,0
2023-08-07,AWS_06_Bangalore,16.28421681961468,70.54760018541984,998.2894023342124,0.5721359061433298,0
2023-08-08,AWS_06_Bangalore,18.345406142295,69.70560261886972,999.1787268272036,4.764830861386397,0
2023-08-09,AWS_06_Bangalore,17.98132330980877,63.70154165781816,999.0645634274748,4.139839690547888,0
2023-08-10,AWS_06_Bangalore,17.929089303115646,71.47918150602698,998.6377588549452,0.2252950085205045,0
2023-08-11,AWS_06_Bangalore,14.887072475215597,70.54077692837534,999.0983830944087,1.732952758853584,0
2023-08-12,AWS_06_Bangalore,19.616774894112783,71.54622982517591,998.9105229476298,2.261620858664673,0
2023-08-13,AWS_06_Bangalore,18.27049224582236,65.24126136084367,998.0357839526284,1.2829459674288233,0
2023-08-14,AWS_06_Bangalore,19.250988741406378,66.66035006553696,998.341787228824,0.1774691210128018,0
2023-08-15,AWS_06_Bangalore,19.66334759687977,63.30802897964914,998.8073239173348,1.7276916336411596,0
2023-08-16,AWS_06_Bangalore,20.610118590915867,62.95883614974228,998.2898360516332,7.079517248623186,0
2023-08-17,AWS_06_Bangalore,16.627839468401554,65.84025500426675,998.87001960857,2.009059056365719,0
2023-08-18,AWS_06_Bangalore,17.13441150237111,68.87465149594769,999.1221477122796,1.7578364513964475,0
2023-08-19,AWS_06_Bangalore,17.428146501968698,66.12082175294589,998.5039853798075,12.793792759713568,0
2023-08-20,AWS_06_Bangalore,17.0917595935322,65.25977110378818,998.1917301435608,0.1913494689706727,0
2023-08-21,AWS_06_Bangalore,20.465081008843,68.18109343395899,998.112411498826,6.56079516974243,0
2023-08-22,AWS_06_Bangalore,17.070478424333945,57.33035968740964,998.2680697267556,2.9695205794078423,0
2023-08-23,AWS_06_Bangalore,18.10042044326637,65.3221305142697,998.2115876734498,13.008136256792117,0
2023-08-24,AWS_06_Bangalore,16.317362078687367,67.85534563432026,998.8396479764244,2.250010415713243,0
2023-08-25,AWS_06_Bangalore,19.959223928454875,65.51980923961095,998.0938044359174,5.540159146368699,0
2023-08-26,AWS_06_Bangalore,18.767502554449305,70.51594697103164,998.279044912165,0.3262553756754016,0
2023-08-27,AWS_06_Bangalore,20.38291129435719,64.52132469780129,998.7371458905468,11.888438644858136,0
2023-08-28,AWS_06_Bangalore,20.20960119358544,64.61428139221108,998.1631555307548,1.900899307620024,0
2023-08-29,AWS_06_Bangalore,16.797229598388842,63.31683745521683,998.087397198256,3.340561670051043,0
2023-08-30,AWS_06_Bangalore,19.639181244885048,63.88485682801285,998.7270232526248,0.6707649389284263,0
2023-08-31,AWS_06_Bangalore,17.829197740146654,66.87072204675422,998.8537184945668,13.097776494307002,0
2023-09-01,AWS_06_Bangalore,47.93776165354896,68.344548171305,998.2757720111152,5.02967071944369,1
2023-09-02,AWS_06_Bangalore,18.79622338589708,72.26436218363118,999.0703260316146,0.0831857852349269,0
2023-09-03,AWS_06_Bangalore,22.532283811477143,67.4101101903768,998.3067616606672,0.2529950859885403,0
2023-09-04,AWS_06_Bangalore,23.88449381948268,62.02150446496604,998.6464881996744,0.7658234871549872,0
2023-09-05,AWS_06_Bangalore,19.63058501452569,69.1560888242805,999.1707922582992,0.366495265025989,0
2023-09-06,AWS_06_Bangalore,20.255487636765395,66.76764809690305,997.8644566199782,0.5449572443895947,0
2023-09-07,AWS_06_Bangalore,16.789583506372978,65.26642259467219,997.9041699085902,8.981902699940255,0
2023-09-08,AWS_06_Bangalore,17.861738528857877,68.25543946345792,998.5511270057324,1.6122646775513385,0
2023-09-09,AWS_06_Bangalore,21.0192442854316,72.02964236335109,998.0582594984448,3.830760186337203,0
2023-09-10,AWS_06_Bangalore,20.50391905682359,64.2302059110029,997.6557714323376,0.8585153999638012,0
2023-09-11,AWS_06_Bangalore,21.297652080270595,62.1688448287846,997.9398900622743,1.8582723372795704,0
2023-09-12,AWS_06_Bangalore,19.58262101980954,68.51982017896063,997.3958948324448,0.9234191561945676,0
2023-09-13,AWS_06_Bangalore,21.348257313487863,72.37549521645444,998.1049471037768,0.5967467031748367,0
2023-09-14,AWS_06_Bangalore,17.215236247071264,64.70952750043932,998.1641103572598,1.0983720684262404,0
2023-09-15,AWS_06_Bangalore,20.21147197939116,64.23525073125137,998.6155279241912,0.8361188099966734,0
2023-09-16,AWS_06_Bangalore,21.94151100517724,64.52587255127105,998.6543737148822,5.909141305251024,0
2023-09-17,AWS_06_Bangalore,23.903411697133173,65.22392121513292,997.8971457816356,1.02826385176311,0
2023-09-18,AWS_06_Bangalore,21.300473002247667,59.516369345323454,999.101775467128,2.499910544869787,0
2023-09-19,AWS_06_Bangalore,22.47850791298748,64.52481836867719,997.503841027791,1.6486061979829434,0
2023-09-20,AWS_06_Bangalore,20.70796255695168,64.29235561065077,997.3341159104862,0.9798148090755336,0
2023-09-21,AWS_06_Bangalore,22.496018284882577,63.98420045707388,997.4070277155516,0.9641091237361616,0
2023-09-22,AWS_06_Bangalore,21.20874500488211,63.70145750943993,997.4370043092296,0.6275750493788148,0
2023-09-23,AWS_06_Bangalore,25.00094862807232,63.35294977547216,998.396810237993,0.1697224891809029,0
2023-09-24,AWS_06_Bangalore,21.695155565282175,56.62353044978174,998.854566674607,2.149886065617685,0
2023-09-25,AWS_06_Bangalore,22.053486090731116,60.627429090004455,998.8714096360516,3.753289072588394,0
2023-09-26,AWS_06_Bangalore,23.58949736924581,65.22098630937036,997.0643830378287,0.3687642142342701,0
2023-09-27,AWS_06_Bangalore,47.25442520053916,65.78741429796754,998.4325766039912,3.8989314704841216,1
2023-09-28,AWS_06_Bangalore,22.12059910604933,61.10997842507879,998.7657739144424,0.396542612359523,0
2023-09-29,AWS_06_Bangalore,23.40389586547576,59.37138842237943,998.4998754104768,1.1327863508033371,0
2023-09-30,AWS_06_Bangalore,21.3274606668322,64.25417880029424,997.6834819872372,0.6315276458643245,0
2023-10-01,AWS_06_Bangalore,23.369608574483948,62.78407837616226,998.0842189802568,0.1824191156809601,0
2023-10-02,AWS_06_Bangalore,23.974525220510955,61.46166262305744,997.5247061201052,0.0814282946597144,0
2023-10-03,AWS_06_Bangalore,22.637046247112828,64.27578333317527,998.3752131375528,0.6820142234413825,0
2023-10-04,AWS_06_Bangalore,22.83653758277997,58.01649016960298,997.2713340275864,0.0727518955231632,0
2023-10-05,AWS_06_Bangalore,22.56739792325528,64.89811780503007,998.3480407733632,0.1650679373863843,0
2023-10-06,AWS_06_Bangalore,21.47794290897707,56.771892890562,997.6531247582316,0.2302471021334191,0
2023-10-07,AWS_06_Bangalore,24.374484015655536,58.66525567225206,998.193166553476,0.0028763152364341,0
2023-10-08,AWS_06_Bangalore,23.15855867195777,57.88147744573955,997.8888111034872,0.2495286062524295,0
2023-10-09,AWS_06_Bangalore,24.825439395559457,59.12030800426288,997.839965741636,1.2915632038706644,0
2023-10-10,AWS_06_Bangalore,23.83628549957425,61.64976382876747,998.4986876185288,2.568228914503853,0
2023-10-11,AWS_06_Bangalore,25.15091399346776,62.631019720037465,998.7942930134174,0.3224468100966103,0
2023-10-12,AWS_06_Bangalore,21.77678908592232,60.215754983049074,997.604905167656,0.1264958122141277,0
2023-10-13,AWS_06_Bangalore,22.746143537692607,56.49264677818413,998.1376233272111,1.961303507504697,0
2023-10-14,AWS_06_Bangalore,23.319954705129465,54.18960192820802,997.5085730401308,0.0122943131955012,0
2023-10-15,AWS_06_Bangalore,26.49552923269356,62.59631866493088,997.8296210969048,1.987302843173475,0
2023-10-16,AWS_06_Bangalore,25.42125491271429,62.09166005654122,997.7051034356545,0.2108206076332459,0
2023-10-17,AWS_06_Bangalore,24.537411743244725,63.00384553279304,997.448162211185,0.3887100728962031,0
2023-10-18,AWS_06_Bangalore,24.33181062472304,59.261849753363656,998.61715492523,0.1918692282850266,0
2023-10-19,AWS_06_Bangalore,26.05727171583904,61.53232940443164,998.149612936265,0.4262088476974219,0
2023-10-20,AWS_06_Bangalore,24.3936844151409,57.47862604126261,997.8354783858564,2.4005384153860483,0
2023-10-21,AWS_06_Bangalore,26.49439675666531,60.7092121638356,998.0911896277264,0.2132859151445123,0
2023-10-22,AWS_06_Bangalore,25.18236010486657,57.69938026584576,998.730487206297,7.71598407199776,0
2023-10-23,AWS_06_Bangalore,27.555574196507244,56.56748491343454,998.6587431965216,0.5942328657619729,0
2023-10-24,AWS_06_Bangalore,59.8736819216937,59.57894808146565,998.43721167263,3.8259568326555113,1
2023-10-25,AWS_06_Bangalore,25.646018529130632,59.29590475392089,997.8370579778068,0.3161428071791154,0
2023-10-26,AWS_06_Bangalore,24.56929745132686,61.3660274226396,998.2456405639078,0.3121931097282984,0
2023-10-27,AWS_06_Bangalore,28.498861877630503,54.65309444243832,997.6552460130772,1.249771846428304,0
2023-10-28,AWS_06_Bangalore,26.19579226824911,61.16476754405899,998.1723985879142,0.0778877434421258,0
2023-10-29,AWS_06_Bangalore,24.7604933793586,58.65080277361525,998.7208408712464,2.421697523019803,0
2023-10-30,AWS_06_Bangalore,25.024394929311143,61.34381574611828,998.829822768294,0.8686975181803535,0
2023-10-31,AWS_06_Bangalore,27.25366790122301,61.19279964871736,997.9436880501464,1.8019469441239468,0
2023-11-01,AWS_06_Bangalore,23.85884040538848,50.60041088361284,998.6987821779588,0.2878892670731224,0
2023-11-02,AWS_06_Bangalore,26.4222133769961,60.929277782088434,998.6139689883422,1.542331466482516,0
2023-11-03,AWS_06_Bangalore,25.51275116997804,60.94618521450254,998.1984609803292,1.3523642400320706,0
2023-11-04,AWS_06_Bangalore,26.65265521617168,53.77691840180323,998.7107173538988,2.113799557036577,0
2023-11-05,AWS_06_Bangalore,27.14356519707847,52.752423350098624,998.9701864230084,0.5294540684441461,0
2023-11-06,AWS_06_Bangalore,26.94241481634598,59.64978644589984,998.802251145931,4.058305479669219,0
2023-11-07,AWS_06_Bangalore,26.788039303743997,57.55538639792751,997.8704356859752,4.877914968439271,0
2023-11-08,AWS_06_Bangalore,27.53157868653535,55.177651932708045,998.279033722882,3.0388353656765315,0
2023-11-09,AWS_06_Bangalore,30.002729969334204,61.313064385347786,998.6392176265504,1.2730664691165163,0
2023-11-10,AWS_06_Bangalore,29.38207499459209,57.797626075751786,998.0594225294344,0.8178364760668315,0
2023-11-11,AWS_06_Bangalore,27.056717587524023,50.52704590936686,999.2623642617582,0.0896129343164049,0
2023-11-12,AWS_06_Bangalore,28.741512090818773,53.62839947289811,998.6627807062588,4.4126561546460685,0
2023-11-13,AWS_06_Bangalore,28.757320969477576,59.706094892334406,998.3023820830408,4.548013908921301,0
2023-11-14,AWS_06_Bangalore,27.262609159325457,56.58601264742514,998.2946796642012,0.0282979362188826,0
2023-11-15,AWS_06_Bangalore,27.87003968077918,54.22057960767033,998.229102170182,0.6621535221781563,0
2023-11-16,AWS_06_Bangalore,28.808987839725617,57.64006857844221,998.9540047064093,3.1808499764303626,0
2023-11-17,AWS_06_Bangalore,26.990740822118,54.36403404594878,999.0382974772122,0.1264622413874241,0
2023-11-18,AWS_06_Bangalore,27.80738981985166,52.352095067984095,998.319177029046,0.3282910600323634,0
2023-11-19,AWS_06_Bangalore,27.95226406934406,59.05152245788147,999.411364421034,5.771975752295463,0
2023-11-20,AWS_06_Bangalore,27.92320986803864,59.41375957625824,998.5092641051178,2.8188102035762084,0
2023-11-21,AWS_06_Bangalore,27.94154505293725,57.2661524835131,998.3306796363638,3.646710372909822,0
2023-11-22,AWS_06_Bangalore,29.14413615784347,51.13235067203084,998.9945263146714,0.2299967562215819,0
2023-11-23,AWS_06_Bangalore,28.594735889582893,61.201954045216965,998.183240722152,0.3560842399561203,0
2023-11-24,AWS_06_Bangalore,29.58650063919488,61.0166899044264,998.127993238726,1.394887071806593,0
2023-11-25,AWS_06_Bangalore,32.47851406958822,59.30676920488747,998.3617776922408,1.0449445191472333,0
2023-11-26,AWS_06_Bangalore,27.96491961596059,56.31987288438175,998.4739677695616,0.5318088190993665,0
2023-11-27,AWS_06_Bangalore,29.161422859147365,55.604776976896126,999.2698794241204,3.2292614439772818,0
2023-11-28,AWS_06_Bangalore,29.663462312934666,56.56832416988627,998.2758733054576,3.4748528444085034,0
2023-11-29,AWS_06_Bangalore,30.60244736976438,51.75859091055834,999.1375619317477,0.5172974572565291,0
2023-11-30,AWS_06_Bangalore,29.67840974679512,53.47735310300569,999.403428055441,0.2539655095529806,0
2023-12-01,AWS_06_Bangalore,27.4478495721132,53.28451957692112,999.7347932585614,0.2421776382851347,0
2023-12-02,AWS_06_Bangalore,28.152093829141936,56.79782622697806,998.7966004243472,0.993709312906185,0
2023-12-03,AWS_06_Bangalore,29.422178281240893,55.6526331910992,998.8665719977917,0.2139334485137061,0
2023-12-04,AWS_06_Bangalore,28.221142017878652,51.97378961881236,1000.1217656080006,0.9618007824636304,0
2023-12-05,AWS_06_Bangalore,27.09586849672114,50.01018834601272,999.8110232356328,0.9296612777628376,0
2023-12-06,AWS_06_Bangalore,28.152146495765454,55.79632446586532,999.0283058057604,3.2326734800428474,0
2023-12-07,AWS_06_Bangalore,28.209605592546936,51.4834411475661,999.7703585534424,0.5269138315202117,0
2023-12-08,AWS_06_Bangalore,27.944421064614417,50.85318699890284,999.3524093237392,1.2336967697149404,0
2023-12-09,AWS_06_Bangalore,33.294117971026374,60.85629732541132,999.2687070838898,2.040939127896924,0
2023-12-10,AWS_06_Bangalore,30.02051879156332,61.446107373687504,1000.53427423162,1.3591942798742316,0
2023-12-11,AWS_06_Bangalore,29.762574557856404,53.12233563533982,999.8623529649536,4.620884793131635,0
2023-12-12,AWS_06_Bangalore,31.008173109599117,48.9538396927239,1000.30086554249,1.3830010560465849,0
2023-12-13,AWS_06_Bangalore,32.364076841560305,58.01355372254894,998.8590591359064,3.482073669214173,0
2023-12-14,AWS_06_Bangalore,30.282403021417316,55.34842330069229,1000.3218419911108,0.4216683304135251,0
2023-12-15,AWS_06_Bangalore,31.26249114942748,56.61157851295267,999.3779068402158,1.2340392966994465,0
2023-12-16,AWS_06_Bangalore,29.014905457329256,52.3609570170725,999.4046640236644,1.1756123037170223,0
2023-12-17,AWS_06_Bangalore,28.43823815692365,51.11630560932569,999.7175701312776,6.827744178515163,0
2023-12-18,AWS_06_Bangalore,31.18922641209133,53.48119301905728,999.8123416859644,0.3431885514403397,0
2023-12-19,AWS_06_Bangalore,31.186224040203044,54.692945202600185,1000.1173435137334,0.2279680076586588,0
2023-12-20,AWS_06_Bangalore,31.06918583700377,51.94864795011291,1000.0652911536956,1.4188577033396457,0
2023-12-21,AWS_06_Bangalore,30.084917918439675,58.00818943231666,999.3307999113462,0.3798091724433879,0
2023-12-22,AWS_06_Bangalore,28.746848094585545,48.88359545292573,999.193142109522,1.52896160043682,0
2023-12-23,AWS_06_Bangalore,29.212890599457573,55.30351544307467,999.629802327922,5.389758857848765,0
2023-12-24,AWS_06_Bangalore,31.681848568070013,54.436798414799256,999.7528739165708,4.392278542295461,0
2023-12-25,AWS_06_Bangalore,29.076401541585515,57.69909599752963,999.8383246122212,0.3941974360206597,0
2023-12-26,AWS_06_Bangalore,30.2534662375849,51.15179403269405,1000.51152324901,0.2811151490239186,0
2023-12-27,AWS_06_Bangalore,28.827069423404,56.1364446125216,999.9546118212156,1.233993244923668,0
2023-12-28,AWS_06_Bangalore,29.703897695544807,55.44198295544764,1001.2153173398935,1.3256528665037348,0
2023-12-29,AWS_06_Bangalore,28.37503765258138,54.737160106680896,1000.654065122274,1.6281742702252875,0
2023-12-30,AWS_06_Bangalore,29.887060351449,51.34148508580332,999.8148666960716,2.029236724626294,0
2023-12-31,AWS_06_Bangalore,29.28369346704582,51.68065758934921,999.1122489771246,1.378030315527598,0
2022-01-01,AWS_07_Kerala,31.443000981983488,72.15636632041466,1009.5067759441704,1.8025167867593697,0
2022-01-02,AWS_07_Kerala,30.937778770157657,72.40609209000517,1008.6651570512596,2.331844323162969,0
2022-01-03,AWS_07_Kerala,30.748761456720093,72.08323995630172,1009.395247838676,1.2838805287051591,0
2022-01-04,AWS_07_Kerala,31.51531412983561,73.10068001451175,1008.8290213366358,2.979730102694192,0
2022-01-05,AWS_07_Kerala,29.97099106587233,71.25300713445064,1009.022073720163,1.198117353420571,0
2022-01-06,AWS_07_Kerala,31.50767908986904,67.87535532825599,1009.1058006473731,0.3907632034936139,0
2022-01-07,AWS_07_Kerala,32.31073275380352,71.95088031776491,1009.9210877509372,1.1703505527365492,0
2022-01-08,AWS_07_Kerala,33.52829285629915,72.47296299887057,1009.2285354704782,1.8721205207230407,0
2022-01-09,AWS_07_Kerala,35.23887301981224,77.00041798099569,1009.1390289871872,1.5901348706434837,0
2022-01-10,AWS_07_Kerala,29.183274673875985,65.33681410647378,1009.301141692452,0.4176212546109645,0
2022-01-11,AWS_07_Kerala,30.509757692873634,76.9950553555853,1010.3244950414625,0.0629186698522996,0
2022-01-12,AWS_07_Kerala,31.427640801741795,75.31487747699664,1009.6902524260396,0.4364928531609515,0
2022-01-13,AWS_07_Kerala,32.082727661284665,74.25633246858101,1009.1386199249504,6.206699209776479,0
2022-01-14,AWS_07_Kerala,32.402307428058606,72.69394827449389,1010.2264214779574,0.3058686905119717,0
2022-01-15,AWS_07_Kerala,30.91905525768526,69.20431492944874,1009.6009885273264,0.936472406734153,0
2022-01-16,AWS_07_Kerala,28.02002779124317,78.15397690645143,1009.1124757055936,1.5256001558092234,0
2022-01-17,AWS_07_Kerala,33.33933247306874,76.04404422981003,1009.7738177391102,3.173824530147779,0
2022-01-18,AWS_07_Kerala,32.515886061411265,73.1333129943442,1009.5347586980548,2.142291889657735,0
2022-01-19,AWS_07_Kerala,32.804788736649506,73.28109340470665,1007.9514321419888,3.594570872533488,0
2022-01-20,AWS_07_Kerala,31.384608685689557,72.14301588067949,1009.8404194617884,1.3909656909227164,0
2022-01-21,AWS_07_Kerala,32.203582758288185,74.30025233455804,1009.1696676035538,3.0072672526028392,0
2022-01-22,AWS_07_Kerala,28.646222667583327,72.4338050764969,1009.1031183348888,0.4594677958473162,0
2022-01-23,AWS_07_Kerala,30.00763802916603,73.54258832260645,1008.799780134422,0.8446655409681985,0
2022-01-24,AWS_07_Kerala,33.37070754793572,73.98708146815727,1009.8670712275026,2.784662754819522,0
2022-01-25,AWS_07_Kerala,31.590459010259917,80.02036914187788,1009.7606218469564,0.5908170005157796,0
2022-01-26,AWS_07_Kerala,34.31143035114054,70.05743632299934,1010.3400924969746,3.074499611114715,0
2022-01-27,AWS_07_Kerala,30.007534309307104,73.32857469860198,1009.4977157476152,0.6767494200816961,0
2022-01-28,AWS_07_Kerala,35.258573758546405,76.59377065507073,1009.6864491155138,0.6774081668076584,0
2022-01-29,AWS_07_Kerala,35.43286763239653,75.45634912605358,1010.9472513308938,0.5544946348660431,0
2022-01-30,AWS_07_Kerala,30.38056636492765,75.0756222464436,1009.000089911544,1.1876062773110574,0
2022-01-31,AWS_07_Kerala,30.6231548605408,82.14627368352383,1010.6252905181414,0.2072883371404036,0
2022-02-01,AWS_07_Kerala,33.13839047491913,76.4471053121318,1009.6569360713607,0.0559340060740877,0
2022-02-02,AWS_07_Kerala,30.370541901733564,71.38216607323484,1011.6333848444656,3.415565797030641,0
2022-02-03,AWS_07_Kerala,30.76936799426052,71.11284718505298,1010.4659480095236,3.966309188970622,0
2022-02-04,AWS_07_Kerala,30.019808361898864,73.29361553737414,1009.8194141320228,0.1188418851249775,0
2022-02-05,AWS_07_Kerala,30.010812080976613,72.17893726208634,1009.4647225684458,1.1967537328354698,0
2022-02-06,AWS_07_Kerala,31.19658889651127,73.80659859363497,1010.3940781002816,1.1637571065689478,0
2022-02-07,AWS_07_Kerala,30.55743260153787,74.66542149047064,1009.262049391716,0.6988517169352542,0
2022-02-08,AWS_07_Kerala,27.780955679036783,74.55630947129517,1010.5883517149704,1.2621395687439252,0
2022-02-09,AWS_07_Kerala,33.02241561809944,66.45094574647695,1009.5739996903486,0.9190642452888228,0
2022-02-10,AWS_07_Kerala,33.20453866243112,71.64432150029558,1009.8123301907024,1.0089437262040486,0
2022-02-11,AWS_07_Kerala,31.517725956633765,76.14942575190844,1008.9219638412702,2.11180920365516,0
2022-02-12,AWS_07_Kerala,30.88027564185462,79.02428323401539,1010.4139556965156,1.1196962049157282,0
2022-02-13,AWS_07_Kerala,29.229252171760923,72.9760224734946,1010.513801495471,0.5865848263933843,0
2022-02-14,AWS_07_Kerala,29.88057060296013,73.08608053942393,1010.4131009035492,1.3064602874858922,0
2022-02-15,AWS_07_Kerala,32.14637608774844,74.11233286371976,1009.56216319475,1.5356218203804826,0
2022-02-16,AWS_07_Kerala,31.34774672640547,79.65257692097649,1011.1646099550755,1.628446416147705,0
2022-02-17,AWS_07_Kerala,31.07099602029738,74.74023021064419,1010.3898101353274,1.4447066160022528,0
2022-02-18,AWS_07_Kerala,31.070948798340986,67.95593797984658,1010.23304483302,1.6386595091220788,0
2022-02-19,AWS_07_Kerala,31.853233436141096,80.14772474712129,1010.9182243972192,0.5567972392733892,0
2022-02-20,AWS_07_Kerala,31.56248350007772,76.9649207387014,1010.3186701187204,0.8862485127205058,0
2022-02-21,AWS_07_Kerala,31.16116137132568,71.11760242107839,1010.7811997046072,1.6571243868044467,0
2022-02-22,AWS_07_Kerala,29.5370597141811,73.57133088553734,1010.1917572705328,2.105884504474111,0
2022-02-23,AWS_07_Kerala,32.517470750212084,72.82780108458348,1011.0108011232792,0.8541291179309758,0
2022-02-24,AWS_07_Kerala,29.19411283147028,74.69877729230988,1011.0183199322556,0.6819818707945718,0
2022-02-25,AWS_07_Kerala,28.54807002733166,79.89938547226588,1010.4163620624328,1.8875519102215543,0
2022-02-26,AWS_07_Kerala,28.93440653320276,69.95073137286548,1010.7384707641104,0.3768770636570054,0
2022-02-27,AWS_07_Kerala,27.92130783426412,74.63675210451974,1010.6688334575052,0.0143063003355828,0
2022-02-28,AWS_07_Kerala,30.510752416440404,76.11682916590745,1010.6370867908928,0.955621050937261,0
2022-03-01,AWS_07_Kerala,29.541512316741915,75.69279524800268,1010.1235447128704,0.2856028512185741,0
2022-03-02,AWS_07_Kerala,31.18054178781628,73.62980194927337,1010.2112468085866,0.712904829187099,0
2022-03-03,AWS_07_Kerala,25.74297308881924,79.70973120256559,1010.5591448102688,0.516345091869071,0
2022-03-04,AWS_07_Kerala,29.65313867059195,75.78476142402535,1010.8025482549928,2.252637878417453,0
2022-03-05,AWS_07_Kerala,28.87505030827601,75.5217987291834,1010.3421740832828,0.603873025966809,0
2022-03-06,AWS_07_Kerala,28.66484966977569,77.54523807900162,1010.8064846236578,1.5352953149707556,0
2022-03-07,AWS_07_Kerala,27.544495644675592,75.79033920969299,1009.6693500648364,1.6808847374386136,0
2022-03-08,AWS_07_Kerala,29.092567549319565,75.09552198187782,1010.829706288811,0.9144621971082086,0
2022-03-09,AWS_07_Kerala,27.801085395457267,74.10639895847001,1010.8804993768836,0.1268309473995473,0
2022-03-10,AWS_07_Kerala,31.148109661585,83.58042605880213,1011.2644477851682,1.807785748499916,0
2022-03-11,AWS_07_Kerala,29.729089955771805,79.5181562330799,1011.579009873772,0.1172146309904094,0
2022-03-12,AWS_07_Kerala,30.17999817551713,76.12047581073027,1011.2219088743224,0.1567296128689694,0
2022-03-13,AWS_07_Kerala,26.016173094936985,81.21131409378059,1011.7899017548232,0.3272291057107157,0
2022-03-14,AWS_07_Kerala,29.873543962672123,79.09830120728176,1010.8874719045162,0.4935392169049358,0
2022-03-15,AWS_07_Kerala,29.6500757781,77.77473666378904,1010.935617589614,2.810610158339598,0
2022-03-16,AWS_07_Kerala,27.771006855333574,74.70406614889826,1011.3256000198612,1.6855341596704072,0
2022-03-17,AWS_07_Kerala,28.017901266570245,75.44053137404175,1010.8780477929058,0.7346062943997275,0
2022-03-18,AWS_07_Kerala,26.74012130513105,80.96262549273432,1010.7746669685793,5.768471917383287,0
2022-03-19,AWS_07_Kerala,27.669236437768102,80.44779873934155,1011.6353090650156,0.418782454850331,0
2022-03-20,AWS_07_Kerala,28.89351168457709,74.20656808761984,1011.3175476999628,1.4116990849397104,0
2022-03-21,AWS_07_Kerala,26.95824522264197,77.23741643884378,1011.2924838620622,2.818076613890008,0
2022-03-22,AWS_07_Kerala,27.931831307765812,80.63562672481719,1010.5368117975536,2.4294034273114486,0
2022-03-23,AWS_07_Kerala,31.611234719184225,82.06872186896285,1011.4465577543932,0.1419733828585754,0
2022-03-24,AWS_07_Kerala,26.23950458618011,80.4109600033317,1011.0210101600932,1.7923918678309438,0
2022-03-25,AWS_07_Kerala,28.120600822959176,77.63518173010036,1010.489617311456,0.4473336522254046,0
2022-03-26,AWS_07_Kerala,25.986184540825214,79.8489583205279,1011.3368995459977,0.6594641768341387,0
2022-03-27,AWS_07_Kerala,25.22302994661609,78.645659716011,1010.3923074009024,1.0070549980621626,0
2022-03-28,AWS_07_Kerala,28.564417498193286,80.56122447952578,1009.7908225245428,2.346339544852229,0
2022-03-29,AWS_07_Kerala,26.669276410758084,83.98694853570788,1010.0943225171828,0.2726451656562946,0
2022-03-30,AWS_07_Kerala,29.592679199508247,77.34352119992965,1010.874266917609,0.1723677015270461,0
2022-03-31,AWS_07_Kerala,27.959375564296653,80.67084725260843,1011.7700845486482,0.2498635058050093,0
2022-04-01,AWS_07_Kerala,25.842814501410903,79.67537200012046,1011.1563838294666,0.3692796456610411,0
2022-04-02,AWS_07_Kerala,25.620013082878877,79.31484061862157,1010.9485917494,0.0920184020009019,0
2022-04-03,AWS_07_Kerala,27.93031049100108,79.82145732929385,1011.6586609940956,3.912778473035794,0
2022-04-04,AWS_07_Kerala,25.184031939684274,84.31934675703141,1011.252885407608,0.5764731865548971,0
2022-04-05,AWS_07_Kerala,25.056024088770645,82.25462921969938,1011.5078384492672,0.2921542011038274,0
2022-04-06,AWS_07_Kerala,24.012807781513786,79.21596352951639,1011.4794685611432,1.523479756692744,0
2022-04-07,AWS_07_Kerala,27.440982378498955,82.73946418245608,1010.8333460331244,2.319667337528716,0
2022-04-08,AWS_07_Kerala,25.205892325584625,79.25112278247786,1010.8706874544662,2.0989731463490573,0
2022-04-09,AWS_07_Kerala,26.874500811748007,75.69641346198452,1010.5654988328428,1.9025387004324017,0
2022-04-10,AWS_07_Kerala,24.2963550648832,74.28656318403085,1011.3927305860312,0.0777769784045446,0
2022-04-11,AWS_07_Kerala,23.70724970612413,82.83875977356792,1010.3580860138384,2.2859883353826485,0
2022-04-12,AWS_07_Kerala,27.159663500936915,80.61872312776688,1010.5228664546108,1.045367309070414,0
2022-04-13,AWS_07_Kerala,25.75777771764191,84.59945692006677,1010.9242201638876,1.5708212352990238,0
2022-04-14,AWS_07_Kerala,24.89407962089203,82.90315309903602,1011.0069842412204,4.699894606780397,0
2022-04-15,AWS_07_Kerala,25.097861857481146,82.65752596018798,1011.2375685979708,2.4964157437158114,0
2022-04-16,AWS_07_Kerala,25.019715662954248,80.65683527429819,1010.9150567913632,2.6176460020712886,0
2022-04-17,AWS_07_Kerala,28.712331330890837,83.70744699077046,1010.7450916017368,0.3003627490986936,0
2022-04-18,AWS_07_Kerala,25.97635154774476,86.93019099147729,1011.2789575206712,0.9705899314087822,0
2022-04-19,AWS_07_Kerala,25.70438972210256,76.34875869407603,1011.3645146505831,4.473498236532767,0
2022-04-20,AWS_07_Kerala,24.28381362090461,82.08815453434215,1010.0468256936458,1.3108718260464092,0
2022-04-21,AWS_07_Kerala,26.512873353871065,86.70329740521565,1011.4202940990324,0.1623575954565967,0
2022-04-22,AWS_07_Kerala,23.52331177472017,79.36072369430993,1010.710353521121,1.974144343734211,0
2022-04-23,AWS_07_Kerala,25.94941472546276,83.32631070354282,1011.6604844850962,0.0658131759658807,0
2022-04-24,AWS_07_Kerala,25.87769618924537,81.00352576065006,1010.5234908684232,2.0339228340592466,0
2022-04-25,AWS_07_Kerala,26.5385940254498,82.37749529100552,1010.3379130767768,3.177555832563098,0
2022-04-26,AWS_07_Kerala,21.980840117092026,77.98659729793563,1011.1452231156204,0.8307305399852647,0
2022-04-27,AWS_07_Kerala,26.546406824176263,86.38533199478184,1011.872117800458,0.8006625962455989,0
2022-04-28,AWS_07_Kerala,25.308822292134543,84.00681632468277,1009.9803023237878,0.5440640515904878,0
2022-04-29,AWS_07_Kerala,23.56986160354919,79.34462055542193,1011.1953111312502,3.142603953477892,0
2022-04-30,AWS_07_Kerala,21.386430579579752,85.05547296119867,1011.0401863501112,1.1903950094144078,0
2022-05-01,AWS_07_Kerala,23.940494495598216,84.54423201101922,1010.7271034445546,1.298610108268078,0
2022-05-02,AWS_07_Kerala,24.75543791813068,81.97321284676893,1011.7629495565358,1.6257660756948806,0
2022-05-03,AWS_07_Kerala,22.121056355105694,90.06254789430675,1009.7520048349204,0.5355073851987194,0
2022-05-04,AWS_07_Kerala,23.05163479643401,85.82326859513661,1011.246720643544,0.8505287554936178,0
2022-05-05,AWS_07_Kerala,22.360594824465167,88.26140461189307,1011.1582825377146,2.0299032103234635,0
2022-05-06,AWS_07_Kerala,23.53210101387219,84.02181735651999,1011.251420228459,6.349062467571958,0
2022-05-07,AWS_07_Kerala,22.4811368280313,79.74328253352633,1011.1684372438712,0.0523616832956952,0
2022-05-08,AWS_07_Kerala,27.29907785126249,77.75928838073189,1010.730640540668,0.0653769887912258,0
2022-05-09,AWS_07_Kerala,25.27024875588121,81.79881524902451,1010.4398283811328,0.8381407459063606,0
2022-05-10,AWS_07_Kerala,22.248290684410858,88.99298742017797,1010.2661126884152,1.6165470433565252,0
2022-05-11,AWS_07_Kerala,22.3995750222409,83.52729532160303,1010.8436271138114,0.7325315681369522,0
2022-05-12,AWS_07_Kerala,21.55190948915322,88.28637871309625,1010.5246569541948,11.88851177029948,0
2022-05-13,AWS_07_Kerala,23.482498349310266,81.76787904723925,1010.3999566599268,0.3260390767716529,0
2022-05-14,AWS_07_Kerala,26.30644652739717,83.38232978085912,1010.205593314216,0.0119355470740417,0
2022-05-15,AWS_07_Kerala,25.37643129378673,83.9158829618398,1010.2552996300584,0.3163211259436159,0
2022-05-16,AWS_07_Kerala,23.815159031298737,86.24648105156695,1010.8238663151408,3.268460282468791,0
2022-05-17,AWS_07_Kerala,23.015593770883868,81.61245282212158,1010.4204749519686,0.2352421288431023,0
2022-05-18,AWS_07_Kerala,24.22382681491552,83.38222569681778,1010.9911710630416,0.9779352481186372,0
2022-05-19,AWS_07_Kerala,23.757254007623214,85.16049998359762,1009.6850088466372,0.8152199838426905,0
2022-05-20,AWS_07_Kerala,23.92890667879269,81.92418385272467,1010.6463982632874,1.6436883489599774,0
2022-05-21,AWS_07_Kerala,23.518590593298143,80.76516765848065,1009.8062603605472,0.0842137382315535,0
2022-05-22,AWS_07_Kerala,23.833922341081948,86.21895695539526,1010.8887101776288,1.612710650664095,0
2022-05-23,AWS_07_Kerala,20.981112498854408,82.2383183643758,1010.8754707841412,0.6571799823134308,0
2022-05-24,AWS_07_Kerala,22.87797865168482,89.95025474511885,1009.5254433010736,3.906337366370855,0
2022-05-25,AWS_07_Kerala,23.356383070585675,90.11653532821347,1009.8204602991736,2.834594338087048,0
2022-05-26,AWS_07_Kerala,22.30233446005121,84.72182000897448,1009.8141656859882,0.7650045644614967,0
2022-05-27,AWS_07_Kerala,21.033282094201656,88.35817451101715,1010.7788346303892,7.419768530997828,0
2022-05-28,AWS_07_Kerala,22.863987335859115,86.83726570006958,1009.8221380963012,0.0800121687692059,0
2022-05-29,AWS_07_Kerala,29.03044404941189,89.90964769120873,1010.4354852562,2.331233444930745,0
2022-05-30,AWS_07_Kerala,21.52764537136385,85.40552484556102,1009.730865529996,0.8533086235119102,0
2022-05-31,AWS_07_Kerala,22.503854974495432,88.38371096551612,1010.5698499731532,0.8519014409966033,0
2022-06-01,AWS_07_Kerala,24.56554191530828,87.85781769665859,1010.5898298143676,0.8392085719684959,0
2022-06-02,AWS_07_Kerala,25.29065098679955,87.77288638462944,1010.8074956875358,3.255114739515152,0
2022-06-03,AWS_07_Kerala,21.71482547132932,85.20867175117769,1009.8565979902576,0.3983562330270246,0
2022-06-04,AWS_07_Kerala,23.99678508875573,90.67734243514909,1009.913207735018,4.313776173530743,0
2022-06-05,AWS_07_Kerala,23.69816092683796,85.95806199106595,1009.8114778316044,1.2443927569264503,0
2022-06-06,AWS_07_Kerala,21.714542477386097,85.9991805090852,1009.8631912543732,5.80710652783749,0
2022-06-07,AWS_07_Kerala,23.37556466744873,85.13851886022366,1009.605907248264,4.206896929158486,0
2022-06-08,AWS_07_Kerala,22.14396282659061,85.37496107911367,1010.315709137458,6.174075632450832,0
2022-06-09,AWS_07_Kerala,21.430211112910072,86.68821978678065,1009.3750745871672,6.233684282608779,0
2022-06-10,AWS_07_Kerala,24.91715218849298,88.80756181893942,1009.6511382784872,0.985672331745733,0
2022-06-11,AWS_07_Kerala,23.28211075637794,89.85707917739069,1009.7875212108714,0.0030373074854117,0
2022-06-12,AWS_07_Kerala,19.756362759067247,87.9394181182212,1009.90403884565,2.0489842482963407,0
2022-06-13,AWS_07_Kerala,22.059828625716825,91.84655845878302,1009.0308057251802,11.31372452530308,0
2022-06-14,AWS_07_Kerala,21.4459334532896,87.99274823217951,1009.4704874472692,3.881302057490797,0
2022-06-15,AWS_07_Kerala,21.884365950731425,82.29281508247318,1009.571503678972,5.8505581124897805,0
2022-06-16,AWS_07_Kerala,22.95086436465508,84.25353094154218,1009.9284672222008,9.525102346651993,0
2022-06-17,AWS_07_Kerala,22.59505883725133,89.85214198577218,1009.387250548676,10.642861554409684,0
2022-06-18,AWS_07_Kerala,24.28552141063945,86.80887417817395,1009.4095331023124,3.3882776952244864,0
2022-06-19,AWS_07_Kerala,23.948083109176096,86.6342863732748,1009.495761688736,3.503605050985536,0
2022-06-20,AWS_07_Kerala,20.27680739150388,84.95035770265416,1009.917948551496,8.56529368078615,0
2022-06-21,AWS_07_Kerala,21.933982857735035,86.66890745632838,1008.3337489580182,7.414125602784017,0
2022-06-22,AWS_07_Kerala,19.1465282626053,86.73703042495303,1009.378638863653,5.400789105526173,0
2022-06-23,AWS_07_Kerala,20.558398314720165,89.38630720215018,1009.8762727581978,4.173813969687604,0
2022-06-24,AWS_07_Kerala,18.89823382260788,87.19951796414445,1008.8439032593444,4.32126932896653,0
2022-06-25,AWS_07_Kerala,19.67927426307874,91.77947565509248,1008.8468876436742,2.0288090550541704,0
2022-06-26,AWS_07_Kerala,24.1225477335013,85.9993218679049,1009.8011847054214,8.272502543621469,0
2022-06-27,AWS_07_Kerala,23.144056924672597,88.58930568901411,1008.980227859715,4.327911667543891,0
2022-06-28,AWS_07_Kerala,22.934662205197327,83.01817409441782,1008.9606057137402,1.1384764939940877,0
2022-06-29,AWS_07_Kerala,23.767635993926863,89.9695508961536,1009.2246374646998,1.2340379451293246,0
2022-06-30,AWS_07_Kerala,22.92072570755714,83.73497651263739,1007.5596705097358,8.899330553342086,0
2022-07-01,AWS_07_Kerala,21.873024850060496,89.70978002307119,1008.1080048519764,4.422230206214724,0
2022-07-02,AWS_07_Kerala,21.11617631728618,82.47779205886833,1009.2725389971938,2.2890067505884035,0
2022-07-03,AWS_07_Kerala,24.545139676693527,84.89672523187507,1008.8259289275788,0.9321665049615154,0
2022-07-04,AWS_07_Kerala,23.964207772618888,90.506212605554,1008.8338055257173,4.239731118607493,0
2022-07-05,AWS_07_Kerala,21.679878940609377,92.6784572949193,1008.5509056874178,0.9167461382120567,0
2022-07-06,AWS_07_Kerala,23.160788876346228,79.82708056794135,1008.7077294688112,2.8583706390716985,0
2022-07-07,AWS_07_Kerala,17.8359905044526,84.69468208636894,1009.4069427996328,5.092581634171701,0
2022-07-08,AWS_07_Kerala,23.25261601967982,93.4385923338608,1008.8426647640576,3.750141265401763,0
2022-07-09,AWS_07_Kerala,21.2904294508082,88.35947754309748,1009.2722621402812,11.4854761981355,0
2022-07-10,AWS_07_Kerala,26.122157900191134,84.81810117295397,1008.631208131452,0.1823922987512022,0
2022-07-11,AWS_07_Kerala,23.79264463855233,92.32435155479044,1008.6840456629858,1.476986458031917,0
2022-07-12,AWS_07_Kerala,19.12242764505946,89.62593567321022,1008.8032339314898,0.2645113778006964,0
2022-07-13,AWS_07_Kerala,21.03070435336729,88.17380942802069,1008.8699338293716,0.9738966719427352,0
2022-07-14,AWS_07_Kerala,22.206178471872736,82.06404911658551,1008.1492545153436,0.5956657434868304,0
2022-07-15,AWS_07_Kerala,22.07075032832664,94.07290856927249,1008.5264842152294,5.936580487872681,0
2022-07-16,AWS_07_Kerala,22.02354227817731,88.53922149437544,1008.1682801925484,2.0747042123070543,0
2022-07-17,AWS_07_Kerala,23.65402671422796,86.78793436956617,1009.227176702956,11.65885930097187,0
2022-07-18,AWS_07_Kerala,21.38916994523685,92.06468788052236,1007.5774272210492,0.1064489197654562,0
2022-07-19,AWS_07_Kerala,22.116669305718386,84.88967578033687,1008.6996146066095,4.761954160684011,0
2022-07-20,AWS_07_Kerala,24.54051893549035,84.31707631454051,1007.9870959416568,15.861981703617706,0
2022-07-21,AWS_07_Kerala,24.592391590548623,84.63384376557732,1007.7737159852032,0.870250679275802,0
2022-07-22,AWS_07_Kerala,23.774720394647915,86.36728943712137,1008.1576603562576,2.628770503544201,0
2022-07-23,AWS_07_Kerala,21.8139632825897,87.53862590366121,1008.9217245065704,5.4463156560232,0
2022-07-24,AWS_07_Kerala,21.309388668618464,89.32782173952768,1007.9234404620148,4.512462847177195,0
2022-07-25,AWS_07_Kerala,22.341629359450238,83.60116229008457,1007.310698622868,3.7564796684694,0
2022-07-26,AWS_07_Kerala,22.480803814109205,88.2088540757565,1007.709110511752,1.780414416197624,0
2022-07-27,AWS_07_Kerala,22.42104133139636,85.43386498678993,1008.2118471676056,5.86209872837016,0
2022-07-28,AWS_07_Kerala,23.345726392878305,86.85786033976824,1007.3106192280932,4.766248973507307,0
2022-07-29,AWS_07_Kerala,23.090861590221603,90.74765244367272,1008.4488007089868,0.799616832123789,0
2022-07-30,AWS_07_Kerala,23.068120812901512,88.53495707379436,1007.2670833890124,14.970419261599636,0
2022-07-31,AWS_07_Kerala,21.93084847786493,88.71877758708844,1007.7863578469148,3.65037433288941,0
2022-08-01,AWS_07_Kerala,20.875057957334526,85.0741216147468,1008.40701001074,3.3543573259395223,0
2022-08-02,AWS_07_Kerala,23.75920819771796,92.62881831226926,1007.7167641681808,8.484448774728003,0
2022-08-03,AWS_07_Kerala,22.853332040235664,88.79656990494706,1007.2669518207392,4.602602467625767,0
2022-08-04,AWS_07_Kerala,23.421817035105583,85.43180513270127,1007.8641057678132,0.3482944490644465,0
2022-08-05,AWS_07_Kerala,23.511233066454487,90.05343468507556,1007.6341669576176,3.178860922866688,0
2022-08-06,AWS_07_Kerala,19.864705933195907,88.25895414879345,1008.4583483297672,6.825792358271251,0
2022-08-07,AWS_07_Kerala,25.537181776618866,82.68310453368923,1008.2354193694556,5.417579431999828,0
2022-08-08,AWS_07_Kerala,22.1584495201209,86.99030868091593,1008.0499164096868,15.896322233616502,0
2022-08-09,AWS_07_Kerala,25.119391576179133,83.4019317050575,1007.7802081761536,0.1135437510683701,0
2022-08-10,AWS_07_Kerala,23.74899864516068,80.10066818009194,1007.6330617576344,1.362391603544489,0
2022-08-11,AWS_07_Kerala,21.548849616451395,84.83519481490771,1007.6038581221306,3.58485709222658,0
2022-08-12,AWS_07_Kerala,22.16107557346017,89.44606134552586,1006.8348590362832,4.348090316848762,0
2022-08-13,AWS_07_Kerala,22.245796227449265,90.37590620565643,1007.665345715856,1.4431307540786205,0
2022-08-14,AWS_07_Kerala,22.390114650742227,84.32777872396056,1007.2422007456436,7.889930568035307,0
2022-08-15,AWS_07_Kerala,20.742630596025737,84.90910146989982,1007.5706279807648,0.8079424771154688,0
2022-08-16,AWS_07_Kerala,22.259173734254937,89.85741934345141,1007.614913616042,0.0038226164376993,0
2022-08-17,AWS_07_Kerala,24.969191633511823,87.58295936662905,1007.321847407212,13.701338224588635,0
2022-08-18,AWS_07_Kerala,25.18503629370072,86.93977286113235,1008.0074339521792,2.2358326772083195,0
2022-08-19,AWS_07_Kerala,22.629313427099408,85.78850884634736,1006.980081941375,14.211050644521364,0
2022-08-20,AWS_07_Kerala,20.89869023425878,87.44156469910888,1007.2476802400694,1.465359336956525,0
2022-08-21,AWS_07_Kerala,24.71963708606685,85.07322936412322,1007.3080301201012,0.2949790990702681,0
2022-08-22,AWS_07_Kerala,22.221375835480487,89.6453684984034,1008.027963330359,6.663110481736897,0
2022-08-23,AWS_07_Kerala,22.40560271221389,84.59073092747072,1007.4442311635725,8.130550682135368,0
2022-08-24,AWS_07_Kerala,23.550468777146204,84.43423376369535,1007.3989421991704,3.04850208041956,0
2022-08-25,AWS_07_Kerala,23.478989473518897,78.56350749352416,1007.822296639136,0.3452374697250551,0
2022-08-26,AWS_07_Kerala,22.92891105711973,87.79262345445002,1007.105893846084,4.7776683552518255,0
2022-08-27,AWS_07_Kerala,23.13515122065232,81.61699710218477,1007.7848717859516,0.9048103460389854,0
2022-08-28,AWS_07_Kerala,23.502875651789875,77.28064206281167,1007.5270488225126,8.518524520135264,0
2022-08-29,AWS_07_Kerala,23.257155637899007,83.73834055141747,1007.9282522365628,1.441066993937297,0
2022-08-30,AWS_07_Kerala,23.42465056140248,83.14314347784264,1007.101827662661,8.468752404091664,0
2022-08-31,AWS_07_Kerala,24.01659979341196,85.38923587692895,1007.1264916026736,2.5053204662891906,0
2022-09-01,AWS_07_Kerala,25.07989263953916,85.86764329556931,1007.3276648482127,4.083968941000419,0
2022-09-02,AWS_07_Kerala,24.998823735175783,81.31638071443255,1007.2095741011324,2.3378499929912384,0
2022-09-03,AWS_07_Kerala,23.888080473199757,91.8375983436192,1007.6077210396616,0.0619194659995372,0
2022-09-04,AWS_07_Kerala,24.30306910889052,82.95101777518092,1007.100094503184,2.5819459684988217,0
2022-09-05,AWS_07_Kerala,26.872063935576428,78.36653691876377,1006.6631184828216,0.223878119466397,0
2022-09-06,AWS_07_Kerala,26.41355761619986,88.05467960972572,1007.8560571724493,0.6657282469837809,0
2022-09-07,AWS_07_Kerala,25.834613056875536,85.36556371139058,1008.1224450002233,0.9602089711538058,0
2022-09-08,AWS_07_Kerala,22.434556141580625,84.28009980362965,1006.3676510912652,3.3867988584352013,0
2022-09-09,AWS_07_Kerala,25.331963177293648,81.61986807434519,1007.3786432862782,0.0340443753620998,0
2022-09-10,AWS_07_Kerala,24.23855420587037,82.93464899006278,1007.4998064013034,1.22875490752448,0
2022-09-11,AWS_07_Kerala,23.89788913723461,76.1620162355251,1007.236155987248,1.5430242840992594,0
2022-09-12,AWS_07_Kerala,24.874511052754677,81.72437580496684,1007.8902178496738,0.5709735795573185,0
2022-09-13,AWS_07_Kerala,27.06651355447511,89.77690977715771,1006.4216902668852,0.5147642062005084,0
2022-09-14,AWS_07_Kerala,26.910620601077937,79.41182270078328,1006.8007113221456,1.0113973429448604,0
2022-09-15,AWS_07_Kerala,24.73165723520001,82.67283288550759,1007.1264651031416,0.310721538407486,0
2022-09-16,AWS_07_Kerala,25.870980164943383,76.95483865464047,1007.5240602716945,0.9470030497814428,0
2022-09-17,AWS_07_Kerala,25.195203002114766,80.31382735188129,1007.6594204275495,2.172416295265494,0
2022-09-18,AWS_07_Kerala,25.55128407141552,77.94621050846249,1006.4450365304156,2.800327594183884,0
2022-09-19,AWS_07_Kerala,27.49188106217462,82.88908500234584,1006.1526023994862,0.729593190123117,0
2022-09-20,AWS_07_Kerala,25.9852757457501,82.11948514619569,1007.423928737968,1.4407625445403274,0
2022-09-21,AWS_07_Kerala,23.52896218785481,77.4274818741468,1007.0863861140156,3.077725708681699e-05,0
2022-09-22,AWS_07_Kerala,26.457757445569783,81.46530013177166,1007.104831948444,1.1989369503043026,0
2022-09-23,AWS_07_Kerala,29.059479685368355,81.43540592397318,1007.4196868954184,5.547564938273924,0
2022-09-24,AWS_07_Kerala,25.370328892391747,81.45224502999596,1006.6085158296768,0.5615275937397535,0
2022-09-25,AWS_07_Kerala,28.82871316459699,83.3523516447835,1006.889872234334,1.3549733773076644,0
2022-09-26,AWS_07_Kerala,27.517815254108605,85.34854380628556,1007.2685280050118,2.15501573244379,0
2022-09-27,AWS_07_Kerala,28.44184826623789,78.67453238298167,1006.528757185964,1.4083146477757222,0
2022-09-28,AWS_07_Kerala,28.07655613994187,79.45950514494811,1006.7310614611736,0.8132163843532874,0
2022-09-29,AWS_07_Kerala,27.116090569912764,79.72117512691574,1007.0533331089856,0.2483304236253597,0
2022-09-30,AWS_07_Kerala,26.01558180249096,76.19696470172074,1007.2619369175384,0.9345962681046118,0
2022-10-01,AWS_07_Kerala,27.285029189540268,76.94219056406918,1006.2768711207732,0.5238771550998198,0
2022-10-02,AWS_07_Kerala,27.457353413652548,81.517597040195,1007.3339941975956,1.7856981058865746,0
2022-10-03,AWS_07_Kerala,28.650950824779827,85.46508913817081,1007.2199054887355,0.8748599978375001,0
2022-10-04,AWS_07_Kerala,23.90306956672089,76.43374787096805,1006.5819985388551,2.844478105029671,0
2022-10-05,AWS_07_Kerala,25.220670289467265,86.29485625045747,1008.129962289884,0.3222468609106215,0
2022-10-06,AWS_07_Kerala,27.805713035759823,77.57892657565681,1006.5328901018186,0.8112060853483469,0
2022-10-07,AWS_07_Kerala,28.03600246995662,82.77665154825252,1007.3788225590712,1.222989091031029,0
2022-10-08,AWS_07_Kerala,26.32155790682216,80.29227704053955,1007.154327672297,0.2020375428929601,0
2022-10-09,AWS_07_Kerala,28.24361834673032,79.4520028276416,1006.8133340047376,1.3297705436461116,0
2022-10-10,AWS_07_Kerala,57.79085066752135,77.45050055525888,1007.070422104708,0.5156833586118464,1
2022-10-11,AWS_07_Kerala,27.58559410175446,78.64328207975973,1007.29788276955,0.3911458199392014,0
2022-10-12,AWS_07_Kerala,30.106591479363917,76.32763308670437,1008.4647286106264,0.2295707279336177,0
2022-10-13,AWS_07_Kerala,30.47123986286232,81.16250737614924,1006.3200319602907,0.6459019195767272,0
2022-10-14,AWS_07_Kerala,28.3132555954309,81.54466595663402,1005.6962444965096,3.967241638928643,0
2022-10-15,AWS_07_Kerala,29.47555722502902,76.10570362437477,1006.5548009488782,0.0472450708363961,0
2022-10-16,AWS_07_Kerala,25.75301630256822,73.0025006102888,1007.053457132702,2.867398536224881,0
2022-10-17,AWS_07_Kerala,29.99054184400911,76.80767737325802,1007.4104853389322,0.7596551478291892,0
2022-10-18,AWS_07_Kerala,30.6619809371216,83.6245667504515,1007.1357633591324,1.236940921989128,0
2022-10-19,AWS_07_Kerala,27.02198002579938,78.22373135981958,1007.021791216316,1.0786587043493832,0
2022-10-20,AWS_07_Kerala,29.551793958929423,80.85763193924386,1007.8771414329078,3.900279529642044,0
2022-10-21,AWS_07_Kerala,25.897529561470638,74.48401415809795,1006.7248465845718,2.205357252131225,0
2022-10-22,AWS_07_Kerala,27.608331901534324,75.67979784969971,1007.9635845745124,6.282014141914382,0
2022-10-23,AWS_07_Kerala,28.088117068915,76.07806820731648,1007.455183677656,2.372952652660824,0
2022-10-24,AWS_07_Kerala,26.736022737977397,73.3696629472075,1007.907862018557,0.5262278196830075,0
2022-10-25,AWS_07_Kerala,28.670143178553875,77.25716429049983,1006.7002843325464,4.940547744972138,0
2022-10-26,AWS_07_Kerala,28.649561912297354,74.17592894920833,1007.0098738427024,6.1625852854943775,0
2022-10-27,AWS_07_Kerala,30.108421444855413,79.35361629899357,1006.4701132478702,0.1970327069211459,0
2022-10-28,AWS_07_Kerala,26.989514371527783,76.65105006586462,1007.3661349264672,3.469622743961341,0
2022-10-29,AWS_07_Kerala,30.271810217986687,80.70377703662419,1007.3923312226948,1.6368690524025828,0
2022-10-30,AWS_07_Kerala,28.22878650281292,71.1077602506934,1008.252469456856,3.826449876167636,0
2022-10-31,AWS_07_Kerala,27.56979919262759,74.42664828272878,1007.3054938828446,3.710754591646245,0
2022-11-01,AWS_07_Kerala,29.267269450847007,74.67878038888794,1006.5238373847956,3.3297533560531054,0
2022-11-02,AWS_07_Kerala,30.764503207049497,77.1730212318095,1007.7724625566516,3.247833740317037,0
2022-11-03,AWS_07_Kerala,28.981824676555508,74.40090425257739,1006.862097312478,0.187743320720128,0
2022-11-04,AWS_07_Kerala,30.550946077591117,80.71910227614943,1006.7029085385248,0.2323789521987638,0
2022-11-05,AWS_07_Kerala,30.269571064416485,74.88577534720343,1007.708036921277,0.1879697442504815,0
2022-11-06,AWS_07_Kerala,34.62348886527879,72.60936344672196,1006.9929869789842,0.1431632792956487,0
2022-11-07,AWS_07_Kerala,29.522026157179464,74.73174785780755,1007.0978273253324,0.6537750253816663,0
2022-11-08,AWS_07_Kerala,29.809696187929102,74.12800909330686,1008.1193525835404,1.727822210722954,0
2022-11-09,AWS_07_Kerala,31.788936686201613,77.78145884652669,1007.6961884419138,0.6570427602443004,0
2022-11-10,AWS_07_Kerala,30.116180161063625,73.6545815638288,1007.7596781857012,1.911058305479676,0
2022-11-11,AWS_07_Kerala,30.635974532264672,70.22359648897266,1006.7951712066848,2.5745588748046906,0
2022-11-12,AWS_07_Kerala,53.7884845612656,75.21371701114319,1007.858828058338,1.6458861410199148,1
2022-11-13,AWS_07_Kerala,30.205200305800066,72.6265307834321,1007.3904515999076,0.9385264519639474,0
2022-11-14,AWS_07_Kerala,29.393220712621734,71.01431834453633,1007.330655925719,0.5254375537720198,0
2022-11-15,AWS_07_Kerala,29.793375888975767,74.44752568200293,1007.7809341706652,0.1992746302702792,0
2022-11-16,AWS_07_Kerala,30.95817499357345,73.88626174313235,1007.6052408985108,1.0207961387796456,0
2022-11-17,AWS_07_Kerala,30.550673928908427,73.52613172404433,1006.8942541657568,1.9073015867945224,0
2022-11-18,AWS_07_Kerala,31.84987532188607,74.8746565513473,1008.1271139504894,1.1919169837723476,0
2022-11-19,AWS_07_Kerala,32.18010772073227,72.26472804579412,1008.2005034808084,1.9174084499465407,0
2022-11-20,AWS_07_Kerala,30.539720197278857,74.2589808423603,1007.4090670677936,0.612447940874733,0
2022-11-21,AWS_07_Kerala,31.310003604883203,72.05398638866195,1008.0335911756712,0.1036972801291457,0
2022-11-22,AWS_07_Kerala,27.86439335934201,76.20290444344442,1008.2126568589604,2.2116914872226605,0
2022-11-23,AWS_07_Kerala,31.43972859099189,73.58014656773356,1006.8487116319,0.3721615785809432,3
2022-11-24,AWS_07_Kerala,32.66582508546441,78.81785921766249,1007.552929342584,1.4367830196496083,3
2022-11-25,AWS_07_Kerala,29.83893629030324,72.00297854711094,1006.7497018892636,2.4467029964145537,3
2022-11-26,AWS_07_Kerala,32.45287939125702,74.48008845040401,1008.183618354028,0.2246828149191077,3
2022-11-27,AWS_07_Kerala,30.756485067940403,76.72068064593967,1008.1183824219556,1.368801855185477,3
2022-11-28,AWS_07_Kerala,30.683012283244903,74.86513007618257,1007.5963488898886,1.7537502415425368,3
2022-11-29,AWS_07_Kerala,46.94256122454032,73.60470441322035,1007.8780505315216,2.0587698389458104,3
2022-11-30,AWS_07_Kerala,31.72213025643999,74.12048254604294,1007.798594369518,0.239666290821227,3
2022-12-01,AWS_07_Kerala,33.18150389926234,74.5658756560619,1006.9922781825106,2.615449962298783,3
2022-12-02,AWS_07_Kerala,29.060874190968494,73.8699210847239,1008.69269512489,0.1483199500258932,3
2022-12-03,AWS_07_Kerala,31.182264693329024,72.86733347183193,1008.2004869170916,1.0996526650584673,3
2022-12-04,AWS_07_Kerala,33.270321520579834,75.06009165472376,1008.0314061126948,0.8788968606350636,3
2022-12-05,AWS_07_Kerala,32.494122608045906,72.53373738182282,1008.0655549082484,0.3760921863118118,3
2022-12-06,AWS_07_Kerala,32.13495488000178,69.77522199516177,1008.5194781281652,0.5391554352818185,3
2022-12-07,AWS_07_Kerala,33.41862131309609,78.84841708553854,1007.403609042583,0.2694721105252943,3
2022-12-08,AWS_07_Kerala,31.366164791599772,75.25125494547018,1007.790987689869,0.8319734758355132,3
2022-12-09,AWS_07_Kerala,34.53823509998124,69.83230551342648,1008.367034584316,0.0542351647173046,3
2022-12-10,AWS_07_Kerala,32.49130271991298,71.78390069600701,1008.8504341880566,3.296193124805856,3
2022-12-11,AWS_07_Kerala,31.68297782976893,70.76032650793547,1007.119943329362,0.2677704273710898,3
2022-12-12,AWS_07_Kerala,31.876508207369305,70.92974149332684,1008.8554968461748,3.2575689016571285,3
2022-12-13,AWS_07_Kerala,32.97289638273686,74.98231060022557,1008.0361488297752,2.9879967886956185,3
2022-12-14,AWS_07_Kerala,32.54771050182042,71.34524665452713,1008.2797474807708,0.9013366911232654,3
2022-12-15,AWS_07_Kerala,34.067451139613915,78.04981665898154,1008.4729895330474,1.0329133777459527,3
2022-12-16,AWS_07_Kerala,33.29801807393865,66.9651446192095,1007.9368741618812,0.539118474692387,3
2022-12-17,AWS_07_Kerala,32.921527113423515,72.14215831206339,1007.902524834368,8.652289494233603,3
2022-12-18,AWS_07_Kerala,34.07207958604265,68.20500496252518,1008.6599289111698,1.6665080070281015,3
2022-12-19,AWS_07_Kerala,32.832721555259056,73.15249791701942,1009.5372135230392,4.548852270119927,3
2022-12-20,AWS_07_Kerala,34.44762897951474,73.48525517767305,1008.1504501789838,0.8036943262290113,3
2022-12-21,AWS_07_Kerala,34.28235642980034,74.81531482979389,1008.1803847764004,3.2185845881687234,3
2022-12-22,AWS_07_Kerala,34.30131087746715,68.41481128255678,1008.0795136759735,0.8919485748668579,3
2022-12-23,AWS_07_Kerala,33.41574053525747,73.36990548971217,1008.6126648094382,3.0241804528327734,3
2022-12-24,AWS_07_Kerala,31.019329825504595,69.43760565134566,1008.2682623875012,0.21049146866137,0
2022-12-25,AWS_07_Kerala,33.18641530693185,72.33002625893879,1008.3132387160708,1.5194272453825084,0
2022-12-26,AWS_07_Kerala,32.90257234010944,70.70380138390632,1008.9331576612516,1.7030864285265834,0
2022-12-27,AWS_07_Kerala,30.47617296560051,68.2253278790035,1008.1401234335406,1.6014149367076689,0
2022-12-28,AWS_07_Kerala,31.344092433989843,74.17753765316765,1009.707915182,0.8886708313678757,0
2022-12-29,AWS_07_Kerala,34.006602459641336,71.22902789145479,1008.3432743425888,1.7276214390619176,0
2022-12-30,AWS_07_Kerala,50.2348159049504,74.5739838898567,1009.5312921601728,0.4105959732352919,1
2022-12-31,AWS_07_Kerala,30.24496831734926,74.78704417458304,1009.986490785285,1.358948557697908,0
2023-01-01,AWS_07_Kerala,32.0170925676779,75.93517421087482,1009.6334706940564,1.2119448032548734,0
2023-01-02,AWS_07_Kerala,32.625543904325376,70.48433284101333,1009.60573746106,0.57483536720175,0
2023-01-03,AWS_07_Kerala,33.48378853734212,69.22393026045165,1009.5013195457656,2.2634647774711265,0
2023-01-04,AWS_07_Kerala,32.17883444413642,75.62095387997739,1009.244490627379,0.1264949335731517,0
2023-01-05,AWS_07_Kerala,32.707281774974305,72.33807232387434,1009.7613314539386,0.2820984238657889,0
2023-01-06,AWS_07_Kerala,33.37036962508028,76.0892210341187,1009.0759110179868,0.9555757741864324,0
2023-01-07,AWS_07_Kerala,33.56228483009401,68.509645712709,1009.6730270373348,3.334783555109966,0
2023-01-08,AWS_07_Kerala,31.681509729647995,74.14177019796325,1009.8284478376752,1.284062404447588,0
2023-01-09,AWS_07_Kerala,32.00845149451914,72.22513464737543,1009.5628738116504,2.768375164050548,0
2023-01-10,AWS_07_Kerala,30.789022112454603,71.99387309351552,1009.207937853056,1.093378296429417,0
2023-01-11,AWS_07_Kerala,31.500934311606876,71.17813771032479,1009.620517937416,2.308860430708435,0
2023-01-12,AWS_07_Kerala,31.282581771842715,68.83840120992662,1009.2255376266492,0.5913369179605807,0
2023-01-13,AWS_07_Kerala,31.592394007041975,74.19087063795418,1009.1719323848577,2.5322535480726955,0
2023-01-14,AWS_07_Kerala,31.71413094424507,71.0550231217419,1009.8711806087296,0.7704595457529937,0
2023-01-15,AWS_07_Kerala,33.054281437617206,72.89960805832844,1009.583807719613,1.227491434295687,0
2023-01-16,AWS_07_Kerala,32.33552960905883,78.09878081759406,1009.9318026389958,0.2901614076830481,0
2023-01-17,AWS_07_Kerala,29.8675202514093,70.72952965544351,1009.653258686724,3.79673422187172,0
2023-01-18,AWS_07_Kerala,32.587476640245654,71.48785195549692,1009.8645861624774,1.8132726033266504,0
2023-01-19,AWS_07_Kerala,30.911766931485367,71.93527043226982,1010.3417019287398,2.936949400362838,0
2023-01-20,AWS_07_Kerala,30.072484489648232,71.28657378979015,1009.5939928690594,0.3495312076819555,0
2023-01-21,AWS_07_Kerala,29.96344658457057,71.42722406938836,1009.50556515028,0.1051257705450307,0
2023-01-22,AWS_07_Kerala,31.900374162419958,74.65999305268616,1009.954337002824,0.6169439543323144,0
2023-01-23,AWS_07_Kerala,33.20457857953354,76.58897578738832,1008.4819183031068,1.0906312093391877,0
2023-01-24,AWS_07_Kerala,31.26310635330256,73.06272431916557,1010.1574089373092,2.43203713666096,0
2023-01-25,AWS_07_Kerala,32.94998876818926,74.94904687640741,1009.4033293410124,0.7605652164246777,0
2023-01-26,AWS_07_Kerala,31.6360185533074,72.26964115826681,1010.7035037567816,0.4719804859388889,0
2023-01-27,AWS_07_Kerala,28.23617669070868,72.25469811962597,1010.29133278495,0.6991252542840001,0
2023-01-28,AWS_07_Kerala,32.34857623921981,71.71181521063377,1010.3851447778812,1.824105581142908,0
2023-01-29,AWS_07_Kerala,30.576538039192062,70.68228330634429,1010.4273108826864,0.6147024640857628,0
2023-01-30,AWS_07_Kerala,30.13214060506402,76.75244719820354,1009.7579505834173,5.806726615802093,0
2023-01-31,AWS_07_Kerala,32.23164158928894,71.60656058073896,1009.8872962422416,0.2885198189452829,0
2023-02-01,AWS_07_Kerala,31.461177417156986,75.01652044968608,1009.200879579165,2.098134279987917,2
2023-02-02,AWS_07_Kerala,31.461177417156986,70.74509897982266,1010.823269417035,1.3343403410966492,2
2023-02-03,AWS_07_Kerala,31.461177417156986,73.46918326552162,1009.4607795545004,0.3980896905714441,2
2023-02-04,AWS_07_Kerala,31.461177417156986,73.40619987793885,1010.1259885333776,2.101281591589292,2
2023-02-05,AWS_07_Kerala,33.72517177465561,71.00038986341487,1010.7741208686,0.8900619412934979,0
2023-02-06,AWS_07_Kerala,31.278502230857782,72.52835858175204,1010.9565759003826,1.7204356799601852,0
2023-02-07,AWS_07_Kerala,31.205817894570718,70.44570454941002,1010.0915324657772,1.62820613045487,0
2023-02-08,AWS_07_Kerala,30.784329283261137,73.78645800284653,1009.3910508786698,0.1758855546334702,0
2023-02-09,AWS_07_Kerala,28.435975866347345,68.54104217810041,1010.386400966878,2.748713062142799,0
2023-02-10,AWS_07_Kerala,29.79367295399182,73.73787180264713,1010.4638267929791,1.7160810302882747,0
2023-02-11,AWS_07_Kerala,47.16127741577194,75.95419380012251,1010.5352446079507,2.275197256048372,1
2023-02-12,AWS_07_Kerala,28.71214466965036,74.05450651510843,1010.1961079535354,0.8906746659538626,0
2023-02-13,AWS_07_Kerala,28.320693943862864,72.08652424343354,1010.3050748069676,0.3254845161387317,0
2023-02-14,AWS_07_Kerala,29.6205541404021,72.33471620320906,1010.051894432596,0.5922630286108089,0
2023-02-15,AWS_07_Kerala,30.54336284508913,78.00424093704102,1010.5026710429388,3.476079566254044,0
2023-02-16,AWS_07_Kerala,28.317575459489127,74.95321206100226,1010.8481838936572,4.171381453225136,0
2023-02-17,AWS_07_Kerala,31.43783917180153,77.11282868372086,1010.6024589829096,0.9862832281151536,0
2023-02-18,AWS_07_Kerala,30.770465712010623,77.50922991035719,1010.4719630366412,0.5324337233364613,0
2023-02-19,AWS_07_Kerala,29.911931743670426,73.44761500323018,1011.078514827828,1.9657294438771364,0
2023-02-20,AWS_07_Kerala,33.43688690291051,71.8851700517822,1010.6670904402672,2.1786064401204155,0
2023-02-21,AWS_07_Kerala,29.766155328659803,76.93494934505307,1010.576092838612,2.534884743453666,0
2023-02-22,AWS_07_Kerala,31.256747618049,72.53326423140973,1010.6207244249846,0.047365744208546,0
2023-02-23,AWS_07_Kerala,30.3051033187916,73.44325639670862,1009.997534799482,0.0146723343255116,0
2023-02-24,AWS_07_Kerala,32.07959697186255,75.63653314946441,1010.078043383645,0.6627789280388853,0
2023-02-25,AWS_07_Kerala,31.47808864447085,74.68451240193318,1010.580835983926,0.2481906733669767,0
2023-02-26,AWS_07_Kerala,29.330085209188987,68.60985714307385,1010.2936331137744,2.451994037227146,0
2023-02-27,AWS_07_Kerala,29.31261768458542,71.96317508723632,1010.6586145430534,1.1416375748309964,0
2023-02-28,AWS_07_Kerala,27.62326578382637,78.80959438942796,1011.1279883405624,2.6174408697403617,0
2023-03-01,AWS_07_Kerala,29.73578918636213,75.65720344181635,1011.0703932203936,0.2920401994760515,0
2023-03-02,AWS_07_Kerala,30.46952753571927,78.21802060143192,1010.9311880017168,1.4801611685324867,0
2023-03-03,AWS_07_Kerala,29.319730742082072,73.70510650489149,1011.1741574096068,1.3018655876326684,0
2023-03-04,AWS_07_Kerala,31.43770517779665,72.92571400560088,1011.2832992128074,0.6241331870755376,0
2023-03-05,AWS_07_Kerala,29.478028403358746,78.54959453664777,1011.2810474922012,1.0918604454507208,0
2023-03-06,AWS_07_Kerala,31.054372528737904,80.39619938538226,1011.2840138560032,1.3338436005509615,0
2023-03-07,AWS_07_Kerala,28.860791452985342,74.01310493690693,1010.2146203381504,3.3039440968838525,0
2023-03-08,AWS_07_Kerala,27.28782256102186,79.80989749823715,1009.8826854953828,0.0858691787887475,0
2023-03-09,AWS_07_Kerala,28.01066697020867,73.95373077956887,1010.4518287841008,2.6005800334281264,0
2023-03-10,AWS_07_Kerala,28.82030081505488,72.09936771705443,1010.626687926434,5.879809802694289,0
2023-03-11,AWS_07_Kerala,27.66417183604476,78.89595398068144,1011.3319737181694,1.973893972651087,0
2023-03-12,AWS_07_Kerala,26.225254674074485,74.40260340738841,1010.8314692535704,2.0053821630964164,0
2023-03-13,AWS_07_Kerala,25.62320654289192,73.76664711524496,1010.6512839678386,0.3688015068799433,0
2023-03-14,AWS_07_Kerala,30.06594639321244,73.96229684394243,1010.9838798856416,1.110588643080149,0
2023-03-15,AWS_07_Kerala,29.04100093962482,76.61569993451751,1011.1803851617648,1.8359588095046,0
2023-03-16,AWS_07_Kerala,28.79397262806529,72.68934061129697,1011.3101334889578,1.3830143462247428,0
2023-03-17,AWS_07_Kerala,28.55009438676772,79.70649085982919,1010.724967027452,0.7295205440815826,0
2023-03-18,AWS_07_Kerala,27.39309615723224,79.50180284177566,1010.461620678736,4.223079251412166,0
2023-03-19,AWS_07_Kerala,29.32207896714106,79.63305530794919,1010.5589247969532,1.082279061538283,0
2023-03-20,AWS_07_Kerala,25.437657310999317,81.94856682147186,1011.015758773484,5.253642923601455,0
2023-03-21,AWS_07_Kerala,24.83611856833124,81.37284616648469,1010.4364794526462,1.2447419131610546,0
2023-03-22,AWS_07_Kerala,27.57518319440198,75.87281178725901,1011.4430982887332,2.3653359044471185,0
2023-03-23,AWS_07_Kerala,27.987344177353705,80.75391860964714,1010.453367831634,2.032327867766897,0
2023-03-24,AWS_07_Kerala,26.381530213358825,82.20136438228114,1010.2010998285766,1.621853204221836,0
2023-03-25,AWS_07_Kerala,25.232402208665512,81.44667668481765,1011.0621212073054,0.0218496342637935,0
2023-03-26,AWS_07_Kerala,28.42290452300181,81.80817239869674,1010.8504330062505,0.1208866565862945,0
2023-03-27,AWS_07_Kerala,26.8341149954942,78.82622043553685,1011.2274371433638,1.3065612699572948,0
2023-03-28,AWS_07_Kerala,28.40660834668098,77.47075035894868,1010.745116561934,3.641906550342729,0
2023-03-29,AWS_07_Kerala,29.238142315828156,78.84897496764627,1011.1984356200928,1.3787234698998718,0
2023-03-30,AWS_07_Kerala,24.78823366688031,77.59465985162177,1011.502101811751,0.4037733731690895,0
2023-03-31,AWS_07_Kerala,27.42755767268788,82.83796610226193,1010.6878637022298,0.5789755668710244,0
2023-04-01,AWS_07_Kerala,27.39590733751909,80.5255711154094,1011.2562751851322,1.4639013759829935,0
2023-04-02,AWS_07_Kerala,28.05208705562561,82.57446751088689,1011.8977212056144,1.363430814867849,0
2023-04-03,AWS_07_Kerala,26.04927957090489,75.89463047262456,1011.3847540838968,4.675254446148255,0
2023-04-04,AWS_07_Kerala,26.847139098520007,79.03916526475103,1010.6011488649624,1.1296151137537658,0
2023-04-05,AWS_07_Kerala,27.77795942062197,77.44034151263715,1011.1632629568942,0.6577920529189113,0
2023-04-06,AWS_07_Kerala,27.24824434460216,75.7762583548542,1010.3425078299,1.1166378391474872,0
2023-04-07,AWS_07_Kerala,28.84432060408386,81.69027448713392,1010.4113582514276,2.314309862859165,0
2023-04-08,AWS_07_Kerala,25.11764754773225,77.73393969752013,1011.7323911304396,1.1659799768251993,0
2023-04-09,AWS_07_Kerala,26.64546315097504,79.94510112211687,1011.186182068024,0.5919047083431022,0
2023-04-10,AWS_07_Kerala,26.12029828043181,78.28594365634109,1011.7465452625542,0.6201424605608609,0
2023-04-11,AWS_07_Kerala,25.854968061828004,80.11400337585812,1011.1849715081412,2.1208795933941555,0
2023-04-12,AWS_07_Kerala,26.962216366112276,83.23850530258737,1010.6931477941184,0.1031383646713919,0
2023-04-13,AWS_07_Kerala,26.1690140835357,78.73700701405699,1010.9808179569671,0.4818691964708413,0
2023-04-14,AWS_07_Kerala,24.312458425111704,80.38064627364342,1011.0860868895934,0.2491484489438423,0
2023-04-15,AWS_07_Kerala,27.25660441503433,83.46112816413151,1012.0510419950684,4.341812757236443,0
2023-04-16,AWS_07_Kerala,26.62943895363488,84.05441298980564,1011.2873871999018,0.1416214061035924,0
2023-04-17,AWS_07_Kerala,27.87296487860733,80.96060048624327,1010.5552168681322,2.129364837205536,0
2023-04-18,AWS_07_Kerala,26.66888345724114,83.16077455045274,1010.8207560729531,1.4931046846079417,0
2023-04-19,AWS_07_Kerala,25.175617574086168,84.85876407703222,1011.1437594931456,1.5027909070585272,0
2023-04-20,AWS_07_Kerala,25.105243384998907,79.36721290528878,1010.3526903764638,2.162285891747901,0
2023-04-21,AWS_07_Kerala,26.886357352163945,80.52666984487004,1010.8766200666454,0.7674588621791539,0
2023-04-22,AWS_07_Kerala,24.1010947416411,81.67563625653523,1010.7713562738072,0.7680980003262603,0
2023-04-23,AWS_07_Kerala,23.814056471379804,84.26626205907756,1011.1043468321882,0.5110036895817535,0
2023-04-24,AWS_07_Kerala,25.42211760742312,83.61409763113467,1010.7991761880364,1.366022377211996,0
2023-04-25,AWS_07_Kerala,22.7711592201343,83.37417574643023,1010.136126178813,3.9847226807020526,0
2023-04-26,AWS_07_Kerala,25.45666498147654,80.22216127649271,1010.7984729759564,3.8652013537207024,0
2023-04-27,AWS_07_Kerala,25.56006793795032,86.04382624505102,1011.1908293818426,1.8208360980721323,0
2023-04-28,AWS_07_Kerala,24.408518355754204,82.05824277406217,1011.5142794456912,3.549658109596262,0
2023-04-29,AWS_07_Kerala,26.813398727796155,82.87821265060218,1011.2571692022016,4.966438495276802,0
2023-04-30,AWS_07_Kerala,26.317203103602445,84.38552879609126,1009.962153726216,2.377886022007204,0
2023-05-01,AWS_07_Kerala,23.38253887726625,89.83920288396735,1010.0752700714996,0.7859507171636,0
2023-05-02,AWS_07_Kerala,25.45883757477074,82.11633819104517,1010.1976628497996,0.9902214557190876,0
2023-05-03,AWS_07_Kerala,25.878093213139834,82.08489866281774,1011.4614461963392,4.016068805156376,0
2023-05-04,AWS_07_Kerala,24.452290230492213,83.15129016013596,1010.9379919195172,1.663030643025667,0
2023-05-05,AWS_07_Kerala,23.60806801279208,87.8735999737299,1011.9915115843928,2.577991828492435,0
2023-05-06,AWS_07_Kerala,22.52106552809253,84.95294847120901,1011.2949194936529,0.1851408365665247,0
2023-05-07,AWS_07_Kerala,23.276200323224245,85.74600644526022,1010.6807714015132,0.3233238452578647,0
2023-05-08,AWS_07_Kerala,22.41393035329129,87.15066705172785,1010.385219846692,0.6326397753573124,0
2023-05-09,AWS_07_Kerala,25.34341886203196,88.22286282921877,1010.7794510749736,0.3128270348845186,0
2023-05-10,AWS_07_Kerala,23.523932556795963,82.94004689909453,1010.991852530723,3.554130408574639,0
2023-05-11,AWS_07_Kerala,24.621960615531,86.6252066893609,1011.1552392975658,0.3667242090594089,0
2023-05-12,AWS_07_Kerala,25.663712262666422,88.62080445421381,1010.3832743965536,1.221900449978843,0
2023-05-13,AWS_07_Kerala,24.02626041941361,85.88480897834931,1011.6013273455658,0.1339910545828584,0
2023-05-14,AWS_07_Kerala,25.409312508263508,82.91333098335997,1010.4602675813968,0.2525602509022906,0
2023-05-15,AWS_07_Kerala,23.05456421649307,82.42712579622902,1011.0507205596456,0.426362266906651,0
2023-05-16,AWS_07_Kerala,47.08174521160095,86.92634707463907,1010.6037175694008,6.102436517698883,1
2023-05-17,AWS_07_Kerala,23.7649770204792,82.21013844444964,1010.2340102718408,2.39229513477418,0
2023-05-18,AWS_07_Kerala,22.344390680412765,83.32610518251447,1009.4047619142092,1.6792409666655297,0
2023-05-19,AWS_07_Kerala,22.87352278329573,84.39041456140923,1009.7421175210088,3.720093313888982,0
2023-05-20,AWS_07_Kerala,25.402264068844502,86.79412784915523,1010.924495498085,4.692478775403603,0
2023-05-21,AWS_07_Kerala,22.705227664936903,87.79450870819768,1010.6864813624428,0.9065316010830184,0
2023-05-22,AWS_07_Kerala,20.672749854993768,84.0032194550987,1010.580435639176,0.5955523746030067,0
2023-05-23,AWS_07_Kerala,22.59265972628587,82.33065146523069,1011.0346022508436,0.5681953168184345,0
2023-05-24,AWS_07_Kerala,21.92908054642951,88.75522885106167,1009.7409618031896,0.0545745141156325,0
2023-05-25,AWS_07_Kerala,23.689987334048748,88.41709121091463,1009.9672343988694,0.4920023184820762,0
2023-05-26,AWS_07_Kerala,23.87710577704303,87.88030545365812,1009.9733873618532,0.6578643475395305,0
2023-05-27,AWS_07_Kerala,23.44211894599532,87.67794585791086,1009.4781696652572,0.056395238099511,0
2023-05-28,AWS_07_Kerala,22.24193545833264,85.43831859364231,1009.7195971108162,3.213314086994616,0
2023-05-29,AWS_07_Kerala,22.89737722385857,86.17340727899513,1009.5542309920278,2.824399011604292,0
2023-05-30,AWS_07_Kerala,22.289388061824507,87.00786358325189,1009.2765299460332,0.4345279562407314,0
2023-05-31,AWS_07_Kerala,20.546999918852237,84.32365242096499,1009.5836620860092,2.433472452803728,0
2023-06-01,AWS_07_Kerala,22.50531078407245,88.07281757381058,1009.969572500938,7.158035015235336,0
2023-06-02,AWS_07_Kerala,26.58595764914849,87.3480947518127,1010.8660958679108,1.8359434173684208,0
2023-06-03,AWS_07_Kerala,21.045883820536243,86.65022802894097,1009.4326951989616,5.37411171881468,0
2023-06-04,AWS_07_Kerala,19.767594695743707,89.85774448511488,1010.448544766089,1.540305453884313,0
2023-06-05,AWS_07_Kerala,24.64719810347485,86.87880698517537,1009.991628690444,0.3279049415665954,0
2023-06-06,AWS_07_Kerala,23.147014407720423,89.22042522362106,1010.0684858935,3.162551325694157,0
2023-06-07,AWS_07_Kerala,22.885036916894776,83.73294620842432,1009.891105162397,2.595759847847352,0
2023-06-08,AWS_07_Kerala,21.86570511176492,89.87491709988858,1008.8604279382622,0.6690483858999887,0
2023-06-09,AWS_07_Kerala,22.709755524254927,89.21993066414578,1009.2295845225898,3.034935525442632,0
2023-06-10,AWS_07_Kerala,22.41620531856493,93.94376752880936,1010.0102172370938,13.424960180991384,0
2023-06-11,AWS_07_Kerala,24.27426304294885,92.3097302114274,1009.7143195725588,5.915279169663551,0
2023-06-12,AWS_07_Kerala,23.654490568417238,90.3625625280262,1008.835965174734,6.042355908170315,0
2023-06-13,AWS_07_Kerala,23.154769503742216,85.98142295088411,1009.5174784085724,6.376333746609755,0
2023-06-14,AWS_07_Kerala,21.20108780136877,84.98396217615965,1009.8896069475264,6.142755213135173,0
2023-06-15,AWS_07_Kerala,22.54377599787292,85.50444808984952,1008.933547981864,0.0904596131390788,0
2023-06-16,AWS_07_Kerala,21.25380775012914,89.24536328801045,1009.3290122593914,11.637696489796287,0
2023-06-17,AWS_07_Kerala,23.997652134931236,91.63479079838068,1010.2532267580812,7.977453972831406,0
2023-06-18,AWS_07_Kerala,21.06193462663324,84.15222524540604,1009.7552695979092,1.4445164909603476,0
2023-06-19,AWS_07_Kerala,21.91354151170511,85.28526204345236,1010.2203722620476,3.620803654143486,0
2023-06-20,AWS_07_Kerala,20.467513680990542,87.94397674401797,1009.2051723002932,4.29537306279929,0
2023-06-21,AWS_07_Kerala,21.3342508838567,84.46305383055962,1009.900375709788,0.6367510611712829,0
2023-06-22,AWS_07_Kerala,21.302565747061674,86.62482705725188,1008.8098275551552,1.3184126428435508,0
2023-06-23,AWS_07_Kerala,21.824350124560755,91.64880119577244,1009.7067607257792,0.1058624581160887,0
2023-06-24,AWS_07_Kerala,20.692170307850287,90.09779244755502,1008.9000176057808,8.97635455489145,0
2023-06-25,AWS_07_Kerala,23.85471013649273,90.438568332839,1009.4518976411314,0.113492017624592,0
2023-06-26,AWS_07_Kerala,21.741795687918923,85.01067843718651,1009.4429261040232,1.7268589444838414,0
2023-06-27,AWS_07_Kerala,21.214565166394788,82.73825968824899,1009.4988896293916,0.3666484669387282,0
2023-06-28,AWS_07_Kerala,23.163602442983727,86.69840761989414,1008.6163807220996,6.842424659689435,0
2023-06-29,AWS_07_Kerala,25.24822790902408,81.00977309979025,1009.2442593600026,11.655168747466146,0
2023-06-30,AWS_07_Kerala,21.395312866082985,89.3551215655605,1009.0641825579002,3.7233011261570255,0
2023-07-01,AWS_07_Kerala,21.63245392823458,90.24181689216051,1009.6444241996136,0.6764369208523828,0
2023-07-02,AWS_07_Kerala,20.892744879960496,85.64272009364426,1008.6627122823588,3.675642281631126,0
2023-07-03,AWS_07_Kerala,22.99470941084177,89.74362840372275,1008.2952667209324,6.620223246981196,0
2023-07-04,AWS_07_Kerala,23.437686832757844,89.72267557251551,1008.0912927849938,5.702963414951416,0
2023-07-05,AWS_07_Kerala,21.939505287210157,84.62197482861448,1008.7367333332128,6.091682229801624,0
2023-07-06,AWS_07_Kerala,21.357443413958467,86.77646942732292,1008.6317901011124,1.4731077774656116,0
2023-07-07,AWS_07_Kerala,22.823333470266107,86.56059165673494,1008.6606149079614,0.3446893420576502,0
2023-07-08,AWS_07_Kerala,23.140772147413344,90.74840935426884,1008.6287008115024,0.7258519053513439,0
2023-07-09,AWS_07_Kerala,24.37267710080642,90.13051447960724,1009.4397114801576,14.005853246434157,0
2023-07-10,AWS_07_Kerala,21.179629147855792,89.63140005787339,1008.6348940778486,4.277968203295582,0
2023-07-11,AWS_07_Kerala,23.345213860153116,86.20959798264522,1009.2400289574696,5.8571288311357605,0
2023-07-12,AWS_07_Kerala,22.2401265096078,91.96680513285094,1008.8326072232128,10.319735201863171,0
2023-07-13,AWS_07_Kerala,19.49623459707061,88.38737480130892,1008.1502606839168,8.620445111238956,0
2023-07-14,AWS_07_Kerala,24.398614484296807,89.30221951134175,1008.577190919797,1.1088654517647396,0
2023-07-15,AWS_07_Kerala,22.58062882927444,92.97682781620128,1009.3121519306684,0.2691618662710725,0
2023-07-16,AWS_07_Kerala,23.065156959011933,89.73918126670706,1009.013539948704,11.663900877999607,0
2023-07-17,AWS_07_Kerala,23.596405396387865,87.35759495032656,1009.073923513072,17.996053840573985,0
2023-07-18,AWS_07_Kerala,23.094420865270436,86.1853033577925,1008.6919516394412,3.770157470727724,0
2023-07-19,AWS_07_Kerala,20.77467737094152,82.43808273605798,1008.1679424336515,9.86783124252036,0
2023-07-20,AWS_07_Kerala,23.26342889729335,82.89854968323846,1009.1938114382024,1.1867672516124772,0
2023-07-21,AWS_07_Kerala,23.024008293879227,90.12088240693342,1008.620926728299,0.5296571173684569,0
2023-07-22,AWS_07_Kerala,19.803352253656783,81.579383334293,1008.7742263596398,3.117515050729096,0
2023-07-23,AWS_07_Kerala,24.837609804473757,90.49219001951998,1008.3308408755184,7.501406438681728,0
2023-07-24,AWS_07_Kerala,21.804389340225484,89.817578899162,1007.7278908323436,4.784433187520381,0
2023-07-25,AWS_07_Kerala,23.896921571826947,84.75934418802873,1008.4102929841176,4.564056779185727,0
2023-07-26,AWS_07_Kerala,21.93412578700376,87.84373233174722,1009.0282621235476,0.0792590059075884,0
2023-07-27,AWS_07_Kerala,21.674216870242287,88.97013051469467,1008.5541261493852,1.718920520370749,0
2023-07-28,AWS_07_Kerala,22.392900170136024,87.45783147504942,1008.3958800954506,12.622690224512477,0
2023-07-29,AWS_07_Kerala,25.73244895121756,90.8138911804192,1007.658242636615,0.6488382861391371,0
2023-07-30,AWS_07_Kerala,25.609174944868197,82.88009655476948,1008.819202850648,5.831836342353951,0
2023-07-31,AWS_07_Kerala,21.829164989933787,88.50295456110415,1008.7010747203263,6.409126234401464,0
2023-08-01,AWS_07_Kerala,24.54447693018087,85.0957128610623,1007.106387920682,5.939470161919785,0
2023-08-02,AWS_07_Kerala,22.75229597137337,81.63804017867986,1008.432332954896,20.41245345051355,0
2023-08-03,AWS_07_Kerala,25.78976774199467,83.29964780880624,1007.8138119969352,2.3683123220464823,0
2023-08-04,AWS_07_Kerala,24.537907906245486,85.13278133635248,1008.0553575226216,5.158405047608294,0
2023-08-05,AWS_07_Kerala,23.2747327353187,86.69992449792872,1007.4720245612564,0.968596780367924,0
2023-08-06,AWS_07_Kerala,23.02699864949895,83.84886010778737,1007.9128393196288,2.296540201740675,0
2023-08-07,AWS_07_Kerala,23.86749943137789,84.95384802240775,1007.2742886097416,3.043841622399407,0
2023-08-08,AWS_07_Kerala,23.73136322559014,85.20232812346494,1007.39513193444,1.0883335160810834,0
2023-08-09,AWS_07_Kerala,21.40452119923085,83.66778985773293,1008.0282784386724,10.67905271382682,0
2023-08-10,AWS_07_Kerala,23.42373435146053,84.52110710892042,1007.3640636660904,5.667650413661147,0
2023-08-11,AWS_07_Kerala,22.189184114763048,87.85213541134063,1007.9303463310492,1.5018158543236035,0
2023-08-12,AWS_07_Kerala,22.427992675959143,90.99082932583656,1007.744547210654,0.6523893635611802,0
2023-08-13,AWS_07_Kerala,24.95130859362204,86.57783185196739,1008.8548563395198,1.5277097179953265,0
2023-08-14,AWS_07_Kerala,23.64315280916155,86.2548478059562,1007.3150540774632,4.389620932776562,0
2023-08-15,AWS_07_Kerala,22.71488402027939,85.52420492067299,1007.4453279682272,7.879730570306219,0
2023-08-16,AWS_07_Kerala,21.63906242128745,84.49630986546195,1007.23058932151,3.147767350143976,0
2023-08-17,AWS_07_Kerala,22.35404962811804,87.29832395681926,1008.2795097283451,0.4866130072053094,0
2023-08-18,AWS_07_Kerala,23.491238906145064,88.42085964770594,1007.5941213337196,1.2904604009889848,0
2023-08-19,AWS_07_Kerala,26.17248905916774,81.8851717837489,1007.4368650305206,1.9050290628689488,0
2023-08-20,AWS_07_Kerala,22.134377814327934,88.38206316374117,1007.8798159759532,4.549391121617203,0
2023-08-21,AWS_07_Kerala,24.21540587181531,90.03914643115323,1007.0371429665392,1.2744745119016343,0
2023-08-22,AWS_07_Kerala,24.45016189471449,82.03397779984775,1006.7791493231584,1.1991583414604523,0
2023-08-23,AWS_07_Kerala,25.74060186158093,87.71142914176602,1007.5712748064616,1.5171978860069104,0
2023-08-24,AWS_07_Kerala,24.1620361394421,89.74658655751861,1007.4886973190096,4.040035306083087,0
2023-08-25,AWS_07_Kerala,24.65565909305995,86.87768236422049,1007.0188019858232,3.053318931679949,0
2023-08-26,AWS_07_Kerala,25.886690034239287,84.09044479470428,1007.5447291986062,8.292864614780914,0
2023-08-27,AWS_07_Kerala,23.01865082408131,86.841683477519,1008.2722227012456,5.386968730170778,0
2023-08-28,AWS_07_Kerala,25.44259353335565,81.95318661259631,1007.5519708612612,4.945851058364235,0
2023-08-29,AWS_07_Kerala,22.237183646822974,83.33734799867072,1006.3183994425888,0.7560207429616104,0
2023-08-30,AWS_07_Kerala,24.49757169690768,81.96001282342633,1007.9999092635765,0.2556514677586954,0
2023-08-31,AWS_07_Kerala,24.119172009084217,79.99808695320993,1008.2683944542064,3.210064067943779,0
2023-09-01,AWS_07_Kerala,23.466705967236862,84.04476278935711,1007.5211540252112,0.3345186792345527,0
2023-09-02,AWS_07_Kerala,26.083834453801856,84.71174593289994,1007.3256355021318,0.6788773286014285,0
2023-09-03,AWS_07_Kerala,26.24410416524184,85.66491041994323,1006.450148879538,0.0396889940796784,0
2023-09-04,AWS_07_Kerala,26.381650202531677,70.11945855842048,1006.775545450293,0.2918504986154476,0
2023-09-05,AWS_07_Kerala,25.42515128595055,83.97922446019427,1007.0398198305658,0.175420855962799,0
2023-09-06,AWS_07_Kerala,23.084737344518015,83.54279298558451,1006.8115701932264,2.421562650287522,0
2023-09-07,AWS_07_Kerala,24.518823057864115,79.90813963447796,1006.9101290924608,0.6372612599450782,0
2023-09-08,AWS_07_Kerala,26.6003746521522,81.7202342023325,1007.213171109186,0.1231929146752575,0
2023-09-09,AWS_07_Kerala,26.6604201447026,85.188649199176,1006.7962809723252,0.4628074991974965,0
2023-09-10,AWS_07_Kerala,27.046804897935488,83.08937648019194,1007.8859663473288,1.7223724223550674,0
2023-09-11,AWS_07_Kerala,25.803792652209864,82.61449027576009,1007.1516971982408,2.053479158407498,0
2023-09-12,AWS_07_Kerala,25.141152661759943,85.21629923758782,1007.3555456948586,0.1915201825778988,0
2023-09-13,AWS_07_Kerala,22.54768886054331,89.35107528745839,1007.3472882163232,2.261449033570975,0
2023-09-14,AWS_07_Kerala,26.872174990262877,81.54715404735057,1007.2738878998742,0.6943851096453172,0
2023-09-15,AWS_07_Kerala,25.5122103353608,82.88282915567285,1007.096785460912,1.706260473073235,0
2023-09-16,AWS_07_Kerala,23.863382795524352,79.33475491050667,1007.5638595347508,1.6698632295738531,0
2023-09-17,AWS_07_Kerala,26.97163512020992,88.31027002181303,1007.6603514054768,2.3668559698497824,0
2023-09-18,AWS_07_Kerala,28.040714037489167,80.1223432127797,1006.0163635977568,1.791938836253698,0
2023-09-19,AWS_07_Kerala,27.29645244282185,76.18345020350175,1006.3221992548994,0.0594658404313594,0
2023-09-20,AWS_07_Kerala,27.09239204337591,83.33733440298253,1006.762748271384,1.0993331099705368,0
2023-09-21,AWS_07_Kerala,27.56484832927173,76.50589787683593,1006.4703147590158,0.2726087018997892,0
2023-09-22,AWS_07_Kerala,22.15377668258538,85.08553013639992,1006.655113029284,5.2580647677805255,0
2023-09-23,AWS_07_Kerala,28.91666833435519,82.83199851264759,1006.7913572458532,0.4432378116010492,0
2023-09-24,AWS_07_Kerala,25.2327216428118,77.84373414328842,1006.8850323483306,0.8173684214517829,0
2023-09-25,AWS_07_Kerala,25.449908587776736,82.80229701430613,1006.2642137540964,0.328544571709878,0
2023-09-26,AWS_07_Kerala,25.884964178828124,79.65198779288151,1006.7995636864,0.2168263425245756,0
2023-09-27,AWS_07_Kerala,26.14231078346743,81.79641535009993,1007.715503644056,1.377926157099313,0
2023-09-28,AWS_07_Kerala,29.014004653680782,76.5345179199588,1006.8765422336234,1.019398012427018,0
2023-09-29,AWS_07_Kerala,27.665148225880003,76.21243616142243,1007.2968965704736,0.7041890279345426,0
2023-09-30,AWS_07_Kerala,25.91769225896181,81.05689130412806,1006.9665138401748,0.1339338994549136,0
2023-10-01,AWS_07_Kerala,26.230789005092635,85.61722016689623,1007.0574603937404,1.9974783989558729,0
2023-10-02,AWS_07_Kerala,30.84913504851096,77.89246713645234,1006.9427098406184,0.0088102698840533,0
2023-10-03,AWS_07_Kerala,27.72316439362722,77.52787156047609,1007.3729961491748,0.9177976449116728,0
2023-10-04,AWS_07_Kerala,26.631848529830123,78.53650952987334,1006.5926871115388,1.5018417684349052,0
2023-10-05,AWS_07_Kerala,45.41229069431556,75.44510531094141,1007.0908744798217,0.8450501646319769,1
2023-10-06,AWS_07_Kerala,24.93771679659943,80.9364045296102,1006.7196740358862,0.202371065917467,0
2023-10-07,AWS_07_Kerala,25.86157582265096,81.84703669571438,1007.3466651166722,2.259306216801846,0
2023-10-08,AWS_07_Kerala,27.76615313638208,80.45080732593274,1006.4615735437234,0.5872189433739358,0
2023-10-09,AWS_07_Kerala,29.37182244930897,78.35839346491478,1007.3454109175236,0.2171148182765761,0
2023-10-10,AWS_07_Kerala,28.71690859315328,75.65705163658376,1007.129578766256,1.1986478552788058,0
2023-10-11,AWS_07_Kerala,29.638749021739503,84.78564261826077,1006.398698844456,0.0290365724994462,0
2023-10-12,AWS_07_Kerala,28.81091976214149,75.88806319403373,1007.9104470001806,0.5874846366843014,0
2023-10-13,AWS_07_Kerala,26.207806570012764,75.68202387120826,1007.323223067998,2.083300719403086,0
2023-10-14,AWS_07_Kerala,28.76786254361492,72.81552121460048,1006.508963623798,3.6578018994518224,0
2023-10-15,AWS_07_Kerala,28.91568311712688,73.79190771405904,1007.1382452695806,1.343730504026408,0
2023-10-16,AWS_07_Kerala,28.117411305986543,78.97275470747742,1006.2488561660213,0.3681059518245376,0
2023-10-17,AWS_07_Kerala,27.92152144406487,76.51088652494627,1006.2205191944862,0.3726923287826745,0
2023-10-18,AWS_07_Kerala,28.240600394738664,75.06754188126692,1007.685654564941,1.389025559937901,0
2023-10-19,AWS_07_Kerala,26.225458988013425,75.13445995153468,1006.497840523196,0.7832386758893811,0
2023-10-20,AWS_07_Kerala,26.628463542465774,75.85599246963662,1007.502476375365,0.2926804058358547,0
2023-10-21,AWS_07_Kerala,32.5205018706456,75.27427724566131,1007.7039159654444,2.322493333165037,0
2023-10-22,AWS_07_Kerala,26.911283713311477,81.34641537720121,1006.6403120189912,0.335171089643981,0
2023-10-23,AWS_07_Kerala,26.21868014069824,75.89436296112316,1008.1849047612392,0.582117583348837,0
2023-10-24,AWS_07_Kerala,27.867651952162152,77.32032014931704,1007.2044179162287,0.0950958610138842,0
2023-10-25,AWS_07_Kerala,29.715821336859914,76.9342146953993,1007.1959229254572,1.8128355091249624,0
2023-10-26,AWS_07_Kerala,29.94728221689226,76.91067117636312,1006.6868642484674,0.4829505690615078,0
2023-10-27,AWS_07_Kerala,27.6473267414605,75.39493135124616,1006.7106689031892,0.3976425610471473,0
2023-10-28,AWS_07_Kerala,29.40523452169964,74.96063483977503,1006.119060796411,0.5422260608844996,0
2023-10-29,AWS_07_Kerala,28.519887354641494,78.1904601584765,1006.8434380103624,3.108764827497822,0
2023-10-30,AWS_07_Kerala,29.69797712729427,76.79895480425529,1007.831347835074,1.0947745404385325,0
2023-10-31,AWS_07_Kerala,29.04767862434239,73.74428604417969,1006.7559770047806,0.2577575605718412,0
2023-11-01,AWS_07_Kerala,28.520793316130653,67.32147371639097,1006.8168508797852,2.234025549867986,0
2023-11-02,AWS_07_Kerala,28.66169113746292,73.96250742681565,1006.6572517725294,0.3506494962262895,0
2023-11-03,AWS_07_Kerala,26.40944313779117,71.58598377299208,1006.6381311509213,0.7977576524425127,0
2023-11-04,AWS_07_Kerala,29.447787230151405,72.78204115779471,1007.7814464302252,1.259257820489208,0
2023-11-05,AWS_07_Kerala,29.73655803340146,71.47167695031473,1006.7496211166776,1.3172029271772605,0
2023-11-06,AWS_07_Kerala,27.80874478017473,78.80429626129376,1007.3110505616366,0.1072957486283497,0
2023-11-07,AWS_07_Kerala,29.485846590710647,78.67202003410294,1007.2196329236426,2.719209539281649,0
2023-11-08,AWS_07_Kerala,29.67654631741493,77.37900415092656,1007.8964174379096,0.979248560577471,0
2023-11-09,AWS_07_Kerala,27.34683828975489,73.99513443836175,1007.0212617324923,6.800768013998382,0
2023-11-10,AWS_07_Kerala,29.036447041920077,72.89230066306003,1007.2457027677322,1.895809325251776,0
2023-11-11,AWS_07_Kerala,29.054971820718396,70.30140569848759,1006.9371768184936,7.353122938865361,0
2023-11-12,AWS_07_Kerala,30.59388519692502,77.42434240285394,1007.1859380867988,0.9062635209795736,0
2023-11-13,AWS_07_Kerala,32.25591038363296,77.18494933308816,1007.0784844355472,0.2275978737663143,0
2023-11-14,AWS_07_Kerala,30.52168806751277,75.95693955715876,1007.4803571596042,1.9491260634036436,0
2023-11-15,AWS_07_Kerala,32.25201873147109,71.05402019512184,1008.377117161602,2.2559980065738734,0
2023-11-16,AWS_07_Kerala,30.23965796672029,73.2714527493795,1007.4993212379608,2.874304039480581,0
2023-11-17,AWS_07_Kerala,31.189900937615235,73.82869937917926,1008.2132643940694,0.5381206890093513,0
2023-11-18,AWS_07_Kerala,30.79182748868929,68.79262350945226,1008.1236172128544,1.0721201234752211,0
2023-11-19,AWS_07_Kerala,34.3662903770837,78.28786859777111,1007.6554286627056,2.922678587009006,0
2023-11-20,AWS_07_Kerala,30.576994778392116,69.85601187948772,1008.1835109698796,3.0007929057888703,0
2023-11-21,AWS_07_Kerala,32.03450081778141,71.48389863028096,1007.8444713395432,0.0390291473370481,0
2023-11-22,AWS_07_Kerala,31.218986522680375,68.42058354890096,1007.0414815432556,1.6671669362880897,0
2023-11-23,AWS_07_Kerala,32.656279272867806,73.04074284776294,1007.7636054419664,1.3807770423620551,0
2023-11-24,AWS_07_Kerala,31.96786096172604,72.82296988587063,1007.9135236769996,0.1305243375476818,0
2023-11-25,AWS_07_Kerala,31.581340233232154,76.42809360916985,1008.719883650194,3.991808882951472,0
2023-11-26,AWS_07_Kerala,29.40714053426925,70.56591667000953,1007.400766916018,0.8841872850582599,0
2023-11-27,AWS_07_Kerala,29.587453594397164,70.0755902425303,1008.1240419015624,1.682473098158721,0
2023-11-28,AWS_07_Kerala,30.29050706675272,73.49697773436888,1007.3085929565284,3.21578188847362,0
2023-11-29,AWS_07_Kerala,30.8216161205409,66.95702781527416,1008.7246267538114,0.2091018583949048,0
2023-11-30,AWS_07_Kerala,31.47152445283664,77.10677144233507,1008.594513108902,2.905279936537988,0
2023-12-01,AWS_07_Kerala,30.427349902152763,69.07836617226992,1007.4129872287002,1.932693571399398,0
2023-12-02,AWS_07_Kerala,28.42399770662292,78.42731136547522,1008.9131068814168,2.7450550748967806,0
2023-12-03,AWS_07_Kerala,32.9714159994383,70.53529996399288,1008.611444225324,1.0243073494916808,0
2023-12-04,AWS_07_Kerala,32.14055009756909,68.56800922286988,1008.7361441623432,0.0510874635007723,0
2023-12-05,AWS_07_Kerala,31.59788489900488,74.53722957750001,1008.9193955064368,1.6653405154420304,0
2023-12-06,AWS_07_Kerala,33.42487566596913,74.30598506348751,1008.728697249345,0.7038836916242992,0
2023-12-07,AWS_07_Kerala,30.37382975557924,74.32233597953021,1008.0288818378384,0.7722902131586119,0
2023-12-08,AWS_07_Kerala,31.416847872271447,72.9206500915021,1008.9798327218,0.8731124556610159,0
2023-12-09,AWS_07_Kerala,31.88502115217312,79.2860344987718,1007.8139244624236,1.018599087150962,0
2023-12-10,AWS_07_Kerala,31.05408572432044,68.46852737943462,1007.9049583148824,1.6267722363295722,0
2023-12-11,AWS_07_Kerala,30.513090785371965,76.55423563087832,1008.097282117605,1.946193183743491,0
2023-12-12,AWS_07_Kerala,33.047093750573765,67.59738337455754,1008.524253042214,2.2498147821735817,0
2023-12-13,AWS_07_Kerala,32.18790110735022,77.33666577559907,1007.9312308376795,1.6703126308504546,0
2023-12-14,AWS_07_Kerala,32.723450099925344,73.39793764519717,1007.8241526430724,2.440482179893792,0
2023-12-15,AWS_07_Kerala,30.576102367607984,76.97962367779934,1007.9980509933142,0.1954179606576843,0
2023-12-16,AWS_07_Kerala,33.07920734134486,74.94160258705634,1008.3077053626724,2.7193306366090835,0
2023-12-17,AWS_07_Kerala,30.920593359739524,65.70735576166112,1008.5578975797064,0.7347685913476871,0
2023-12-18,AWS_07_Kerala,32.24615194467688,71.1854876370009,1008.1755512249156,1.1286347223267497,0
2023-12-19,AWS_07_Kerala,34.86308241449423,68.41042964033412,1007.9840441742228,0.8531572874049421,0
2023-12-20,AWS_07_Kerala,33.18874512885604,76.62429260213996,1008.8184528865556,0.9685860809931864,0
2023-12-21,AWS_07_Kerala,32.434929510803904,74.5200297350699,1009.5599070740072,0.5041066144065747,0
2023-12-22,AWS_07_Kerala,33.965856954239484,72.550066398304,1008.484055694772,0.2794056544883339,0
2023-12-23,AWS_07_Kerala,31.09817038863296,70.83828959283903,1009.1714168975238,0.1662209263682351,0
2023-12-24,AWS_07_Kerala,32.69971192284818,73.32859375852425,1008.760636535888,0.9005753764633827,0
2023-12-25,AWS_07_Kerala,30.72557675388022,69.16820037792128,1009.1124578539604,0.2007445783395349,0
2023-12-26,AWS_07_Kerala,31.43887074492703,72.87359524036825,1009.2357243074078,0.421533392551869,0
2023-12-27,AWS_07_Kerala,34.37422582181716,71.64915680900522,1008.8648249901672,0.2151403780105551,0
2023-12-28,AWS_07_Kerala,32.40383075868183,69.56034154905568,1008.405117613132,0.1733203847140724,0
2023-12-29,AWS_07_Kerala,34.107786461923084,74.09112254452039,1008.3159750564552,3.211479515156838,0
2023-12-30,AWS_07_Kerala,31.84534766565969,77.65861796307357,1009.5406359650916,1.6814062668608951,0
2023-12-31,AWS_07_Kerala,33.83120389661039,67.71497772735144,1009.3152780667516,3.8607860558333007,0
2022-01-01,AWS_08_Rajasthan,43.45360221275386,36.76571641319805,1011.9442449981176,0.3314150706562452,0
2022-01-02,AWS_08_Rajasthan,40.800344766738526,36.85810909352357,1011.5227059831,0.0438886177868187,0
2022-01-03,AWS_08_Rajasthan,37.59046663801265,37.890584177743264,1011.32347923314,3.624650390621548,0
2022-01-04,AWS_08_Rajasthan,38.8778181194232,36.13105483840253,1011.475698989394,3.321935139900648,0
2022-01-05,AWS_08_Rajasthan,39.01230314631714,41.04961425695177,1011.08792619425,0.3697791522199362,0
2022-01-06,AWS_08_Rajasthan,38.69238769858894,35.92313472520141,1010.4747644764911,2.2725985636311528,0
2022-01-07,AWS_08_Rajasthan,39.31664137700703,31.93628681472197,1011.2611641329102,0.0737533202182695,0
2022-01-08,AWS_08_Rajasthan,40.42154662138103,45.30413019605227,1011.457202707956,0.5033307957108263,0
2022-01-09,AWS_08_Rajasthan,40.855289073275735,36.11371260185916,1010.7067888283724,1.4659209681872465,0
2022-01-10,AWS_08_Rajasthan,41.43072673095981,41.057748507225554,1012.005897108113,2.160676021875469,0
2022-01-11,AWS_08_Rajasthan,40.53606234172277,41.35736767893527,1011.8791589274276,0.0156804572506783,0
2022-01-12,AWS_08_Rajasthan,36.77113575904356,40.00572229701582,1010.7243282920932,0.592252096833754,0
2022-01-13,AWS_08_Rajasthan,38.06494657030375,36.60540208315024,1012.1267591704031,0.3618573406073027,0
2022-01-14,AWS_08_Rajasthan,39.35825967107252,38.09125404455943,1011.3231883474068,10.063855584712908,0
2022-01-15,AWS_08_Rajasthan,39.7567891741251,33.44168686324299,1011.1214608076732,1.6674652871503162,0
2022-01-16,AWS_08_Rajasthan,40.76445462417247,43.27197070182165,1012.0835551614416,0.7804845043472726,0
2022-01-17,AWS_08_Rajasthan,39.46956890129571,34.78470049861168,1011.5514376593812,0.1180009591766931,0
2022-01-18,AWS_08_Rajasthan,39.40934694102107,36.6192765059342,1012.5594351097312,1.369457833646993,0
2022-01-19,AWS_08_Rajasthan,39.61452458777365,37.72105743651215,1011.2160953014414,1.5395831399990996,0
2022-01-20,AWS_08_Rajasthan,38.79590983700806,37.14714219538634,1010.8092170372018,2.5425421292885675,0
2022-01-21,AWS_08_Rajasthan,39.22547900020079,35.54643655861463,1011.5671331037696,0.5107318239499047,0
2022-01-22,AWS_08_Rajasthan,40.69672802816207,41.74988586493867,1012.1340603353116,5.979156813366255,0
2022-01-23,AWS_08_Rajasthan,38.79108733559082,40.46972145974094,1011.3077553197196,0.8682973696763452,0
2022-01-24,AWS_08_Rajasthan,38.77678094556559,38.639227306838784,1011.137925787012,0.5263455480987951,0
2022-01-25,AWS_08_Rajasthan,38.67306881560226,36.530799733293726,1011.948850906576,0.6426001758241476,0
2022-01-26,AWS_08_Rajasthan,40.56768429853312,40.98081414247834,1011.1337075800172,1.0996607356090171,0
2022-01-27,AWS_08_Rajasthan,36.85278036102543,36.45524532951325,1012.0498050332876,4.139841998834777,0
2022-01-28,AWS_08_Rajasthan,41.06875904366473,42.62261054874034,1011.7567890161916,1.992937305063184,0
2022-01-29,AWS_08_Rajasthan,36.52686840403916,38.309982068843176,1012.2047009244078,1.2909635281939604,0
2022-01-30,AWS_08_Rajasthan,37.19292105886091,41.732629466145255,1011.2956366983576,0.2665570447349609,0
2022-01-31,AWS_08_Rajasthan,39.1705616270189,37.77085089433729,1012.6664234634262,0.2426376120763743,0
2022-02-01,AWS_08_Rajasthan,39.47456033862884,38.39797937731236,1011.9553139722344,1.046326034124788,0
2022-02-02,AWS_08_Rajasthan,35.69593299746923,41.93273088553774,1012.4577716770292,1.9568432169225856,0
2022-02-03,AWS_08_Rajasthan,36.03072801086935,44.91332928070478,1012.5848083569776,2.0855269054186856,0
2022-02-04,AWS_08_Rajasthan,37.951686294813534,43.08971640645421,1011.5546810363992,0.3841091945442918,0
2022-02-05,AWS_08_Rajasthan,40.91327439076075,41.11903511006781,1012.6027293017116,0.158206637402103,0
2022-02-06,AWS_08_Rajasthan,39.12438563715752,40.33642660421022,1011.4769199863492,0.7278854321810388,0
2022-02-07,AWS_08_Rajasthan,36.737856950882346,37.13058105760394,1011.5318848688504,3.754713651796188,0
2022-02-08,AWS_08_Rajasthan,33.333027744365246,39.6218483938998,1013.226093114876,1.182398002012536,0
2022-02-09,AWS_08_Rajasthan,36.932656284620045,36.08359977201649,1012.8267912861786,0.578713811257349,0
2022-02-10,AWS_08_Rajasthan,37.19890482672067,40.038512331768125,1013.3340912097868,0.5865395294268656,0
2022-02-11,AWS_08_Rajasthan,35.923526905239754,40.32154077244417,1012.1381622211806,0.2124957777966785,0
2022-02-12,AWS_08_Rajasthan,35.0604829702236,33.210853743570574,1012.4001015697048,0.9614690509158568,0
2022-02-13,AWS_08_Rajasthan,36.411253237242,39.30335562942659,1012.6377829078236,2.350736757449975,0
2022-02-14,AWS_08_Rajasthan,34.592035613760515,40.52723760892363,1012.3928188708064,5.189449041300047,0
2022-02-15,AWS_08_Rajasthan,38.64405762958128,39.12865063522968,1012.0502452342156,1.044513419058252,0
2022-02-16,AWS_08_Rajasthan,37.93754463170234,40.55275941062594,1011.9992457276518,0.2744695084735527,0
2022-02-17,AWS_08_Rajasthan,36.47347599404279,35.55391495755755,1012.5777651623424,1.723045574768653,0
2022-02-18,AWS_08_Rajasthan,35.44254142517898,37.35356389960493,1011.960514254562,2.120753298388923,0
2022-02-19,AWS_08_Rajasthan,34.136339812381635,42.88962252246209,1011.9691798707736,0.1116000789680098,0
2022-02-20,AWS_08_Rajasthan,34.911311132885025,39.89171962052512,1012.7356156593452,2.8470719192755145,0
2022-02-21,AWS_08_Rajasthan,37.214693724604366,41.016352360062754,1012.5130120263988,2.65196823532258,0
2022-02-22,AWS_08_Rajasthan,35.86939070541708,38.46534530772447,1013.0504944488044,0.9595263663344192,0
2022-02-23,AWS_08_Rajasthan,34.68007121939752,40.27303475458324,1012.390266471308,1.2329119245083355,0
2022-02-24,AWS_08_Rajasthan,35.56613593204855,33.41957807056746,1012.332450143027,1.874543849626833,0
2022-02-25,AWS_08_Rajasthan,34.80180809275626,42.976097473728,1012.8547298046226,1.6939851916161226,0
2022-02-26,AWS_08_Rajasthan,34.37866042302893,45.975659023601054,1012.2563288154548,0.0250113354224152,0
2022-02-27,AWS_08_Rajasthan,35.053634377671045,37.47192478710823,1012.3521729484906,0.195906897827826,0
2022-02-28,AWS_08_Rajasthan,34.15462938823035,37.96238176833232,1012.3904069878654,0.2661632211524265,0
2022-03-01,AWS_08_Rajasthan,34.461026974953,42.22366839768506,1012.612676863404,2.1138894174826266,0
2022-03-02,AWS_08_Rajasthan,33.20726661915229,45.4415315602628,1013.6211309811072,0.869951588756926,0
2022-03-03,AWS_08_Rajasthan,32.3739196498719,41.133646113761415,1012.06338899781,1.182844716015267,0
2022-03-04,AWS_08_Rajasthan,31.72078472180181,37.57317220029847,1013.4158888109454,2.22214391793552,0
2022-03-05,AWS_08_Rajasthan,31.32804644684582,40.75757065862795,1013.152856071064,0.6255072585311728,0
2022-03-06,AWS_08_Rajasthan,29.7053615837226,38.416993903416106,1013.5827511629894,2.072797641145113,0
2022-03-07,AWS_08_Rajasthan,30.52750227092776,39.62465415502496,1014.3823706497664,0.8758991924117654,0
2022-03-08,AWS_08_Rajasthan,30.264679902666693,40.84447087566007,1013.5439824867644,0.7102470419855809,0
2022-03-09,AWS_08_Rajasthan,30.693808499454978,39.094982639028814,1013.3047760493872,0.6075316541628488,0
2022-03-10,AWS_08_Rajasthan,33.575442323024006,39.67652510915255,1012.198835191346,5.026247638442808,0
2022-03-11,AWS_08_Rajasthan,30.77143241033309,42.36201609000173,1012.2745633268904,2.217439555694675,0
2022-03-12,AWS_08_Rajasthan,31.144641103176443,42.91254128306885,1013.0598072080664,0.0306040003093871,0
2022-03-13,AWS_08_Rajasthan,30.96476865273561,38.125322320841256,1012.0421547008943,4.734396937638268,0
2022-03-14,AWS_08_Rajasthan,32.70760929051281,43.71700921252843,1013.209832658236,2.240416047069234,0
2022-03-15,AWS_08_Rajasthan,29.23302651809894,41.51339572553902,1011.8450087078032,0.2423227145524673,0
2022-03-16,AWS_08_Rajasthan,29.53157450297747,44.95200878587807,1013.4983762605268,0.1191138163558813,0
2022-03-17,AWS_08_Rajasthan,29.473866101315924,45.26539818550518,1012.7706297193428,0.552674767310681,0
2022-03-18,AWS_08_Rajasthan,31.10469839300525,41.42357868036737,1013.0034263164382,1.467973564480869,0
2022-03-19,AWS_08_Rajasthan,31.18177813774772,45.03351759804689,1012.5740147621348,1.4378061156525124,0
2022-03-20,AWS_08_Rajasthan,29.6422807730236,40.81461471319912,1012.0064334779,0.4841353478362804,0
2022-03-21,AWS_08_Rajasthan,30.54368620868444,47.43167353273923,1013.5799605801404,0.8850061247117219,0
2022-03-22,AWS_08_Rajasthan,28.72393236060348,41.19833947405918,1013.6367983309816,0.3571767038049803,0
2022-03-23,AWS_08_Rajasthan,27.960926520018653,44.78977374505146,1012.798955002186,0.0778539334062929,0
2022-03-24,AWS_08_Rajasthan,29.74965026291704,43.30485020433082,1013.3108297725418,1.0915162247325836,0
2022-03-25,AWS_08_Rajasthan,28.474136207265744,40.953482346192885,1012.7889987087308,0.6392468592726994,0
2022-03-26,AWS_08_Rajasthan,26.40004285443691,46.84369651204262,1013.132680735921,1.1742219921473969,0
2022-03-27,AWS_08_Rajasthan,28.7596539476211,42.435591693151295,1013.3714075917544,4.392315754581167,0
2022-03-28,AWS_08_Rajasthan,26.710592872042668,39.31502246588046,1013.2721924085032,0.2321243341435989,0
2022-03-29,AWS_08_Rajasthan,26.286602577322142,35.906623989691084,1013.6673556490158,0.0029459183852984,0
2022-03-30,AWS_08_Rajasthan,27.88161848479001,42.065087669578695,1013.257940360332,0.1199911598653367,0
2022-03-31,AWS_08_Rajasthan,26.167977152839743,48.955596478407145,1013.013579312479,0.9318211825792412,0
2022-04-01,AWS_08_Rajasthan,26.64368734020785,48.738787096141024,1012.6192719955336,1.8410260750072005,0
2022-04-02,AWS_08_Rajasthan,26.812165231056078,42.94748716155748,1012.7605806271476,1.3039804883945638,0
2022-04-03,AWS_08_Rajasthan,24.40390111323471,44.117597694671126,1013.4041182597372,1.0244822598171357,0
2022-04-04,AWS_08_Rajasthan,25.91477641050925,43.983831879911385,1012.246846171713,0.6553480563236251,0
2022-04-05,AWS_08_Rajasthan,27.12109136560201,41.51577115924582,1013.5487379734373,0.5565393742925562,0
2022-04-06,AWS_08_Rajasthan,23.42182974976467,42.80691554777335,1012.8527459405012,0.7080954446378095,0
2022-04-07,AWS_08_Rajasthan,25.29138139098664,48.734009668065326,1012.5809076699976,1.4187143122331607,0
2022-04-08,AWS_08_Rajasthan,23.13271400379256,47.439140410902205,1012.4371516101442,0.2754407336341888,0
2022-04-09,AWS_08_Rajasthan,25.669890634281856,46.88338422786323,1013.3194120208112,2.21342351320932,0
2022-04-10,AWS_08_Rajasthan,25.41708279879952,42.195003351774645,1012.9700345035628,1.2843932200423247,0
2022-04-11,AWS_08_Rajasthan,23.129793732596685,46.638522646118886,1013.7662789115424,0.4703336474672515,0
2022-04-12,AWS_08_Rajasthan,26.73846605507877,39.560451904797375,1012.334315278697,1.0431836533847652,0
2022-04-13,AWS_08_Rajasthan,24.847470191877036,49.13553251482668,1012.67014557176,4.936310655097811,0
2022-04-14,AWS_08_Rajasthan,24.012268252152808,47.51751054538368,1012.9059105222012,0.0310565902398382,0
2022-04-15,AWS_08_Rajasthan,23.693036890173463,42.840233760263786,1012.5683080212732,0.3338205455920989,0
2022-04-16,AWS_08_Rajasthan,23.959229469421864,51.858797183548674,1012.938934898119,0.8923444657036358,0
2022-04-17,AWS_08_Rajasthan,20.75713611686332,41.75402046379165,1013.086691480336,1.5259897598293637,0
2022-04-18,AWS_08_Rajasthan,22.310882775757488,48.86579204499684,1013.1596777535394,0.3578203636744613,0
2022-04-19,AWS_08_Rajasthan,22.363308271166648,49.072073768021326,1013.6604455587031,4.019280453616583,0
2022-04-20,AWS_08_Rajasthan,20.959117864798674,43.818518990655406,1012.2449869456336,1.5432320557412105,0
2022-04-21,AWS_08_Rajasthan,22.02862999931133,47.55419815891514,1013.0544024467486,3.148633326776616,0
2022-04-22,AWS_08_Rajasthan,22.95247707713381,42.88669611555124,1012.5502912827968,0.5991901048061545,0
2022-04-23,AWS_08_Rajasthan,20.247231039389373,39.38665723899771,1013.0764545520876,2.648733553108115,0
2022-04-24,AWS_08_Rajasthan,20.574714465709818,44.84988508133829,1013.0642475375628,0.7127515306637684,0
2022-04-25,AWS_08_Rajasthan,19.2035226562633,46.33046768747445,1012.3417075605026,0.4370367746996481,0
2022-04-26,AWS_08_Rajasthan,17.533615976323155,50.23899740469561,1012.3706330888714,3.639764271005932,0
2022-04-27,AWS_08_Rajasthan,21.163911140006,48.63335975848233,1013.0625331363842,0.145127311970502,0
2022-04-28,AWS_08_Rajasthan,19.740104814276545,48.83566180299535,1012.8033808368418,4.294132448089485,0
2022-04-29,AWS_08_Rajasthan,19.635110773399724,45.63459704576608,1012.6663037248932,0.9201604409199688,0
2022-04-30,AWS_08_Rajasthan,17.87052456380101,47.20957466441224,1013.0890178228344,7.364585370435048,0
2022-05-01,AWS_08_Rajasthan,18.861343376438885,46.13044950182499,1013.1092718753496,1.1634719849763846,0
2022-05-02,AWS_08_Rajasthan,20.575435917671896,45.36476641668274,1012.461469199749,2.125057192313579,0
2022-05-03,AWS_08_Rajasthan,18.724818634991973,47.37685221628235,1012.2826177706784,0.0106442016766872,0
2022-05-04,AWS_08_Rajasthan,57.23066804374161,49.49851762153683,1012.0595386262872,1.029754413596914,1
2022-05-05,AWS_08_Rajasthan,18.627491000809066,47.67282810800514,1012.688578018938,2.005990442518423,0
2022-05-06,AWS_08_Rajasthan,16.261316667541454,48.53469778592443,1011.9411282588736,2.290591649914248,0
2022-05-07,AWS_08_Rajasthan,18.85529806442936,51.70307736514799,1012.6827903320064,0.2580494481843657,0
2022-05-08,AWS_08_Rajasthan,15.839542599536165,48.227828302836514,1013.221378288354,0.8144317860584678,0
2022-05-09,AWS_08_Rajasthan,16.119791652997577,45.83854866422712,1012.415635842422,0.8146925729779338,0
2022-05-10,AWS_08_Rajasthan,15.76477820081421,51.63973179090375,1012.3031975698872,0.1641210944518311,0
2022-05-11,AWS_08_Rajasthan,16.887714793431304,50.85437623502364,1013.5486904695476,0.8779076157203121,0
2022-05-12,AWS_08_Rajasthan,16.436447359479512,51.14876340035335,1013.282628135175,2.468320286074688,0
2022-05-13,AWS_08_Rajasthan,16.780540256764937,52.14472865019152,1012.1230347197862,0.5353997608136486,0
2022-05-14,AWS_08_Rajasthan,15.244476354389894,51.74000424246408,1012.5519506122268,0.8499687815427965,0
2022-05-15,AWS_08_Rajasthan,17.93337107771502,50.5575414504108,1012.6234542293472,4.864702254291892,0
2022-05-16,AWS_08_Rajasthan,17.501774194733287,57.745367793331255,1012.537184038715,0.0483324940167285,0
2022-05-17,AWS_08_Rajasthan,15.818506234959983,46.81410718720981,1013.3185039440708,1.3429749802251512,0
2022-05-18,AWS_08_Rajasthan,15.19310983136404,49.00608536096521,1012.4301773999836,2.04056623581328,0
2022-05-19,AWS_08_Rajasthan,14.876046757392096,53.76195566694313,1012.4801642567696,2.1461999102674185,0
2022-05-20,AWS_08_Rajasthan,15.117327349284931,51.380590395257606,1012.6804588760004,1.88784426358299,0
2022-05-21,AWS_08_Rajasthan,13.322725759855713,53.31771561461516,1012.905272572442,1.94441420292822,0
2022-05-22,AWS_08_Rajasthan,13.827365561480011,51.64253984301188,1012.7525590236252,0.0912383989330043,0
2022-05-23,AWS_08_Rajasthan,16.40382053034667,55.34294682926896,1012.5265680223476,1.1457942929290872,0
2022-05-24,AWS_08_Rajasthan,15.416447947486446,48.28390787974447,1011.4512192972296,2.291573113008881,0
2022-05-25,AWS_08_Rajasthan,17.26850050855569,55.41761465131105,1011.9591792644206,0.1481816603568136,0
2022-05-26,AWS_08_Rajasthan,14.224969353496755,54.98512543461238,1012.5852811081876,0.0181846668638043,0
2022-05-27,AWS_08_Rajasthan,13.991521745986578,47.921251750653504,1012.2727438844482,2.5275506647302155,0
2022-05-28,AWS_08_Rajasthan,13.785370392741472,53.52215692705905,1012.5322428417318,1.868726251016681,0
2022-05-29,AWS_08_Rajasthan,13.785337402123904,51.577117845032426,1013.0340639079168,0.7970691628348769,0
2022-05-30,AWS_08_Rajasthan,13.144496059780469,49.960581325785455,1011.4729784937942,4.230059775846128,0
2022-05-31,AWS_08_Rajasthan,14.414768379416753,46.18655039805487,1012.601079869434,2.18249009357401,0
2022-06-01,AWS_08_Rajasthan,13.929354539637732,48.890017021553696,1011.8373018956448,15.469574472598367,0
2022-06-02,AWS_08_Rajasthan,13.00182879668746,54.114793249442414,1012.4402203238548,11.922865040514548,0
2022-06-03,AWS_08_Rajasthan,15.5280510201464,54.4979080074285,1011.9217086436636,2.953877692076877,0
2022-06-04,AWS_08_Rajasthan,16.38448831364399,51.488089169748896,1012.9753156564634,6.32389468991719,0
2022-06-05,AWS_08_Rajasthan,15.181458298880829,54.632902577703724,1011.946081036832,4.977968781400059,0
2022-06-06,AWS_08_Rajasthan,14.164481361145528,55.07732575281359,1011.5297435677612,7.507649932600367,0
2022-06-07,AWS_08_Rajasthan,14.36940797780548,52.76291793964487,1012.0286492290272,6.973651272181792,0
2022-06-08,AWS_08_Rajasthan,15.914619700678957,50.18728688619827,1011.949151943672,0.7484782246667407,0
2022-06-09,AWS_08_Rajasthan,14.177532092925238,53.73056055599773,1012.3244644774632,1.198025595423219,0
2022-06-10,AWS_08_Rajasthan,12.070172236657887,53.919267828372696,1011.947453860762,1.3899627834791275,0
2022-06-11,AWS_08_Rajasthan,13.451125305603725,54.52885230497784,1012.928756944926,7.679212591997023,0
2022-06-12,AWS_08_Rajasthan,13.720741275416186,55.14970988068031,1011.603114896748,7.490891479750639,0
2022-06-13,AWS_08_Rajasthan,11.21187428986608,48.51124902656779,1011.5764041069816,3.0773750563497924,0
2022-06-14,AWS_08_Rajasthan,12.203069204061665,51.10994630274482,1011.2914826135204,3.912678464664472,0
2022-06-15,AWS_08_Rajasthan,14.211530080846774,46.9835974802145,1011.6032955195756,7.893062112845955,0
2022-06-16,AWS_08_Rajasthan,9.760162437748212,54.957901520596,1011.6428605459976,1.6867332231773955,0
2022-06-17,AWS_08_Rajasthan,10.558219622297422,52.115144261854,1011.6346496259398,0.2316667424604809,0
2022-06-18,AWS_08_Rajasthan,12.111732698291842,54.07738890995834,1011.4942051782084,2.965194564171072,0
2022-06-19,AWS_08_Rajasthan,12.853380494378012,48.38847169764698,1011.122131222516,11.02555959626367,0
2022-06-20,AWS_08_Rajasthan,10.23698308751379,57.04669583197221,1010.952513215546,7.032960234438721,0
2022-06-21,AWS_08_Rajasthan,12.037886009670553,49.28665685633106,1011.1719463090334,2.055062083827532,0
2022-06-22,AWS_08_Rajasthan,13.917441748149653,55.21695337628064,1011.8963828559946,0.3013391040485373,0
2022-06-23,AWS_08_Rajasthan,12.252578330026298,53.26836414444056,1011.9699982365856,4.55908824469012,0
2022-06-24,AWS_08_Rajasthan,13.525150936856637,52.36509022661578,1011.2190140866848,8.094278122362079,0
2022-06-25,AWS_08_Rajasthan,11.199376691891002,52.1394923236529,1010.7525265310096,4.920620516868702,0
2022-06-26,AWS_08_Rajasthan,10.847825501013574,51.04998195136741,1011.148486694476,2.4908179427011348,0
2022-06-27,AWS_08_Rajasthan,13.31529436647736,56.86159789010243,1012.200605676102,0.5924320904245046,0
2022-06-28,AWS_08_Rajasthan,12.579300819378265,53.02332277883159,1011.6199104723898,10.874634921988212,0
2022-06-29,AWS_08_Rajasthan,10.234568376907092,49.18492832975818,1011.3614158117754,1.4530784721249876,0
2022-06-30,AWS_08_Rajasthan,10.80340554660866,51.84545258197957,1011.5329793389805,1.1428772382621724,0
2022-07-01,AWS_08_Rajasthan,14.347390433958404,53.38472075453894,1011.787497299448,7.617117204337293,0
2022-07-02,AWS_08_Rajasthan,10.613685743168308,55.6931195172661,1010.406352905449,17.887317940651187,0
2022-07-03,AWS_08_Rajasthan,13.40616004094184,51.18347402653247,1010.7523431851972,4.856765047835407,0
2022-07-04,AWS_08_Rajasthan,11.295682342718232,51.3792632534042,1010.6495947175724,4.411458081284408,0
2022-07-05,AWS_08_Rajasthan,12.02063873224328,53.055780657217085,1011.173130643804,1.731716432268132,0
2022-07-06,AWS_08_Rajasthan,12.483872552464849,55.5962838192421,1010.9252824868528,0.0928110815626747,0
2022-07-07,AWS_08_Rajasthan,8.911228970447949,48.85790737252771,1011.1890821457102,0.9582438855885752,0
2022-07-08,AWS_08_Rajasthan,9.893471870752556,54.46603653646466,1010.523238310823,3.951473659455712,0
2022-07-09,AWS_08_Rajasthan,12.246017049590684,51.54123096880836,1011.4284796704344,0.7383100891602331,0
2022-07-10,AWS_08_Rajasthan,11.06313979873905,51.94121588651747,1010.6737347520856,9.687377840412903,0
2022-07-11,AWS_08_Rajasthan,13.681660882428734,58.897990698522506,1011.021658750102,0.9379491376886684,0
2022-07-12,AWS_08_Rajasthan,9.818888565867276,52.2802666765343,1011.2381700780104,3.3226339109186807,0
2022-07-13,AWS_08_Rajasthan,13.12131433932413,55.1078345338188,1011.1642163781604,3.228601574097941,0
2022-07-14,AWS_08_Rajasthan,10.258529270512966,54.97224945382749,1010.7533723733212,4.167917007748734,0
2022-07-15,AWS_08_Rajasthan,11.84818578751769,49.24487495557058,1010.94906211273,1.7849481062288384,0
2022-07-16,AWS_08_Rajasthan,10.837295793501363,47.21589563012654,1011.3767859710242,9.30502517185003,0
2022-07-17,AWS_08_Rajasthan,15.349046361029387,55.17985968278068,1010.7294696315312,2.643882582314508,0
2022-07-18,AWS_08_Rajasthan,10.551704100308523,49.4288229399324,1010.0747154485708,5.42018189037735,0
2022-07-19,AWS_08_Rajasthan,12.447375888972893,47.64718517512896,1010.698099726935,4.546604492420951,0
2022-07-20,AWS_08_Rajasthan,10.11369597888973,55.67622938686405,1010.3551453091184,0.5607308636003304,0
2022-07-21,AWS_08_Rajasthan,15.180730059427091,49.49521986934681,1009.1671824683488,4.385492661043726,0
2022-07-22,AWS_08_Rajasthan,13.46464013989371,50.18946670687374,1010.53977438651,3.60031690469038,0
2022-07-23,AWS_08_Rajasthan,13.153410649954814,58.381433170664,1010.3348978635482,10.299250170833393,0
2022-07-24,AWS_08_Rajasthan,15.24852252822369,47.428192133406085,1010.8227929553408,9.574180445906624,0
2022-07-25,AWS_08_Rajasthan,13.351130086073372,48.58542963352811,1009.8377726179428,0.7363927807048313,0
2022-07-26,AWS_08_Rajasthan,13.556110422621432,50.91990363634406,1009.4284332511792,0.3834673582570074,0
2022-07-27,AWS_08_Rajasthan,13.524883273618162,51.52077499962791,1010.234339749766,1.570406539135634,0
2022-07-28,AWS_08_Rajasthan,14.277043978685407,49.50071130192091,1010.3090511251016,19.41057218991971,0
2022-07-29,AWS_08_Rajasthan,12.800951854032634,48.644255319508666,1010.135103085676,0.0981445159802762,0
2022-07-30,AWS_08_Rajasthan,13.32989668957305,56.58636717294262,1010.068035326495,5.028595289016868,0
2022-07-31,AWS_08_Rajasthan,14.98220249213104,52.7794152012028,1009.4930911086794,4.220121798990811,0
2022-08-01,AWS_08_Rajasthan,14.301757866251936,53.67796426753321,1009.928057804621,4.680419679803935,0
2022-08-02,AWS_08_Rajasthan,13.83692018623276,51.440732437532425,1009.793672303216,1.1081978695013144,0
2022-08-03,AWS_08_Rajasthan,12.033643492954294,52.648692229720055,1010.4748942740598,1.1569978732462678,0
2022-08-04,AWS_08_Rajasthan,16.511159553756052,54.50494262507097,1010.099181804934,2.534607058682232,0
2022-08-05,AWS_08_Rajasthan,13.405037614630787,48.64126365376003,1009.7418229143072,0.4534588705126134,0
2022-08-06,AWS_08_Rajasthan,16.014647444275763,52.346627082898586,1010.7143979024028,0.3489456440660006,0
2022-08-07,AWS_08_Rajasthan,14.937392556282868,53.56026289522325,1009.6899756573076,0.4162927688768124,0
2022-08-08,AWS_08_Rajasthan,12.876912995496088,56.0246270222437,1010.0756452354932,3.829151195104152,0
2022-08-09,AWS_08_Rajasthan,16.842142434668567,57.15011338604948,1009.6859701332788,2.281811024006863,0
2022-08-10,AWS_08_Rajasthan,15.495450911968534,51.430356566734304,1010.5580506283222,1.5641882331834889,0
2022-08-11,AWS_08_Rajasthan,17.269794564903336,54.54918740346268,1009.7593204614336,1.707899991215835,0
2022-08-12,AWS_08_Rajasthan,15.149480551878597,43.0334427124668,1009.7478943995272,1.0453022077540652,0
2022-08-13,AWS_08_Rajasthan,16.63862168675153,55.60968024710103,1009.5939370921866,2.385843382307276,0
2022-08-14,AWS_08_Rajasthan,13.101292330392372,48.682301587746224,1009.7367091440466,1.0213805815661006,0
2022-08-15,AWS_08_Rajasthan,15.160336110855305,50.04204484946722,1010.21320646555,5.388663290287369,0
2022-08-16,AWS_08_Rajasthan,14.16973650595065,51.99232687921675,1010.011754702128,0.5954046779871582,0
2022-08-17,AWS_08_Rajasthan,15.688557066586194,50.11068270282844,1009.578684263206,13.325300566081143,0
2022-08-18,AWS_08_Rajasthan,17.13284570651467,51.06071551170128,1010.3915474450552,0.4235027956624437,0
2022-08-19,AWS_08_Rajasthan,15.69549046257334,55.133158565218686,1009.954048798974,12.927688019884569,0
2022-08-20,AWS_08_Rajasthan,18.07814095468549,49.11455254154647,1009.2755757853372,8.061881961760863,0
2022-08-21,AWS_08_Rajasthan,15.680207449461284,46.90201345633474,1008.782048597552,5.137479629712502,0
2022-08-22,AWS_08_Rajasthan,18.478407163852083,55.49721886139445,1009.2427250163676,10.95233515821796,0
2022-08-23,AWS_08_Rajasthan,19.30323610313601,51.52966387711406,1009.6353746791176,0.6746171509382521,0
2022-08-24,AWS_08_Rajasthan,19.04950422755259,55.60716548313119,1009.7062344577504,0.8728507330403102,0
2022-08-25,AWS_08_Rajasthan,17.206056194165242,52.320981290645335,1010.066608949009,1.307503448537116,0
2022-08-26,AWS_08_Rajasthan,14.729736971359594,45.64754975637351,1008.8196509095488,1.2635456735866035,0
2022-08-27,AWS_08_Rajasthan,18.98914035525716,51.44135980946999,1009.1277139355788,1.6753221713312156,0
2022-08-28,AWS_08_Rajasthan,18.128346511940965,46.43889946863009,1008.7393277062256,3.8571825577261647,0
2022-08-29,AWS_08_Rajasthan,17.05119477387527,49.297275873566825,1008.6401022795042,0.1285968327244552,0
2022-08-30,AWS_08_Rajasthan,17.889168032517166,48.93080728642085,1008.9774462875235,2.1676860500938444,0
2022-08-31,AWS_08_Rajasthan,21.08218320856592,44.186697023873,1009.4570218660472,1.2729321952423742,0
2022-09-01,AWS_08_Rajasthan,17.43358836907794,46.48179786274712,1009.6422845800264,4.198519115665843,0
2022-09-02,AWS_08_Rajasthan,20.053148754493115,55.4151704770137,1008.765798538742,6.316587024095632,0
2022-09-03,AWS_08_Rajasthan,19.89067891112664,49.39299413014033,1008.8192473950472,1.093642273969757,0
2022-09-04,AWS_08_Rajasthan,19.242624009540563,48.028237020848046,1008.3184098308684,0.8318665035809205,0
2022-09-05,AWS_08_Rajasthan,20.962311900194795,53.86980616312265,1009.3004644994892,0.688876973019524,0
2022-09-06,AWS_08_Rajasthan,22.662467379387635,47.11752293205573,1008.8127212888262,2.305321631230143,0
2022-09-07,AWS_08_Rajasthan,49.54822339950715,47.90608142835309,1009.9963484369872,0.1120544979253117,1
2022-09-08,AWS_08_Rajasthan,20.29157949415113,51.02592233050182,1009.3563229554386,4.819732621611608,0
2022-09-09,AWS_08_Rajasthan,21.81298202852353,46.723572792129104,1009.0528292661955,0.811715627752873,0
2022-09-10,AWS_08_Rajasthan,22.482299858635308,45.55761742395232,1008.805681093637,0.5646622299895564,0
2022-09-11,AWS_08_Rajasthan,21.139876284422428,40.90648098526334,1008.367142603122,5.478423060495897,0
2022-09-12,AWS_08_Rajasthan,21.10126135561205,44.72803536856456,1008.419340951503,4.120471834221041,0
2022-09-13,AWS_08_Rajasthan,18.462052912021004,44.56847522311651,1008.781567529453,1.5405575135496865,0
2022-09-14,AWS_08_Rajasthan,20.85195800951612,47.75057358465386,1008.7331129250132,0.0280211687259025,0
2022-09-15,AWS_08_Rajasthan,20.541632219628227,45.31113964411407,1008.5734729814488,2.070677054276089,0
2022-09-16,AWS_08_Rajasthan,23.510276600080363,53.48357754365014,1009.2526717976732,0.6132101780407158,0
2022-09-17,AWS_08_Rajasthan,22.351266123112996,43.70304432585887,1009.3128964029491,0.737221492331686,0
2022-09-18,AWS_08_Rajasthan,22.52734236614016,50.94372590374447,1008.8186627000844,0.259285562587626,0
2022-09-19,AWS_08_Rajasthan,23.17394783273664,47.26638330642773,1010.0083487508416,1.1117993895770566,0
2022-09-20,AWS_08_Rajasthan,22.11875837160438,48.892308920398605,1008.160782212782,2.047108119769588,0
2022-09-21,AWS_08_Rajasthan,25.99114802300346,48.57447178822456,1009.0571856495584,0.4782661420176675,0
2022-09-22,AWS_08_Rajasthan,25.84651529071978,39.54573659581997,1008.9133547174914,4.188768624198162,0
2022-09-23,AWS_08_Rajasthan,26.564954283092785,46.0294596153439,1008.7424214310296,0.3248792520399323,0
2022-09-24,AWS_08_Rajasthan,25.402041452521328,45.14079238506251,1008.6646548784586,0.1028396381817521,0
2022-09-25,AWS_08_Rajasthan,24.57230088520688,42.39162682578917,1009.0063094363423,1.550770780497664,0
2022-09-26,AWS_08_Rajasthan,27.278624419884405,47.03228927429098,1008.8939182828308,2.8388827203197025,0
2022-09-27,AWS_08_Rajasthan,24.0754314538401,50.66568854322694,1008.808227414713,4.590657710963813,0
2022-09-28,AWS_08_Rajasthan,24.03068709493643,37.35956017492726,1008.3528807513352,2.186176568407195,0
2022-09-29,AWS_08_Rajasthan,24.676048459988497,43.63755341125011,1008.19185152972,0.334059242048597,0
2022-09-30,AWS_08_Rajasthan,26.603562755321324,41.3659838762592,1008.8559084450928,5.7021442827441335,0
2022-10-01,AWS_08_Rajasthan,24.917091746065903,45.18090517234312,1008.7989704682794,3.778052760872544,0
2022-10-02,AWS_08_Rajasthan,26.068165881780114,43.85100737106024,1008.901944565902,0.2671968835440705,0
2022-10-03,AWS_08_Rajasthan,24.13932899166327,42.87319011459107,1008.947189078576,1.2273373022601477,0
2022-10-04,AWS_08_Rajasthan,27.50448435955081,46.62118456418235,1008.7418779867476,1.2162666423613873,0
2022-10-05,AWS_08_Rajasthan,24.747676767798424,49.32378286398668,1008.8991463418746,0.8765327398331016,0
2022-10-06,AWS_08_Rajasthan,25.865280958136527,52.26194307502518,1008.581397853654,6.229359176519006,0
2022-10-07,AWS_08_Rajasthan,53.35134036487634,41.92206208128093,1009.7735370907938,0.0922104136622452,1
2022-10-08,AWS_08_Rajasthan,29.51318716989421,38.54153923345148,1008.6156855070892,1.4801056387438114,0
2022-10-09,AWS_08_Rajasthan,28.54303376735835,45.54526694049868,1008.8346446550926,0.3446927288929389,0
2022-10-10,AWS_08_Rajasthan,28.63332676404673,48.56297912514454,1008.6634067206552,1.1240405357673644,0
2022-10-11,AWS_08_Rajasthan,27.6610013951686,46.036817977750765,1008.6607615963934,2.269425174353237,0
2022-10-12,AWS_08_Rajasthan,27.53496665197832,48.27942846282429,1009.0497078427758,0.4249909586777421,0
2022-10-13,AWS_08_Rajasthan,28.387042496846615,42.64902282048925,1008.9931862120472,0.7497284955024386,0
2022-10-14,AWS_08_Rajasthan,26.89513833542256,41.36235119661431,1008.8220688944676,4.516819453779715,0
2022-10-15,AWS_08_Rajasthan,29.7785689417736,43.40350994543645,1008.9181341605198,2.149957811459352,0
2022-10-16,AWS_08_Rajasthan,29.706411846189805,41.93224606134094,1008.7086133491936,1.2754847939465148,0
2022-10-17,AWS_08_Rajasthan,28.465225723299163,44.78050627924128,1009.2786032511184,0.3765380958517018,0
2022-10-18,AWS_08_Rajasthan,32.44942757712891,45.56850064894369,1010.1151267181116,0.8308748623985197,0
2022-10-19,AWS_08_Rajasthan,31.23660848667983,45.67211503871608,1008.6604663287932,2.2312374596316067,0
2022-10-20,AWS_08_Rajasthan,31.592551891981,43.92904133471733,1009.305788837013,2.576730133989756,0
2022-10-21,AWS_08_Rajasthan,30.05098087929124,43.004900826683055,1009.1427623626266,0.4207741107757409,0
2022-10-22,AWS_08_Rajasthan,31.00578022662427,44.52169415708754,1009.4666404214204,1.6273313050438738,0
2022-10-23,AWS_08_Rajasthan,32.1731350123477,36.12126655871808,1009.4933131130896,0.149735462252067,0
2022-10-24,AWS_08_Rajasthan,31.683999844081384,42.51466866075552,1009.260763773176,0.0352289340450488,0
2022-10-25,AWS_08_Rajasthan,34.07881137419477,41.914028344631376,1009.1518337355718,1.1933477892220794,0
2022-10-26,AWS_08_Rajasthan,31.58973083702012,42.27043422154595,1008.9687472745704,0.3811385723749351,0
2022-10-27,AWS_08_Rajasthan,31.356276449030727,41.2439195055888,1008.8182580841412,0.1232995993394419,0
2022-10-28,AWS_08_Rajasthan,33.28039016975939,42.67898884892642,1009.167614476605,1.963046465854208,0
2022-10-29,AWS_08_Rajasthan,30.646058131782254,39.53731749813394,1008.5895705644044,1.0336568096760554,0
2022-10-30,AWS_08_Rajasthan,34.14155378311922,44.528508354271146,1008.9512885946529,2.3864911571556853,0
2022-10-31,AWS_08_Rajasthan,31.014118343812548,42.44084302098298,1009.818514102777,1.635717269183982,0
2022-11-01,AWS_08_Rajasthan,34.131076768885755,41.35308627662419,1009.3317281939884,1.962916704095868,0
2022-11-02,AWS_08_Rajasthan,32.40667758973422,38.69082861895266,1009.7466980264128,0.5508686018034201,0
2022-11-03,AWS_08_Rajasthan,34.29766570965883,43.11292809037586,1010.0535851320602,0.4583125672529213,0
2022-11-04,AWS_08_Rajasthan,35.14525853229015,41.17183960222712,1009.249144019311,1.3777205363909744,0
2022-11-05,AWS_08_Rajasthan,34.21352389094089,38.17161147785496,1009.460709810492,0.3348693481249574,0
2022-11-06,AWS_08_Rajasthan,32.380743003336136,40.15562998373334,1009.2259989349088,2.534444386315018,0
2022-11-07,AWS_08_Rajasthan,33.029369934922094,42.1018005424764,1008.9909749434128,1.1101071621840244,0
2022-11-08,AWS_08_Rajasthan,33.473420906211466,41.759629406309685,1008.9416245568202,0.3861948095247796,0
2022-11-09,AWS_08_Rajasthan,31.913237681396776,41.4577423195425,1009.8609834841568,1.471916959827006,0
2022-11-10,AWS_08_Rajasthan,36.63370869681927,40.16759879881101,1009.565483986475,4.351608050561909,0
2022-11-11,AWS_08_Rajasthan,35.291747320936466,42.86226663287599,1010.4066899190834,0.1284916225399117,0
2022-11-12,AWS_08_Rajasthan,33.60469850371652,43.39454632772054,1009.9920818310688,0.1736975469707072,0
2022-11-13,AWS_08_Rajasthan,37.67011933284118,41.79104953465311,1009.163559459304,2.785303039666257,0
2022-11-14,AWS_08_Rajasthan,46.39992169681235,37.71625906948911,1009.9728830135216,0.1741162309783673,1
2022-11-15,AWS_08_Rajasthan,36.2112433719805,36.2055950547752,1009.4241489858852,0.0602573237725885,0
2022-11-16,AWS_08_Rajasthan,34.76752158680716,37.65079361074154,1010.2095132004612,0.6414063779032168,0
2022-11-17,AWS_08_Rajasthan,33.14511511676637,45.04811004578165,1009.3827275269311,0.9430232945312153,0
2022-11-18,AWS_08_Rajasthan,34.28990811776659,39.93847690945721,1009.1248997822128,1.2640183447832831,0
2022-11-19,AWS_08_Rajasthan,35.824833970564306,45.38071427294261,1009.2788532249848,1.0617829221784838,0
2022-11-20,AWS_08_Rajasthan,38.00290492805991,38.550570899951495,1009.3304084267226,3.6659562353524286,0
2022-11-21,AWS_08_Rajasthan,37.32999190321716,38.04630631252792,1009.3090095159104,2.195852707231534,0
2022-11-22,AWS_08_Rajasthan,37.17202914073574,38.51398956065128,1009.4696023653156,6.1850659726584,0
2022-11-23,AWS_08_Rajasthan,34.09496109121274,38.37490488822291,1010.2113921949324,0.9706996512970107,0
2022-11-24,AWS_08_Rajasthan,39.16012068717963,36.24762356973426,1010.7085687302116,0.1321482227002689,0
2022-11-25,AWS_08_Rajasthan,37.73216485385838,35.04108644743423,1009.1733046953156,4.669432398698151,0
2022-11-26,AWS_08_Rajasthan,37.35579557576752,39.91262583548216,1010.4983530088344,0.0061824658584631,0
2022-11-27,AWS_08_Rajasthan,39.36841547072332,41.49625597808353,1009.6562775156776,2.244806928339912,0
2022-11-28,AWS_08_Rajasthan,39.67242660831938,45.591411603160935,1010.0979309225244,0.0476726443253789,0
2022-11-29,AWS_08_Rajasthan,39.66097066683212,36.88224111111646,1009.1260957699824,2.148282486103159,0
2022-11-30,AWS_08_Rajasthan,37.68282447739099,37.05434541229582,1010.2446756209682,4.169454806121776,0
2022-12-01,AWS_08_Rajasthan,36.66903660967626,35.729597001874055,1009.009792701272,0.7396266436909622,0
2022-12-02,AWS_08_Rajasthan,39.774825561525546,41.3535016105136,1010.1994998559236,0.4135607899954736,0
2022-12-03,AWS_08_Rajasthan,36.35740703687231,40.35639739211569,1010.201527481709,0.3848161989099556,0
2022-12-04,AWS_08_Rajasthan,41.43574545926602,35.21784748222236,1010.1990451336668,1.0150772508174586,0
2022-12-05,AWS_08_Rajasthan,38.66302289563821,35.0813922660261,1009.7669937395826,0.281098301185221,0
2022-12-06,AWS_08_Rajasthan,37.13212053920366,40.58700317707167,1010.4403761319902,1.6763423849538266,0
2022-12-07,AWS_08_Rajasthan,36.9742972045071,38.82267414748693,1010.3925647762964,0.6891353519746531,0
2022-12-08,AWS_08_Rajasthan,37.00054644768273,39.89404974830953,1010.1236967956922,0.585368626368634,0
2022-12-09,AWS_08_Rajasthan,39.21852411972571,34.91856327375787,1010.5964760678064,0.9278545118390148,0
2022-12-10,AWS_08_Rajasthan,39.08556281029439,31.88388181376419,1010.2448456823646,1.1732545120843396,0
2022-12-11,AWS_08_Rajasthan,37.32455918491606,34.84456640985672,1010.5893427802662,0.2296048550677722,0
2022-12-12,AWS_08_Rajasthan,38.7231448632312,39.48739816542508,1010.2945210129182,1.845287110429444,0
2022-12-13,AWS_08_Rajasthan,37.28138298108855,43.7141533300615,1010.4985085462422,3.2176939632096806,0
2022-12-14,AWS_08_Rajasthan,40.2887453458868,36.051726524576864,1010.7103966047764,0.4885680279727405,0
2022-12-15,AWS_08_Rajasthan,39.390437185189015,44.1290950259974,1010.2571273981227,0.2983916429011666,0
2022-12-16,AWS_08_Rajasthan,38.96826563159771,39.75467679363285,1009.8723751166405,2.143836762594312,0
2022-12-17,AWS_08_Rajasthan,37.66323463126001,33.05210267980992,1010.6606939707622,0.3041692029469734,0
2022-12-18,AWS_08_Rajasthan,39.20067005126658,37.84158525537554,1011.150852663298,0.0631954630523274,0
2022-12-19,AWS_08_Rajasthan,39.080269297517326,39.76200219550026,1010.7393664867416,1.4483917221161569,0
2022-12-20,AWS_08_Rajasthan,40.2263485339664,29.86654645739793,1010.7826177376616,0.4111647230598874,0
2022-12-21,AWS_08_Rajasthan,40.043608461760286,39.05159261969166,1010.6363256583886,0.2827697641254402,0
2022-12-22,AWS_08_Rajasthan,41.02040747241078,40.61398221415976,1011.060941685058,5.993330447539337,0
2022-12-23,AWS_08_Rajasthan,39.14058951459352,38.272344755335645,1010.6324747477044,0.5176807530852094,0
2022-12-24,AWS_08_Rajasthan,37.10786486111362,36.87284658829381,1010.532634519638,3.506437165627624,0
2022-12-25,AWS_08_Rajasthan,41.41203079365836,36.523853691703614,1011.3464457315426,0.2944215868465792,0
2022-12-26,AWS_08_Rajasthan,38.54412567951224,36.33564761744767,1010.5628012433788,2.5636978702504853,0
2022-12-27,AWS_08_Rajasthan,38.30644869476932,33.49101814624599,1011.3071306196211,1.045789650545002,0
2022-12-28,AWS_08_Rajasthan,39.916660610368034,34.948093973977294,1011.4497283965324,0.1227830240880355,0
2022-12-29,AWS_08_Rajasthan,40.445109379787645,35.75495865712588,1011.2145652427856,1.9841643173216483,0
2022-12-30,AWS_08_Rajasthan,39.2016711403556,37.3416683250043,1010.340955527902,3.339455475971251,0
2022-12-31,AWS_08_Rajasthan,39.19196097779781,35.329555727028804,1011.0135774546112,0.2669272616780034,0
2023-01-01,AWS_08_Rajasthan,39.411386272279294,34.393797558833285,1010.9334267137824,1.9396992356449312,0
2023-01-02,AWS_08_Rajasthan,42.11651413684559,39.2840533714599,1010.8208435955778,0.8833226980108329,0
2023-01-03,AWS_08_Rajasthan,39.97731829670146,38.12250738553576,1011.1746151281196,2.102845903326081,0
2023-01-04,AWS_08_Rajasthan,38.51488001509951,35.401268947178615,1011.5222080273536,1.8772673557037467,0
2023-01-05,AWS_08_Rajasthan,38.511499413730064,38.5484500149859,1010.9426532674094,0.0404406275154825,0
2023-01-06,AWS_08_Rajasthan,39.54906520938774,35.683159759650025,1011.120512057758,0.2953386623647436,0
2023-01-07,AWS_08_Rajasthan,40.25526901545037,37.24720530880244,1011.1198866228827,0.9552275210651212,0
2023-01-08,AWS_08_Rajasthan,40.59342457280041,40.000872547110816,1011.8564930669988,4.067955680914637,0
2023-01-09,AWS_08_Rajasthan,40.01855522506259,35.28459539519163,1011.1800673324232,0.6279929854411508,0
2023-01-10,AWS_08_Rajasthan,38.530271468209214,33.60100432245029,1010.725383459482,1.4868183360921885,0
2023-01-11,AWS_08_Rajasthan,39.11384653281083,36.70759140399197,1010.5897360001912,0.0182360212398794,0
2023-01-12,AWS_08_Rajasthan,40.80322294233376,33.07968431170829,1011.5915737830204,1.862651793357252,0
2023-01-13,AWS_08_Rajasthan,37.93176551092108,36.36713821388952,1011.0635021560654,1.3859864393400805,0
2023-01-14,AWS_08_Rajasthan,38.89677063674511,36.389287146996026,1011.811707784648,1.8849782019937116,0
2023-01-15,AWS_08_Rajasthan,40.43206367729592,29.874165119441088,1010.8450965959788,3.525468388662116,0
2023-01-16,AWS_08_Rajasthan,40.78524922431085,38.893432871600346,1011.274460231763,0.2376127301099983,0
2023-01-17,AWS_08_Rajasthan,39.11541958033347,36.79204919311572,1010.9116804410012,0.4548832589692819,0
2023-01-18,AWS_08_Rajasthan,38.71647584436933,40.92666875247263,1011.827147807087,8.202197381305538,0
2023-01-19,AWS_08_Rajasthan,37.27465163089944,38.07069391477364,1011.9669630936972,0.2549089270917832,0
2023-01-20,AWS_08_Rajasthan,46.29605040707814,39.67628717084387,1011.8443583780064,1.9128112437542448,1
2023-01-21,AWS_08_Rajasthan,41.07332081810426,41.08717266511594,1011.1643840841508,1.936890386463884,0
2023-01-22,AWS_08_Rajasthan,42.85571084754398,37.17171746046237,1011.366567213726,1.7232506660039202,0
2023-01-23,AWS_08_Rajasthan,39.4966229590439,37.61641404268439,1011.888483806793,0.3870695491969284,0
2023-01-24,AWS_08_Rajasthan,38.745780558276046,32.952456023691006,1010.9591052743498,0.3633635354229881,0
2023-01-25,AWS_08_Rajasthan,37.34373100302668,41.4480721369867,1011.7138197330308,1.6464539542907226,0
2023-01-26,AWS_08_Rajasthan,35.80273820723165,37.35089432778026,1012.6240038617688,0.3091534682060637,0
2023-01-27,AWS_08_Rajasthan,38.78029922587935,34.831459576802,1011.8064809088904,1.625127449069424,0
2023-01-28,AWS_08_Rajasthan,41.93049738170939,40.13060248718918,1011.1828282222896,1.0174714466216552,0
2023-01-29,AWS_08_Rajasthan,40.1976595302978,31.436975746500146,1011.6537630563936,0.7331776351705019,0
2023-01-30,AWS_08_Rajasthan,39.84909785452325,36.755462216607576,1011.6722049374812,0.5355103900825477,0
2023-01-31,AWS_08_Rajasthan,38.42185844803279,40.837244996523566,1013.0874962776224,4.422612871138611,0
2023-02-01,AWS_08_Rajasthan,38.46837003583882,36.87021427529181,1012.879670754988,1.0642004128149942,0
2023-02-02,AWS_08_Rajasthan,34.165560545549994,36.102701848316,1012.4414780601276,1.235744965757284,0
2023-02-03,AWS_08_Rajasthan,38.81354667688597,37.083089433952594,1011.9333326609644,4.471445345331562,0
2023-02-04,AWS_08_Rajasthan,36.66591122624204,32.37882816053384,1012.7337183430722,1.5914429921948967,0
2023-02-05,AWS_08_Rajasthan,36.34405428922122,40.63406654728336,1011.5948707273824,4.7498850860545705,0
2023-02-06,AWS_08_Rajasthan,36.77010603608659,38.19991817940669,1012.7277410315436,0.1686897184079239,0
2023-02-07,AWS_08_Rajasthan,36.57449579115354,37.834453298398536,1012.6809405089402,2.8124471687713277,0
2023-02-08,AWS_08_Rajasthan,35.88526806352139,37.93015332135637,1012.1684206295572,0.6128879003555023,0
2023-02-09,AWS_08_Rajasthan,36.831000291252266,38.864986719400434,1012.8404577584556,2.494950638794552,0
2023-02-10,AWS_08_Rajasthan,35.81804322693876,40.87147804273,1012.073648557338,2.903132572278166,0
2023-02-11,AWS_08_Rajasthan,36.648054050498175,38.845198166765705,1011.6907264374354,0.4751265374875894,0
2023-02-12,AWS_08_Rajasthan,34.105802234218444,35.00847952343571,1012.8378697441658,0.7884790466379383,0
2023-02-13,AWS_08_Rajasthan,35.85141869081189,40.91368816648368,1012.3314840698775,1.942019342965448,0
2023-02-14,AWS_08_Rajasthan,34.36098402007208,40.77832198466899,1012.6998069557528,0.1564676501757896,0
2023-02-15,AWS_08_Rajasthan,34.8732106606214,39.996361201296125,1013.3337565403432,2.1130157013538677,0
2023-02-16,AWS_08_Rajasthan,35.87752569995191,42.70433681494018,1012.0861610403936,0.1755980026149847,0
2023-02-17,AWS_08_Rajasthan,33.080610624521206,39.670217716865366,1012.399144293508,3.68808192866336,0
2023-02-18,AWS_08_Rajasthan,34.0743645055918,43.015285083253474,1013.278761427682,0.485148950386183,0
2023-02-19,AWS_08_Rajasthan,35.980032519556474,44.006441097405485,1012.8509774823848,1.2856159999322372,0
2023-02-20,AWS_08_Rajasthan,32.822725145922675,41.63694328016123,1012.1889382816656,0.1869058991414273,0
2023-02-21,AWS_08_Rajasthan,37.42254873221166,37.75291455048422,1012.083082850372,0.4710250156183916,0
2023-02-22,AWS_08_Rajasthan,36.37302155195811,39.71255163434289,1012.317850993462,0.7761587765561302,0
2023-02-23,AWS_08_Rajasthan,33.63274217500442,43.93112078692779,1012.233514823948,1.001362071803467,0
2023-02-24,AWS_08_Rajasthan,32.99935989911956,35.83273101276453,1012.7417521777596,0.0001012498869646,0
2023-02-25,AWS_08_Rajasthan,34.28630195268824,39.26220065392988,1012.6821703602036,3.292692955168822,0
2023-02-26,AWS_08_Rajasthan,31.613050727657885,39.52296599740341,1012.8019601298691,0.0115566187072616,0
2023-02-27,AWS_08_Rajasthan,30.579575401935088,38.07134563369095,1012.260830410489,2.228738270828045,0
2023-02-28,AWS_08_Rajasthan,32.69008523491436,43.402015180617376,1012.6642172292924,0.953956735322294,0
2023-03-01,AWS_08_Rajasthan,32.97212662004465,42.03147391609494,1011.6896780295737,1.1131281119746357,0
2023-03-02,AWS_08_Rajasthan,33.10682688123082,38.88671861894108,1012.80741586814,0.3502937168102401,0
2023-03-03,AWS_08_Rajasthan,31.83299746048023,42.95647682661777,1013.3395037327664,1.402325077299179,0
2023-03-04,AWS_08_Rajasthan,34.453949134424455,40.78587755873133,1012.0557620652136,1.155793851173074,0
2023-03-05,AWS_08_Rajasthan,30.086301367326435,38.71283864887454,1013.0256768082428,0.2691142333900935,0
2023-03-06,AWS_08_Rajasthan,30.40572404494775,39.368034913622886,1012.4937545634242,0.4079473578613309,0
2023-03-07,AWS_08_Rajasthan,32.62536612536247,42.9393462579591,1013.215278202452,0.1038701879244845,0
2023-03-08,AWS_08_Rajasthan,29.93348911858425,44.57362380868554,1012.9075797019768,0.1028737458396021,0
2023-03-09,AWS_08_Rajasthan,29.654345615135057,40.42265170488934,1013.0442946317636,0.0208073289243725,0
2023-03-10,AWS_08_Rajasthan,31.417108195377317,43.64356628268328,1012.8874953165362,0.3736044807987436,0
2023-03-11,AWS_08_Rajasthan,55.6434015746222,46.88367656206744,1013.531840360838,1.7075642681911654,1
2023-03-12,AWS_08_Rajasthan,30.582364126468946,38.4908221775464,1013.0534173547312,0.5701684588415636,0
2023-03-13,AWS_08_Rajasthan,29.505004346481087,43.46427294082002,1012.538480917853,0.6295003236035456,0
2023-03-14,AWS_08_Rajasthan,29.03374236619016,45.01983111888664,1012.9514705587508,0.2121818644737827,0
2023-03-15,AWS_08_Rajasthan,26.942946611849464,42.37374786513672,1012.7280291317009,1.2851612655697238,0
2023-03-16,AWS_08_Rajasthan,30.074702352596567,46.50607384778719,1013.0034595210044,0.6281530075661801,0
2023-03-17,AWS_08_Rajasthan,27.76238017080781,49.52041673822545,1012.7215950191264,1.691985044852327,0
2023-03-18,AWS_08_Rajasthan,29.14753280404732,44.08726826839143,1012.60172247593,2.0290542055179963,0
2023-03-19,AWS_08_Rajasthan,28.397462249593183,42.4903053190997,1013.0478370167192,1.3181054592271362,0
2023-03-20,AWS_08_Rajasthan,28.620642955432853,46.25643125528149,1012.9835914973196,0.4845899047943399,0
2023-03-21,AWS_08_Rajasthan,28.46980908657173,45.98659392536707,1013.4945908630662,1.0657690360322982,0
2023-03-22,AWS_08_Rajasthan,28.74788324227739,36.03925521187402,1012.7614696939378,0.4353896972654377,0
2023-03-23,AWS_08_Rajasthan,27.12819243920672,43.72331825090159,1011.9842719610402,3.498219149075063,0
2023-03-24,AWS_08_Rajasthan,29.84560885194865,42.68387923804632,1012.7979295909432,2.1811260427944847,0
2023-03-25,AWS_08_Rajasthan,24.97160960313168,45.19428296344744,1012.1712290393776,1.018883886577454,0
2023-03-26,AWS_08_Rajasthan,27.16345217550744,43.55997438580532,1013.196271800836,5.048331748724504,0
2023-03-27,AWS_08_Rajasthan,28.51786900505088,44.02245884293867,1012.15488902812,1.1869851697116034,3
2023-03-28,AWS_08_Rajasthan,27.80515731474366,41.82560068243213,1012.5004644150092,0.5974411452225656,3
2023-03-29,AWS_08_Rajasthan,25.453917829948885,46.75625173446864,1012.8157036131736,0.1505052346614721,3
2023-03-30,AWS_08_Rajasthan,25.52974369300841,49.6553484172688,1013.77047532486,1.1770572427748385,3
2023-03-31,AWS_08_Rajasthan,25.057703191783872,42.28485537286512,1012.4630919461024,2.9536396348049125,3
2023-04-01,AWS_08_Rajasthan,27.292424315477337,40.774406624189126,1013.0061839710456,3.0229403369481647,3
2023-04-02,AWS_08_Rajasthan,25.10937026217661,45.16329202808246,1013.289821605788,1.3916611208593224,3
2023-04-03,AWS_08_Rajasthan,26.427667030995128,45.15499545566947,1013.741122837985,0.7499233931665782,3
2023-04-04,AWS_08_Rajasthan,26.26728601793322,48.89136946494054,1013.3866568070308,1.5760036164105378,3
2023-04-05,AWS_08_Rajasthan,29.249471910062635,41.82848273845893,1013.542787797547,2.154111756457272,3
2023-04-06,AWS_08_Rajasthan,25.993074021743308,44.03954563757109,1013.4254713329342,0.7955856192269137,3
2023-04-07,AWS_08_Rajasthan,24.13313536894744,39.34745139206241,1012.3856491365034,0.9701231521385496,3
2023-04-08,AWS_08_Rajasthan,22.9866902125634,50.052427705399474,1013.1663597506932,1.7120431511868763,3
2023-04-09,AWS_08_Rajasthan,24.590681703231308,46.815751537243656,1013.406558604073,3.1391258459065163,3
2023-04-10,AWS_08_Rajasthan,24.653928992867225,44.81014444481483,1012.4991050356276,2.348206026650053,3
2023-04-11,AWS_08_Rajasthan,21.3452279518845,42.36959856824343,1012.6820163615656,0.033968793250717,3
2023-04-12,AWS_08_Rajasthan,21.41189461855117,42.78055863872969,1012.5642569563964,0.199221492581252,3
2023-04-13,AWS_08_Rajasthan,21.478561285217832,47.84992514041925,1013.345538876275,2.873722277874954,3
2023-04-14,AWS_08_Rajasthan,21.5452279518845,43.41951070637012,1012.9173805411002,2.692051138279142,3
2023-04-15,AWS_08_Rajasthan,25.436722891239683,47.187947386008986,1012.7838134460906,0.7385132089125473,3
2023-04-16,AWS_08_Rajasthan,21.47913777186508,53.13835509448365,1012.2950406077216,1.316607486867054,3
2023-04-17,AWS_08_Rajasthan,24.665923957959382,46.099751572462935,1012.8932439705314,3.544219097884473,3
2023-04-18,AWS_08_Rajasthan,24.85647265702155,44.39054016632489,1012.6336414564822,3.638124013677465,3
2023-04-19,AWS_08_Rajasthan,24.756600740196298,48.55258007744363,1013.029031775893,2.292428816474142,3
2023-04-20,AWS_08_Rajasthan,20.81053738277095,43.86015508636766,1012.3252395607016,0.3528032064841848,3
2023-04-21,AWS_08_Rajasthan,23.469932955598125,52.8277038223337,1012.974475416534,1.9655719553565365,3
2023-04-22,AWS_08_Rajasthan,21.835137782033865,52.00803864759484,1012.6542873073414,0.1598726121542757,3
2023-04-23,AWS_08_Rajasthan,20.570671008063883,47.43326533111722,1012.2367993992084,3.365603673229511,3
2023-04-24,AWS_08_Rajasthan,21.902215995472883,45.36163421786061,1012.1849394254472,0.2422770345260622,3
2023-04-25,AWS_08_Rajasthan,21.010266945526336,46.903032895934366,1012.2466570581076,1.628612093189994,3
2023-04-26,AWS_08_Rajasthan,23.595225193285145,47.41923202600695,1012.718009731468,1.4133487719366642,3
2023-04-27,AWS_08_Rajasthan,20.765107883745586,49.58183689842107,1012.8672093218312,2.250200452643457,0
2023-04-28,AWS_08_Rajasthan,18.050038804372114,51.673922412740254,1012.9265903976584,1.2030291238355162,0
2023-04-29,AWS_08_Rajasthan,18.47740967692415,45.56832402334106,1012.9298911041232,0.092121629942417,0
2023-04-30,AWS_08_Rajasthan,18.779638852636364,51.83233727256464,1012.3807627774574,1.83547905435555,0
2023-05-01,AWS_08_Rajasthan,19.030990949016324,50.77328616986637,1013.2726140914662,0.7247051805009526,0
2023-05-02,AWS_08_Rajasthan,20.44011264610438,47.516319965352345,1012.5051714930958,0.5791225321604299,0
2023-05-03,AWS_08_Rajasthan,19.75976011954373,45.89781481021309,1012.9337192195296,7.182477042164903,0
2023-05-04,AWS_08_Rajasthan,48.585448247091264,49.62367861812553,1012.6084203979592,1.3388604508044284,1
2023-05-05,AWS_08_Rajasthan,17.925225309171548,46.2119782151715,1012.8596615746887,1.8605354973105448,0
2023-05-06,AWS_08_Rajasthan,15.455858808239933,52.57624834168717,1012.5455443643754,1.1208543700661144,0
2023-05-07,AWS_08_Rajasthan,19.855913807464905,46.246684616017205,1012.8298935411792,2.204335569728463,0
2023-05-08,AWS_08_Rajasthan,17.051694875111423,51.37321013839806,1012.6092654577018,2.0919297962113994,0
2023-05-09,AWS_08_Rajasthan,19.8614753855555,49.59859946274555,1012.9992860128906,1.6056763737205677,0
2023-05-10,AWS_08_Rajasthan,17.632764292522708,48.26749657297442,1012.1619571885518,9.140619007750118,0
2023-05-11,AWS_08_Rajasthan,20.18847855630929,49.74833277054092,1011.6648224147888,0.9237058023124254,0
2023-05-12,AWS_08_Rajasthan,17.874608714835773,53.40273441473901,1012.041098515864,1.837244957501696,0
2023-05-13,AWS_08_Rajasthan,14.634348367396,46.69044045060302,1013.0397928626828,2.3975834868259644,0
2023-05-14,AWS_08_Rajasthan,15.68073737366274,49.1336099949648,1012.4051646117532,0.7074908047650483,0
2023-05-15,AWS_08_Rajasthan,16.171425656247504,48.21612467893532,1012.5051462559464,0.9164525180429612,0
2023-05-16,AWS_08_Rajasthan,14.940058510981302,50.45515840412883,1011.9085355203288,5.218767560739753,0
2023-05-17,AWS_08_Rajasthan,15.5136352785245,48.61497074857771,1012.4439440827896,0.0492358116503531,0
2023-05-18,AWS_08_Rajasthan,13.860251168372782,45.46109346927104,1011.8751561317376,0.6126193944138365,0
2023-05-19,AWS_08_Rajasthan,15.75366491905858,47.694539932111546,1011.9236561814276,0.9989196344982094,0
2023-05-20,AWS_08_Rajasthan,15.93866276531736,55.866096574585214,1012.1348858870152,0.0021991008311217,0
2023-05-21,AWS_08_Rajasthan,13.916929492173296,51.78413114644026,1012.5328613433392,3.440840970647393,0
2023-05-22,AWS_08_Rajasthan,18.17715797002064,51.7703567158255,1012.5600332167944,0.505822008683288,0
2023-05-23,AWS_08_Rajasthan,15.20890983428991,50.37294000576311,1012.5470480781606,0.4470124717871562,0
2023-05-24,AWS_08_Rajasthan,13.738617919188275,51.1515641743167,1011.4365271424044,2.5749184027740037,0
2023-05-25,AWS_08_Rajasthan,12.372779829643065,50.10079921459678,1012.1999158762546,0.4885603667072351,0
2023-05-26,AWS_08_Rajasthan,14.76367641284649,53.052921548122775,1012.0771795878936,1.607762435632743,0
2023-05-27,AWS_08_Rajasthan,14.14305878742685,51.85454565612276,1011.381453327768,2.5847764362205234,0
2023-05-28,AWS_08_Rajasthan,15.57178014048661,48.11635606692018,1012.1271704081814,2.358768552354386,0
2023-05-29,AWS_08_Rajasthan,14.049028729493203,52.46741115105477,1011.9652672683628,2.2845513999167397,0
2023-05-30,AWS_08_Rajasthan,12.343848906097271,44.404101613328,1012.3172229323828,0.1392219347242719,0
2023-05-31,AWS_08_Rajasthan,16.514363501652323,53.093985566241386,1012.0727483201516,0.1248229247650369,0
2023-06-01,AWS_08_Rajasthan,14.539135758175894,47.69438746439608,1011.72782336175,1.6487707323408751,0
2023-06-02,AWS_08_Rajasthan,13.385537482047331,51.70229157037842,1012.4354266394458,0.164744643076649,0
2023-06-03,AWS_08_Rajasthan,13.898285447792656,48.47250139005826,1010.8317022649602,3.1230316042073625,0
2023-06-04,AWS_08_Rajasthan,14.250676864757017,52.12869021007671,1011.879680822802,2.2597499914846058,0
2023-06-05,AWS_08_Rajasthan,11.288307569680576,53.91678270610254,1010.999412102705,3.664098017879381,0
2023-06-06,AWS_08_Rajasthan,13.563836671464651,56.75002677487992,1011.393904044336,1.5972560134207017,0
2023-06-07,AWS_08_Rajasthan,12.55156817846898,47.674925098731386,1012.081118769136,2.99274090575593,0
2023-06-08,AWS_08_Rajasthan,13.89094640238408,55.28070662476229,1011.1500818130926,1.8341302555103325,0
2023-06-09,AWS_08_Rajasthan,11.926780232376686,52.800856333683214,1011.043557021056,0.9772719058649372,0
2023-06-10,AWS_08_Rajasthan,12.040898232911193,51.10631224692224,1012.9143999531674,4.716064247294139,0
2023-06-11,AWS_08_Rajasthan,15.357023163473988,54.78658864910529,1011.0115800996314,5.036080632615729,0
2023-06-12,AWS_08_Rajasthan,14.627743012644412,51.845725517417975,1012.484077415993,7.953514063137016,0
2023-06-13,AWS_08_Rajasthan,7.760608430968996,54.75033429153349,1011.540112999582,9.348559991436565,0
2023-06-14,AWS_08_Rajasthan,14.365608405722895,49.66292489945806,1011.3310110778276,5.485308890474886,0
2023-06-15,AWS_08_Rajasthan,12.45046430537694,50.78047042038908,1011.8438545456926,5.234151092654079,0
2023-06-16,AWS_08_Rajasthan,11.433128445974074,55.54771356391375,1012.1956280232284,0.2625530232798213,0
2023-06-17,AWS_08_Rajasthan,49.66648780222872,57.20828017650651,1010.9210103899076,0.5232861166868141,1
2023-06-18,AWS_08_Rajasthan,10.952666836314352,52.67985100040755,1011.205486445597,7.534399252195575,0
2023-06-19,AWS_08_Rajasthan,11.302957183981832,44.453641166150106,1011.8504766982218,1.193422209598627,0
2023-06-20,AWS_08_Rajasthan,10.582732879414388,52.24660543506769,1011.5373429358008,1.977216338273952,0
2023-06-21,AWS_08_Rajasthan,10.1961703955605,52.96695270365617,1011.910492086772,0.7065074367568694,0
2023-06-22,AWS_08_Rajasthan,10.626218713250935,52.19494333305374,1011.583170003093,0.976958101004975,0
2023-06-23,AWS_08_Rajasthan,12.634691927013405,53.92352931675952,1012.1957103984143,6.720799399609071,0
2023-06-24,AWS_08_Rajasthan,12.191652744266136,51.50268877640236,1011.346790654322,1.3662956475544106,0
2023-06-25,AWS_08_Rajasthan,12.921332551221292,55.4665852255235,1011.3342235884088,2.6823776916937465,0
2023-06-26,AWS_08_Rajasthan,11.963146027382264,49.46403116112268,1011.3499341856424,0.7401923392117993,0
2023-06-27,AWS_08_Rajasthan,10.081964625082602,56.68655548146255,1011.0835285326036,5.098437336955188,0
2023-06-28,AWS_08_Rajasthan,12.767063902634389,57.63572074765814,1011.544470134132,5.863254184458576,0
2023-06-29,AWS_08_Rajasthan,10.505928470256409,50.25341370663692,1011.2045650779406,2.0202068319329296,0
2023-06-30,AWS_08_Rajasthan,12.974588373836244,50.256533711274905,1011.4457268850268,6.911727995179895,0
2023-07-01,AWS_08_Rajasthan,10.25163856793684,54.23178961426271,1011.4894639205896,1.2344131207172364,0
2023-07-02,AWS_08_Rajasthan,10.969303632766994,49.438042443701455,1011.1970133470028,5.298045339034921,0
2023-07-03,AWS_08_Rajasthan,11.46257946000097,51.51952457477713,1011.1992212816627,5.891409668982831,0
2023-07-04,AWS_08_Rajasthan,13.024569590154204,56.30017379018589,1010.4087906401928,15.582493690938987,0
2023-07-05,AWS_08_Rajasthan,12.28939839558507,55.19830456920575,1010.6043966513585,1.189730108019727,0
2023-07-06,AWS_08_Rajasthan,12.071985604276176,58.91659838446889,1011.2669187680284,0.4427840949091966,0
2023-07-07,AWS_08_Rajasthan,14.891203963780304,53.47652342211643,1011.5227420912748,1.3734695284031186,0
2023-07-08,AWS_08_Rajasthan,9.332073132055788,51.11745863665487,1009.8064668730024,0.5899102581985466,0
2023-07-09,AWS_08_Rajasthan,10.558951057359112,53.08714909415338,1010.4585720714692,0.8368260434077401,0
2023-07-10,AWS_08_Rajasthan,10.527818427356385,52.46274861353702,1010.7202119073676,1.8298690332694287,0
2023-07-11,AWS_08_Rajasthan,9.53081047463339,52.48359213552385,1010.2347487430826,2.404888645288518,0
2023-07-12,AWS_08_Rajasthan,11.148790617840422,52.79826322590168,1010.229207006458,10.53242350767376,0
2023-07-13,AWS_08_Rajasthan,13.30508550063221,50.04845315635434,1010.8441141573096,0.9795520251671052,0
2023-07-14,AWS_08_Rajasthan,11.435390003345828,53.66216120712938,1011.363646153706,16.05140821620708,0
2023-07-15,AWS_08_Rajasthan,11.876838820754868,48.55895689459032,1009.5234768813776,7.47692054993562,0
2023-07-16,AWS_08_Rajasthan,9.850030198037889,50.6015987820709,1010.4207175645472,9.5967041042224,0
2023-07-17,AWS_08_Rajasthan,11.30061317758207,52.360277116110495,1010.7043091854392,11.931067857689822,0
2023-07-18,AWS_08_Rajasthan,11.8683942713822,45.90080157931119,1010.8296456357016,6.297047667412207,0
2023-07-19,AWS_08_Rajasthan,13.594066065847098,54.9467086478768,1010.5661380329876,6.996844068623618,0
2023-07-20,AWS_08_Rajasthan,10.191575604042626,46.43827921278894,1011.2544871930965,2.5916857456289555,0
2023-07-21,AWS_08_Rajasthan,12.0988617577395,54.56226314336813,1010.3556363322136,3.2142112044908435,0
2023-07-22,AWS_08_Rajasthan,14.492943560731238,48.62859126414243,1010.9647717698548,12.12935312093888,0
2023-07-23,AWS_08_Rajasthan,12.280326087121916,51.24355763328561,1009.9533887033674,2.1385201692117386,0
2023-07-24,AWS_08_Rajasthan,9.863710998108084,53.96479015839909,1010.2735755428864,0.1928351484629061,0
2023-07-25,AWS_08_Rajasthan,15.04876008996174,58.94870631618733,1009.6064619087877,6.473966968248165,0
2023-07-26,AWS_08_Rajasthan,14.329098802217317,52.64835399688787,1010.6317203026432,3.831030961681278,0
2023-07-27,AWS_08_Rajasthan,14.63139110413862,46.293666534532655,1010.0897778887404,7.590281421379634,0
2023-07-28,AWS_08_Rajasthan,10.815917020402638,55.0430325461812,1010.2978729625588,0.3535095736373862,0
2023-07-29,AWS_08_Rajasthan,15.80829751868535,51.42446539690036,1009.9315022973406,4.368741180255513,0
2023-07-30,AWS_08_Rajasthan,12.491413522951254,52.2661041630233,1010.3508952354816,1.280825662946395,0
2023-07-31,AWS_08_Rajasthan,13.002542133114524,53.66404591855149,1010.2261715727104,10.511177205153558,0
2023-08-01,AWS_08_Rajasthan,12.831532689927108,45.2463241641885,1009.5001906581228,0.5239468353331644,0
2023-08-02,AWS_08_Rajasthan,15.428691830318758,51.87201851041362,1009.4994915016767,8.333778593481833,0
2023-08-03,AWS_08_Rajasthan,13.86472955074242,50.55124571328456,1009.9246555385054,0.4172544273480759,0
2023-08-04,AWS_08_Rajasthan,14.986695675832596,55.37174235975876,1010.239306101622,0.1143794914272217,0
2023-08-05,AWS_08_Rajasthan,14.511070313883495,53.81150198741226,1010.8122692517368,1.2058071052619277,0
2023-08-06,AWS_08_Rajasthan,14.391228581107496,46.671113325,1010.0039508925242,1.8226440598377984,0
2023-08-07,AWS_08_Rajasthan,13.253585983131444,55.260013512046726,1010.3281951966592,4.432114396529849,0
2023-08-08,AWS_08_Rajasthan,17.535299660552543,52.73881024757156,1008.9903264061682,0.6356084872477763,0
2023-08-09,AWS_08_Rajasthan,12.768638775614802,46.66471565428455,1010.7759087247904,2.587778326424887,0
2023-08-10,AWS_08_Rajasthan,15.732020903421253,51.38803648626734,1010.0453174763728,1.0281928788157866,0
2023-08-11,AWS_08_Rajasthan,15.831761417958688,54.23774889596884,1009.6910883179474,8.699020201448096,0
2023-08-12,AWS_08_Rajasthan,17.154628032211114,47.40181489486126,1009.6073392618528,0.2070399100873254,0
2023-08-13,AWS_08_Rajasthan,17.664679890369868,55.08556352650714,1009.1102723726434,1.9798193693883224,0
2023-08-14,AWS_08_Rajasthan,15.53900009828473,46.322066250526056,1009.227809783186,4.490878122021309,0
2023-08-15,AWS_08_Rajasthan,16.70625136513307,48.39165566648994,1010.5686553622928,10.992875468104188,0
2023-08-16,AWS_08_Rajasthan,18.726537069976324,47.8404009199466,1009.0943305606428,9.112065883022666,0
2023-08-17,AWS_08_Rajasthan,16.152967691260404,54.70181099954097,1009.0605122937149,10.150313262857557,0
2023-08-18,AWS_08_Rajasthan,14.825477884657689,48.99830696334929,1009.1897746487892,0.2921194744077345,0
2023-08-19,AWS_08_Rajasthan,16.025658425005428,46.88162865255726,1008.9184656018222,8.272658523987587,0
2023-08-20,AWS_08_Rajasthan,14.825408816305616,51.60284531432657,1009.5023196323588,6.811786985878898,0
2023-08-21,AWS_08_Rajasthan,17.522851631278385,52.14632787761456,1010.0166780307516,10.472409510824985,0
2023-08-22,AWS_08_Rajasthan,18.74723655558807,52.05943557388119,1009.14498575413,1.6800783300819429,0
2023-08-23,AWS_08_Rajasthan,17.157038116223646,49.135353730422,1008.7420381499622,10.924887481754263,0
2023-08-24,AWS_08_Rajasthan,15.097774950735648,50.60405146030164,1009.553564928942,2.318567169267995,0
2023-08-25,AWS_08_Rajasthan,19.254816024496417,47.77939230022077,1009.3591529385182,4.524274563765282,0
2023-08-26,AWS_08_Rajasthan,15.25346892592714,54.64273796622101,1009.868286172149,2.4838128684083927,0
2023-08-27,AWS_08_Rajasthan,15.796957693266574,52.937821270173146,1009.1200374529012,2.5110083000050176,0
2023-08-28,AWS_08_Rajasthan,18.048691002771843,52.63961415339978,1009.1980706513494,3.5597798610366973,0
2023-08-29,AWS_08_Rajasthan,18.89646205257955,51.65732826996846,1009.2347367030222,1.9797423948740835,0
2023-08-30,AWS_08_Rajasthan,19.356957877960312,50.71715041522913,1009.3358577157773,7.081950298986449,0
2023-08-31,AWS_08_Rajasthan,18.83133590582901,45.3066009853228,1009.0774349052214,4.518609168144848,0
2023-09-01,AWS_08_Rajasthan,21.779664317695456,50.820133040199416,1008.9792653085584,5.26677941566369,0
2023-09-02,AWS_08_Rajasthan,19.448437502686097,49.14240426672636,1008.314786749612,0.3940643465473981,0
2023-09-03,AWS_08_Rajasthan,21.11574380029994,52.4679541704696,1008.9411917501808,5.238750182813274,0
2023-09-04,AWS_08_Rajasthan,20.95913735267746,50.97728297198419,1009.565933052571,1.6189915952591525,0
2023-09-05,AWS_08_Rajasthan,18.05620227091843,50.08227691375893,1009.618411155035,0.3294667661486812,0
2023-09-06,AWS_08_Rajasthan,19.95950376011105,43.25355446967277,1008.943234228016,2.082385890345906,0
2023-09-07,AWS_08_Rajasthan,23.619381369965737,47.91334090443504,1009.814575746972,0.2862216649843482,0
2023-09-08,AWS_08_Rajasthan,19.8998246353564,46.379836982422304,1009.1370665197636,0.0982242844017163,0
2023-09-09,AWS_08_Rajasthan,19.8679538845032,48.68287796052738,1008.469628952016,1.124745819225366,0
2023-09-10,AWS_08_Rajasthan,21.36079899869834,46.55053482768189,1008.300045279182,1.209554293266882,0
2023-09-11,AWS_08_Rajasthan,20.628657201255304,46.83991290306557,1009.7236066745288,0.3141671667616494,0
2023-09-12,AWS_08_Rajasthan,20.36876509049916,48.91463202343296,1008.9167749773452,0.6424381333821697,0
2023-09-13,AWS_08_Rajasthan,21.063597601654266,46.11014412037902,1008.4856057452027,4.371762045816396,0
2023-09-14,AWS_08_Rajasthan,24.166985885118887,47.63964811697007,1007.9529262803076,0.5032158850506453,0
2023-09-15,AWS_08_Rajasthan,22.045671690513192,42.58427876867448,1008.875200847434,0.2536367084320197,0
2023-09-16,AWS_08_Rajasthan,20.49122655648046,44.51231608079838,1009.26649986345,7.351721589423426,0
2023-09-17,AWS_08_Rajasthan,20.44950073888201,48.844061818172165,1008.7069180347188,0.5399610048842132,0
2023-09-18,AWS_08_Rajasthan,26.262082172530253,43.05120949308284,1008.5213563186684,1.7103409892179746,0
2023-09-19,AWS_08_Rajasthan,22.85253067401996,50.34429967385408,1008.7660847324056,0.3950895440035413,0
2023-09-20,AWS_08_Rajasthan,24.07589082824061,49.3951848791654,1009.6557429056124,1.1981655886936866,0
2023-09-21,AWS_08_Rajasthan,22.504211403460918,45.53172319799759,1008.3316128912348,0.7323295768606088,0
2023-09-22,AWS_08_Rajasthan,24.38070337708199,55.19664550326461,1008.701794304324,4.888736836794682,0
2023-09-23,AWS_08_Rajasthan,26.32678858592355,49.79342838581845,1009.623150741822,0.8505804913856879,0
2023-09-24,AWS_08_Rajasthan,23.39852083004736,43.0796382766468,1009.260574446177,1.3162332275707629,0
2023-09-25,AWS_08_Rajasthan,25.304398227662663,48.02908327096312,1009.099353284688,4.344272081043884,0
2023-09-26,AWS_08_Rajasthan,22.74791105153849,45.85100036160265,1008.6824591287836,6.79708517845639,0
2023-09-27,AWS_08_Rajasthan,28.13118088525976,43.18593132301629,1009.0194180855194,0.1608072630822965,0
2023-09-28,AWS_08_Rajasthan,25.74030445885281,42.16884367708083,1008.7333260346034,2.696552039401112,0
2023-09-29,AWS_08_Rajasthan,24.959124965614848,48.22564244344041,1008.57121437309,0.7221830118214214,0
2023-09-30,AWS_08_Rajasthan,25.37244467002063,43.30944597472767,1008.4601379450396,1.355168030478416,0
2023-10-01,AWS_08_Rajasthan,25.29519227437591,44.65994262851889,1009.392066318714,0.7051208377996652,0
2023-10-02,AWS_08_Rajasthan,25.61286761792187,42.06479343583064,1008.9702599299322,0.7690315486660552,0
2023-10-03,AWS_08_Rajasthan,22.870869218965947,42.44574794096683,1009.158756849422,0.2594913525036772,0
2023-10-04,AWS_08_Rajasthan,26.63588926326331,44.17187647898076,1009.0789657505896,1.2756367192533635,0
2023-10-05,AWS_08_Rajasthan,26.81351379766452,45.57978583898783,1009.225809467688,1.186854448678084,0
2023-10-06,AWS_08_Rajasthan,27.996514846325283,36.51290962909732,1008.8808026127128,0.3148890369377021,0
2023-10-07,AWS_08_Rajasthan,26.71862323363599,44.191708624186944,1008.7707354606848,1.1704465286613586,0
2023-10-08,AWS_08_Rajasthan,26.586155223203505,41.76580285115058,1008.6079154164686,5.423548471663841,0
2023-10-09,AWS_08_Rajasthan,27.96990171635914,48.074765598614334,1008.3131504431216,1.8797897197453832,0
2023-10-10,AWS_08_Rajasthan,25.80127921430816,52.55978285719124,1008.4642845299006,0.9837266887428068,0
2023-10-11,AWS_08_Rajasthan,28.672575647201867,42.51791097176744,1008.8483435059458,3.716908212975458,0
2023-10-12,AWS_08_Rajasthan,25.90159325830904,38.29370166209378,1008.2358673172392,1.2846090691624767,0
2023-10-13,AWS_08_Rajasthan,30.61163301672888,43.67611374205131,1008.3531603649208,0.2176218951729136,0
2023-10-14,AWS_08_Rajasthan,30.192024530607195,42.57478652745408,1009.5728690359726,1.189483255802933,0
2023-10-15,AWS_08_Rajasthan,28.01061729470708,48.97125417023639,1009.1719618987238,0.2994575542450995,0
2023-10-16,AWS_08_Rajasthan,30.624872178984248,47.92367365356823,1008.8426017605884,2.188328798983873,0
2023-10-17,AWS_08_Rajasthan,30.032628959745384,45.38734912700994,1010.2135276617076,5.124811384341243,0
2023-10-18,AWS_08_Rajasthan,28.58288935223958,40.89911507129524,1008.2634054874596,0.6713504394676022,0
2023-10-19,AWS_08_Rajasthan,27.291923685405624,44.56116374354283,1009.5856926056408,0.8561763202291264,0
2023-10-20,AWS_08_Rajasthan,31.029442711107396,43.19228239950908,1009.053074183756,0.8209659373715785,0
2023-10-21,AWS_08_Rajasthan,29.590567997647437,42.991403456555325,1009.5128113955726,0.5038385563330233,0
2023-10-22,AWS_08_Rajasthan,32.65022969820787,37.463724543631386,1009.1868024009896,2.3711296618995297,0
2023-10-23,AWS_08_Rajasthan,31.253126607889342,45.19562829703719,1008.208794101719,1.4424356284774735,0
2023-10-24,AWS_08_Rajasthan,30.40545224868505,42.20638138868741,1009.205787658346,0.0992923291999938,0
2023-10-25,AWS_08_Rajasthan,34.37271829667567,41.45407013048629,1009.3395219509492,2.7377231232492085,0
2023-10-26,AWS_08_Rajasthan,32.76008193004976,39.8307235486048,1008.0899797251324,0.3106990510909997,0
2023-10-27,AWS_08_Rajasthan,26.63048747472873,39.12594064539136,1010.1727624075965,5.805685574630164,0
2023-10-28,AWS_08_Rajasthan,31.599423201865957,42.33519811237852,1009.3716411041672,0.7090022976951839,0
2023-10-29,AWS_08_Rajasthan,30.466895552193392,36.01363785716174,1009.5678588501816,1.437426552929722,0
2023-10-30,AWS_08_Rajasthan,31.555411478076586,43.50843434486038,1008.6654518949234,0.1215281565086583,0
2023-10-31,AWS_08_Rajasthan,32.74808744632272,37.8575773777555,1009.6103960516136,0.6339091364966492,0
2023-11-01,AWS_08_Rajasthan,33.704272532679255,34.72498664435673,1009.82722431323,2.431916267254554,0
2023-11-02,AWS_08_Rajasthan,33.771136534163574,46.24906427863908,1009.4271499310138,0.9728588108697984,0
2023-11-03,AWS_08_Rajasthan,35.199599104030945,38.092716286715415,1009.3140774094708,3.5245698244966475,0
2023-11-04,AWS_08_Rajasthan,34.739141679461625,38.38538302217856,1008.8908646848192,1.2839878601589974,0
2023-11-05,AWS_08_Rajasthan,34.84551249137327,43.841676651489934,1009.2489434345034,3.9586020978200303,0
2023-11-06,AWS_08_Rajasthan,34.48241291549707,45.88890731252298,1009.1209071248556,6.077781905176771,0
2023-11-07,AWS_08_Rajasthan,36.30473108077168,35.615547948942385,1009.683275642347,0.9074148111690484,0
2023-11-08,AWS_08_Rajasthan,34.09199480297576,37.2364046090982,1008.9931707239276,1.2491538744701804,0
2023-11-09,AWS_08_Rajasthan,34.32029311869065,37.348678949636245,1009.7217336586102,2.7019934560629446,0
2023-11-10,AWS_08_Rajasthan,32.084131879262586,42.69440961167475,1009.0416775648672,0.3756430273915854,0
2023-11-11,AWS_08_Rajasthan,36.71083200801703,44.7022044167589,1009.3522121059628,2.9667314130324547,0
2023-11-12,AWS_08_Rajasthan,35.19258693783128,36.44039913155147,1009.8140780231132,1.3444385840430155,0
2023-11-13,AWS_08_Rajasthan,39.88701560591056,43.82331770153115,1009.177267594079,1.93920676685516,0
2023-11-14,AWS_08_Rajasthan,35.05412839775792,37.35151055947012,1009.877980167897,0.1248344257619569,0
2023-11-15,AWS_08_Rajasthan,35.9682518324933,40.38814891548347,1009.853183834272,2.179854827237526,0
2023-11-16,AWS_08_Rajasthan,36.82518483501408,35.46825181337286,1009.4656080092082,0.5583071604001236,0
2023-11-17,AWS_08_Rajasthan,34.51965538727684,38.82134856110549,1010.2067860662304,2.4539213906247426,0
2023-11-18,AWS_08_Rajasthan,36.87439052686233,38.760051025757,1009.6900049333228,1.0674328021441,0
2023-11-19,AWS_08_Rajasthan,36.549561764949736,38.05591387141764,1010.2278690268082,0.4815777203779844,0
2023-11-20,AWS_08_Rajasthan,36.199927336735584,40.0660788746729,1010.5994733403686,4.578761811114063,0
2023-11-21,AWS_08_Rajasthan,38.569098121102805,35.801654729449105,1009.6084848873692,2.172652983407737,0
2023-11-22,AWS_08_Rajasthan,35.60609837461289,36.084989276022974,1010.078383995132,6.369783540923519,0
2023-11-23,AWS_08_Rajasthan,37.52235569495339,39.965043563230886,1009.4642622971083,0.6799437340437078,0
2023-11-24,AWS_08_Rajasthan,39.43698790273706,42.594682298264615,1009.2941394213244,1.571392481935471,0
2023-11-25,AWS_08_Rajasthan,36.3367126751806,38.41919016979049,1009.7406696243992,1.4185355884177946,0
2023-11-26,AWS_08_Rajasthan,37.08959310656731,39.919628274326094,1009.185296347543,1.7449985965679045,0
2023-11-27,AWS_08_Rajasthan,41.18773765094772,40.60579385618347,1009.4263254838412,0.058604929801677,0
2023-11-28,AWS_08_Rajasthan,38.51276812070105,40.74798326706221,1010.219705956584,0.5173722429699613,0
2023-11-29,AWS_08_Rajasthan,37.16978908045441,35.32280565367961,1009.6963442775444,3.6009184082993086,0
2023-11-30,AWS_08_Rajasthan,39.25739136256364,35.78128118227333,1010.3379151558568,0.8270028935080906,0
2023-12-01,AWS_08_Rajasthan,37.322111123466016,35.9730611033965,1010.1621548686888,4.852648025650809,0
2023-12-02,AWS_08_Rajasthan,35.94406729957233,43.76222072507479,1010.968109350778,0.3602498855547751,0
2023-12-03,AWS_08_Rajasthan,40.463534619375686,39.436013845242606,1010.3350681009824,8.942260764277274,0
2023-12-04,AWS_08_Rajasthan,36.86027145507308,39.23859838900099,1010.6606503516588,1.7939122573828583,0
2023-12-05,AWS_08_Rajasthan,42.29859251534231,38.88669378649615,1010.3353911464628,2.246800693156326,0
2023-12-06,AWS_08_Rajasthan,37.98944835955973,33.76707869042548,1010.3213095453144,0.7584118203504437,0
2023-12-07,AWS_08_Rajasthan,42.0219970580848,43.48765710619283,1010.7793905426448,3.5628646725374757,0
2023-12-08,AWS_08_Rajasthan,36.86394708098673,39.05644620163698,1010.5630719204454,1.1827136139632874,0
2023-12-09,AWS_08_Rajasthan,40.54622013904382,39.73634904673946,1010.3655827206974,1.713556544116977,0
2023-12-10,AWS_08_Rajasthan,39.84474069986105,32.22049253874741,1010.395475088612,0.1494127542648815,0
2023-12-11,AWS_08_Rajasthan,40.43506178351258,39.80839301698178,1010.5940688567272,1.498207584593923,0
2023-12-12,AWS_08_Rajasthan,40.70986260307944,36.35546062500852,1010.0217739168852,3.1689266131563008,0
2023-12-13,AWS_08_Rajasthan,38.586668346803805,33.41263046997811,1010.033257817618,0.2945392547607213,0
2023-12-14,AWS_08_Rajasthan,37.44152687396604,34.478827495544294,1011.1357381004252,2.0075479064086856,0
2023-12-15,AWS_08_Rajasthan,39.39595048884926,33.50684475500671,1011.3882905168616,0.0385933910228821,0
2023-12-16,AWS_08_Rajasthan,39.87041477685158,33.41986490581395,1010.0248521805624,3.909656134562983,0
2023-12-17,AWS_08_Rajasthan,38.88763379462805,37.41284304602903,1010.1881572517684,6.10451738136338,0
2023-12-18,AWS_08_Rajasthan,40.06723440684052,36.03919537574749,1011.1274183837436,0.6558518328428963,0
2023-12-19,AWS_08_Rajasthan,40.19679941629893,38.17228744674884,1010.856550996834,0.1698770999621496,0
2023-12-20,AWS_08_Rajasthan,38.3847188123362,42.170922766260006,1010.961760632974,1.6119468759599784,0
2023-12-21,AWS_08_Rajasthan,40.38553841712054,36.729728005069504,1011.1057143590637,0.0454329270963601,0
2023-12-22,AWS_08_Rajasthan,39.4314992837498,30.36115079281514,1010.5710162777996,0.9880788669349976,0
2023-12-23,AWS_08_Rajasthan,38.81748297954606,36.34986574829877,1010.8904274182684,0.4757264188896034,0
2023-12-24,AWS_08_Rajasthan,41.07954482174435,40.63819352953169,1010.8856799855504,0.9617974554361016,0
2023-12-25,AWS_08_Rajasthan,38.75990466122098,36.78481502321734,1010.3645508049824,0.0276668623500675,0
2023-12-26,AWS_08_Rajasthan,39.263173064227416,41.61760656159824,1010.9856158741328,0.0794876561903765,0
2023-12-27,AWS_08_Rajasthan,40.074900549572185,38.37778233696077,1011.48125049447,0.0241572270720355,0
2023-12-28,AWS_08_Rajasthan,42.04280285902002,31.495856266500027,1010.7296940461318,1.447953119064737,0
2023-12-29,AWS_08_Rajasthan,40.28087972694232,37.33348754539743,1011.007441401125,1.2317876263579486,0
2023-12-30,AWS_08_Rajasthan,40.79035824763963,37.89218916912126,1011.0689277456938,0.3982117414790336,0
2023-12-31,AWS_08_Rajasthan,39.55353619600525,40.241067403820935,1010.8576677247823,1.5604151496802925,0
2022-01-01,AWS_09_NorthEast,27.77577319095641,69.88324347082757,1008.7264967743348,2.052741413346767,0
2022-01-02,AWS_09_NorthEast,27.88258549501457,69.51942664016586,1008.2194367022844,3.3004552600461,0
2022-01-03,AWS_09_NorthEast,27.395871130000625,67.86999599687593,1008.1699506517012,0.8702362141712894,0
2022-01-04,AWS_09_NorthEast,28.032820155056,70.75296860476018,1007.5374227507832,0.6290119122126675,0
2022-01-05,AWS_09_NorthEast,28.199086489775645,70.62368300225734,1008.5020385000428,0.1619130632499912,0
2022-01-06,AWS_09_NorthEast,32.035222628704375,69.99395481459494,1007.9595482034168,0.6160990875198061,0
2022-01-07,AWS_09_NorthEast,29.872720960673018,71.20319016070174,1008.0165204852616,0.106413938677477,0
2022-01-08,AWS_09_NorthEast,29.379364308352702,75.36635289026927,1008.029283121524,2.4354589548400045,0
2022-01-09,AWS_09_NorthEast,27.73906173078172,68.31066055581772,1008.528134558676,2.467645417062165,0
2022-01-10,AWS_09_NorthEast,29.66707125784148,70.24749037255788,1007.5748981515752,0.8099637317808375,0
2022-01-11,AWS_09_NorthEast,27.251012753097715,68.19944979540432,1008.2710307483236,0.4509305867773496,0
2022-01-12,AWS_09_NorthEast,29.275794882805773,71.05417444274157,1008.900348495292,0.1883789767772138,0
2022-01-13,AWS_09_NorthEast,32.89725784282307,68.49407523781919,1007.8210085913385,2.8581029391502097,0
2022-01-14,AWS_09_NorthEast,30.76450578312315,68.65487061063382,1008.5637850124792,3.149408558921308,0
2022-01-15,AWS_09_NorthEast,29.420085268310423,65.88664736899091,1008.195006880097,0.4644613477752138,0
2022-01-16,AWS_09_NorthEast,30.745658027742724,70.59491172882583,1008.3420697553354,1.458341721386642,0
2022-01-17,AWS_09_NorthEast,28.87756673964896,71.62942735887461,1009.4045409959562,0.4489310608970968,0
2022-01-18,AWS_09_NorthEast,28.4180039915244,75.96240845373372,1007.78459785754,0.3825834792615752,0
2022-01-19,AWS_09_NorthEast,32.13209646890787,71.83260541896092,1009.0253544924706,0.0321542586733378,0
2022-01-20,AWS_09_NorthEast,27.81712655922237,69.12040909000525,1008.4360816647996,1.2911400670447888,0
2022-01-21,AWS_09_NorthEast,28.951761740989163,66.43801914243654,1008.44352025178,0.2436752387094544,0
2022-01-22,AWS_09_NorthEast,29.89218121477066,66.90300769177817,1008.1836679145372,0.0186725144771042,0
2022-01-23,AWS_09_NorthEast,27.976765082087727,66.73199859086017,1009.148276631124,0.1661479165540426,0
2022-01-24,AWS_09_NorthEast,30.30282173658541,76.30721180020986,1008.70727367027,0.5648118786499965,0
2022-01-25,AWS_09_NorthEast,28.810649311752645,71.59289039206308,1008.6755524983272,1.6591950699984923,0
2022-01-26,AWS_09_NorthEast,30.20787896440536,69.03908786915926,1008.9204696497028,0.3396416326162338,0
2022-01-27,AWS_09_NorthEast,30.030325041779832,67.96907241238615,1008.8113151206098,3.278411072708862,0
2022-01-28,AWS_09_NorthEast,28.72404677633436,68.34311150654513,1007.9267566019288,0.5105453588909393,0
2022-01-29,AWS_09_NorthEast,31.58966868649358,69.14842113887376,1008.7120555887428,0.6034642894994963,0
2022-01-30,AWS_09_NorthEast,27.95871140962273,74.99205053399257,1009.435271545794,0.3688070358232711,0
2022-01-31,AWS_09_NorthEast,30.91099383293506,71.02248153171479,1008.264033655648,0.4391531558324038,0
2022-02-01,AWS_09_NorthEast,30.57902003275253,66.84098057936768,1008.501862264803,0.1155404505398778,0
2022-02-02,AWS_09_NorthEast,31.39985561032892,78.18784552535286,1008.8626146453772,0.5238481632702494,0
2022-02-03,AWS_09_NorthEast,28.92953023372309,67.91107040719375,1008.7420589170168,2.945076226879626,0
2022-02-04,AWS_09_NorthEast,27.408505478168447,69.63611002416798,1009.1194607715116,1.7491705910699182,0
2022-02-05,AWS_09_NorthEast,31.627563626060063,75.41806441483591,1008.6150621710682,3.1223842166531184,0
2022-02-06,AWS_09_NorthEast,27.929371492698024,72.81402520316463,1008.9955261120168,0.1661610709200777,0
2022-02-07,AWS_09_NorthEast,27.128259012558875,70.24165812951018,1009.1929564744304,0.9121523364150408,0
2022-02-08,AWS_09_NorthEast,27.97916071055928,68.04205839230198,1009.5685637049858,0.3905963019349471,0
2022-02-09,AWS_09_NorthEast,26.7047166017577,68.9226769972316,1009.8932592948302,1.9159747828126512,0
2022-02-10,AWS_09_NorthEast,28.87805730697121,69.19167757348441,1009.1664855451432,5.2717754667005785,0
2022-02-11,AWS_09_NorthEast,27.09010863699878,72.0224841839121,1010.2672993571074,2.534016711347449,0
2022-02-12,AWS_09_NorthEast,27.475384577167542,72.66657461981906,1009.2569349473936,0.0538732123460038,0
2022-02-13,AWS_09_NorthEast,29.26452849064597,71.74117591595744,1009.7885431085756,0.5711434389152781,0
2022-02-14,AWS_09_NorthEast,28.652926903607977,72.16497146988333,1010.3646705214668,0.0434940626774368,0
2022-02-15,AWS_09_NorthEast,27.643596652207744,69.22761062106377,1009.4929674491816,0.0614939002998172,0
2022-02-16,AWS_09_NorthEast,27.777697399064248,73.35802121272789,1008.760524765803,0.1242823565590606,0
2022-02-17,AWS_09_NorthEast,27.439301458320823,76.42063759813747,1009.5162859745318,0.4851233218974776,0
2022-02-18,AWS_09_NorthEast,26.672110584088244,72.192781771037,1009.1881227312908,0.5440454908601586,0
2022-02-19,AWS_09_NorthEast,27.21140197575802,72.23794791368188,1009.3793956034708,0.7673726474402752,0
2022-02-20,AWS_09_NorthEast,27.846257814651636,73.13900777974634,1010.5313180950154,0.7786171087830325,0
2022-02-21,AWS_09_NorthEast,26.814041390413717,76.35132999539621,1008.9492099905297,2.213731425427006,0
2022-02-22,AWS_09_NorthEast,27.524742655495203,70.42073979153427,1009.7321247246664,0.2286838514280227,0
2022-02-23,AWS_09_NorthEast,25.53044414761276,77.56709469194908,1009.1638615361884,0.2575008824101504,0
2022-02-24,AWS_09_NorthEast,25.768544912308396,74.58928132927876,1009.4692491474144,1.477613591493361,0
2022-02-25,AWS_09_NorthEast,25.46045758662333,73.5241037455623,1010.0153742742071,1.2720447249765026,0
2022-02-26,AWS_09_NorthEast,25.600442435567743,77.1915770167366,1009.8214232244682,0.2508622221404638,0
2022-02-27,AWS_09_NorthEast,28.263794135306988,70.12079121312279,1009.5687206767882,2.868496906717098,0
2022-02-28,AWS_09_NorthEast,27.30567985880452,75.34951493959515,1009.3747340204228,0.5986120373043375,0
2022-03-01,AWS_09_NorthEast,24.48358661900087,75.19195739649247,1009.8755670126284,0.6858499141350745,0
2022-03-02,AWS_09_NorthEast,26.636353755870125,71.21352849556118,1010.588756068036,0.818281099565235,0
2022-03-03,AWS_09_NorthEast,25.274188465116893,75.52185243477172,1009.3011074389766,0.5844656022281123,0
2022-03-04,AWS_09_NorthEast,24.71529685905667,75.11104180087744,1010.7239669626156,1.2228198643615504,0
2022-03-05,AWS_09_NorthEast,23.387968432874672,73.84720800947176,1010.3837114182816,0.7381228921704005,0
2022-03-06,AWS_09_NorthEast,26.95108789637888,77.09524281004248,1010.4839384230934,0.4505122508054717,0
2022-03-07,AWS_09_NorthEast,23.323012241868007,72.91593027655829,1009.96824381607,3.5225488511777527,0
2022-03-08,AWS_09_NorthEast,25.16546105986517,75.56755791065012,1010.4138208641256,0.5530144526547338,0
2022-03-09,AWS_09_NorthEast,23.697576727659,74.48793505638774,1009.337526934208,1.7984227980641796,0
2022-03-10,AWS_09_NorthEast,26.15352363892864,73.16615181265324,1009.5210614132342,0.6397882270282711,0
2022-03-11,AWS_09_NorthEast,24.36005817119408,76.64706814469132,1010.250581364606,0.8569784714402893,0
2022-03-12,AWS_09_NorthEast,24.530872170062327,74.6442266046097,1010.0276346434956,0.4036703554472481,0
2022-03-13,AWS_09_NorthEast,24.451635283300792,70.97824394617551,1009.8170031456054,2.093484790950485,0
2022-03-14,AWS_09_NorthEast,24.925991457403256,70.12466573084647,1008.6508085872864,2.004561547041352,0
2022-03-15,AWS_09_NorthEast,24.36030983104175,78.02636971918281,1009.6947326291648,0.0337364736164873,0
2022-03-16,AWS_09_NorthEast,24.143866001338075,72.12942389353977,1009.3352326775956,0.0931227763189115,0
2022-03-17,AWS_09_NorthEast,23.29849141367623,76.76205910364342,1010.1782470309656,3.833826719369479,0
2022-03-18,AWS_09_NorthEast,21.580703716754343,76.22205790411697,1009.8445435794196,3.294999537465168,0
2022-03-19,AWS_09_NorthEast,22.13109904475353,75.085479185021,1009.6340506382616,1.058094421459608,0
2022-03-20,AWS_09_NorthEast,24.752236775725358,82.19548820394162,1011.2771519243234,1.0199241574141742,0
2022-03-21,AWS_09_NorthEast,23.080883460777198,76.99940939961469,1010.4817001788904,2.5103581680513027,0
2022-03-22,AWS_09_NorthEast,22.408237256787707,78.86264852467478,1010.4968837041822,0.2235335353232057,0
2022-03-23,AWS_09_NorthEast,21.15988286419801,77.58597356519434,1011.075806457129,1.5906709354715582,0
2022-03-24,AWS_09_NorthEast,20.55285165160081,76.17305936891121,1010.3809608815164,0.9693467128786531,0
2022-03-25,AWS_09_NorthEast,21.941023790902012,76.94689963819786,1009.5989674140994,2.039952114225644,0
2022-03-26,AWS_09_NorthEast,24.19113005438119,81.51657752366815,1009.544487637942,0.0458477752870547,0
2022-03-27,AWS_09_NorthEast,21.88640758981485,80.54230299755297,1010.4742893716716,1.3474019936878228,0
2022-03-28,AWS_09_NorthEast,23.185489327046795,83.27119825588117,1008.9649728063288,1.220358281078541,0
2022-03-29,AWS_09_NorthEast,21.54274617670789,78.21759035811382,1009.9579810268064,2.756846444223668,0
2022-03-30,AWS_09_NorthEast,23.268078291180668,75.05941055576035,1008.9129378337012,1.6943943981504348,0
2022-03-31,AWS_09_NorthEast,21.644502576776773,76.50632038743078,1010.0489587581544,3.1824011247532544,0
2022-04-01,AWS_09_NorthEast,20.18660193804421,74.40223711823427,1010.4270166048284,3.2741837487463927,0
2022-04-02,AWS_09_NorthEast,21.493288029550765,80.40441475522591,1010.1395410846112,0.7867885665366723,0
2022-04-03,AWS_09_NorthEast,24.510038188645343,76.48321349054352,1010.46814724086,0.2217656494917645,0
2022-04-04,AWS_09_NorthEast,24.30625536674683,69.21261726762093,1010.980172902,1.4925288070767446,0
2022-04-05,AWS_09_NorthEast,22.213732358574514,85.90739469058433,1009.9240651030998,3.1041904614138147,0
2022-04-06,AWS_09_NorthEast,21.141000614236063,76.94160774717844,1011.3971431951478,0.1168666560500009,0
2022-04-07,AWS_09_NorthEast,21.66529159327965,77.06078833340555,1010.0965456002864,1.2244077324949545,0
2022-04-08,AWS_09_NorthEast,21.54780171133593,83.9423118747451,1010.46109622988,0.183250648690041,0
2022-04-09,AWS_09_NorthEast,20.876052219175783,75.43936329988102,1009.6766967707044,0.041050616001173,0
2022-04-10,AWS_09_NorthEast,21.460972843126704,82.61026084635672,1010.78701217028,1.7074431195185535,0
2022-04-11,AWS_09_NorthEast,20.97592728921339,77.57408567374489,1010.4927513991988,1.7178466340276135,0
2022-04-12,AWS_09_NorthEast,20.054054608692088,75.50060047947086,1010.701578755244,1.3769057985728337,0
2022-04-13,AWS_09_NorthEast,18.599990359879456,84.72427772517949,1009.986479594178,2.940865211857298,0
2022-04-14,AWS_09_NorthEast,19.56812529349749,82.51107668435984,1009.3243123190732,0.1265020724246253,0
2022-04-15,AWS_09_NorthEast,21.32334715704712,82.6359340701084,1010.1744351130708,0.1668335972858207,0
2022-04-16,AWS_09_NorthEast,19.9432861521784,81.11248715144487,1009.0873656593864,2.9985678116584022,0
2022-04-17,AWS_09_NorthEast,20.307915896083863,81.93981934053043,1009.7588481953172,1.0495832826008438,0
2022-04-18,AWS_09_NorthEast,19.300603210195355,76.57839942400389,1010.0129758522908,0.4783521652190017,0
2022-04-19,AWS_09_NorthEast,18.004045281398724,80.74139103281932,1011.0959741395164,2.010015161100445,0
2022-04-20,AWS_09_NorthEast,19.104525118979417,77.75124130736032,1010.0559974659952,3.372198240400448,0
2022-04-21,AWS_09_NorthEast,17.79856591753048,76.50092867415633,1009.9552910213224,1.754856116584793,0
2022-04-22,AWS_09_NorthEast,17.573386597584847,82.03003963413391,1009.8422464805732,2.354839796016874,0
2022-04-23,AWS_09_NorthEast,20.882674725325963,84.40022885495678,1009.1904024096934,0.4979677274068622,0
2022-04-24,AWS_09_NorthEast,18.316357230465403,79.90340728944908,1009.8914943643928,0.5111504233267588,0
2022-04-25,AWS_09_NorthEast,17.7074303975495,80.54430383725682,1009.8866085901872,2.9940175399716287,0
2022-04-26,AWS_09_NorthEast,21.120710664308127,77.89177692701412,1009.3369050124616,1.4312336563088983,0
2022-04-27,AWS_09_NorthEast,19.79134204980649,81.45278694156356,1009.2133387974352,0.400178402046535,0
2022-04-28,AWS_09_NorthEast,17.887710736910336,83.83525376200215,1009.550893240086,1.1140161464944736,0
2022-04-29,AWS_09_NorthEast,18.96359257271172,84.05244512580015,1009.8085811345452,1.7368770501047903,0
2022-04-30,AWS_09_NorthEast,17.846708946072546,83.4351371034292,1009.5312473172564,0.3699044024949193,0
2022-05-01,AWS_09_NorthEast,17.040751149648127,80.06493582984888,1009.2179749125928,1.5959094272751106,0
2022-05-02,AWS_09_NorthEast,18.672348398955343,80.0893013074907,1009.870920382102,0.0645880690057473,0
2022-05-03,AWS_09_NorthEast,17.355596674775573,84.54416391696692,1009.9780777515842,0.5429439695671525,0
2022-05-04,AWS_09_NorthEast,17.838266547251276,84.71097726289801,1009.7511469693172,1.681157151383529,0
2022-05-05,AWS_09_NorthEast,19.14130118607176,81.87475870998207,1009.3903596018988,0.2426301259065628,0
2022-05-06,AWS_09_NorthEast,18.86161386149372,81.2266900715023,1009.950128908064,0.3769269164701314,0
2022-05-07,AWS_09_NorthEast,16.556527129802067,86.12007421275092,1009.5378074580284,3.169104038178145,0
2022-05-08,AWS_09_NorthEast,17.998955844522005,81.65024556446889,1009.0184180389692,1.68276502589457,0
2022-05-09,AWS_09_NorthEast,15.467767073590576,85.07824523076214,1010.110487905066,1.0364804041237323,0
2022-05-10,AWS_09_NorthEast,17.726250015873532,82.53884170152573,1009.7480537197906,0.3552807743319784,0
2022-05-11,AWS_09_NorthEast,17.165915669202867,79.91422894638778,1009.4901229298862,0.6264803571516391,0
2022-05-12,AWS_09_NorthEast,17.405684137708747,87.99972132590752,1008.7422511231636,1.2811380770863896,0
2022-05-13,AWS_09_NorthEast,16.286620190449263,83.62740436477883,1009.1329035154964,0.2531829805234127,0
2022-05-14,AWS_09_NorthEast,19.756027249938487,81.237847720876,1010.4917268778888,0.9859291567150076,0
2022-05-15,AWS_09_NorthEast,15.176695065572645,79.29893836967128,1008.7049440772328,0.7888439042744907,0
2022-05-16,AWS_09_NorthEast,17.886317761677716,79.70100741006448,1009.3096791875312,0.9713642640013777,0
2022-05-17,AWS_09_NorthEast,14.783439094231827,82.55027921383189,1009.4029993390376,0.1673375596031296,0
2022-05-18,AWS_09_NorthEast,16.991179065513094,89.54072384703167,1009.5468008484796,0.1689085263385762,0
2022-05-19,AWS_09_NorthEast,17.00373239296904,82.10596693688589,1008.6129613510408,4.99098468069635,0
2022-05-20,AWS_09_NorthEast,16.12963228837254,88.2951960160095,1009.4232158566292,5.82134865682848,0
2022-05-21,AWS_09_NorthEast,15.213066871603,83.65165550677219,1008.4672599831824,0.8331191764326862,0
2022-05-22,AWS_09_NorthEast,16.078431781716677,80.58981938109623,1009.3328238245708,2.3338133985895517,0
2022-05-23,AWS_09_NorthEast,16.179738324356244,82.80114361043782,1008.9313266696868,1.599761232390898,0
2022-05-24,AWS_09_NorthEast,18.378464282815223,80.46347667543188,1008.7976345664678,0.1865038806466428,0
2022-05-25,AWS_09_NorthEast,14.301254588958637,81.82232962719935,1009.6206567057836,0.5279120845029471,0
2022-05-26,AWS_09_NorthEast,14.693993800529418,81.81489176937183,1009.057767382903,0.5645544444856726,0
2022-05-27,AWS_09_NorthEast,15.874984242259364,78.84070749090084,1009.3843999382624,1.3586733409088476,0
2022-05-28,AWS_09_NorthEast,14.985758617011092,89.16854890384022,1009.3725919805092,1.3011676835573018,0
2022-05-29,AWS_09_NorthEast,15.143700801661904,85.33928873240903,1009.7254576215588,3.855867281671196,0
2022-05-30,AWS_09_NorthEast,16.825200369902994,82.72149216628834,1008.4573312255134,2.341231030371356,0
2022-05-31,AWS_09_NorthEast,10.91719227764812,85.51768120650819,1009.4916326132916,2.915768899854439,0
2022-06-01,AWS_09_NorthEast,14.180617947567637,82.41601685397946,1009.0107144381108,9.983281373537398,0
2022-06-02,AWS_09_NorthEast,12.39598933173448,76.97727093277939,1008.7834831240326,7.271287811946089,0
2022-06-03,AWS_09_NorthEast,13.149891144997063,93.92645909932648,1008.3676937557526,1.8215425327745296,0
2022-06-04,AWS_09_NorthEast,18.48671612663129,85.68902024150859,1009.2151088177884,1.0893963839816023,0
2022-06-05,AWS_09_NorthEast,15.715305052655264,83.41490803032957,1008.419925308034,3.816398827549039,0
2022-06-06,AWS_09_NorthEast,16.185801868455975,79.43980108409887,1009.1089039734276,5.26406140170163,0
2022-06-07,AWS_09_NorthEast,14.580207461554537,80.81654867833814,1009.7826273041148,2.199086144211265,0
2022-06-08,AWS_09_NorthEast,15.783782979498982,90.3177635464136,1009.2771690734926,8.487473418111527,0
2022-06-09,AWS_09_NorthEast,11.942755021168828,89.9132138639462,1009.4511330929832,14.549138657639936,0
2022-06-10,AWS_09_NorthEast,16.099133912258296,87.71795881339295,1008.363925072847,3.791545959307581,0
2022-06-11,AWS_09_NorthEast,13.263214688233235,82.16178801869748,1009.0725911484076,2.744527385119156,0
2022-06-12,AWS_09_NorthEast,13.649526200337537,90.08342203460462,1008.0867094868807,8.328558292310849,0
2022-06-13,AWS_09_NorthEast,15.159983863350527,86.9470905961645,1008.5094726305844,0.1105600765791608,0
2022-06-14,AWS_09_NorthEast,14.834936099031284,87.60450738389665,1009.4640616666564,0.621575039451628,0
2022-06-15,AWS_09_NorthEast,14.447468555312366,87.0179743506077,1008.2565402471852,8.408619676336471,0
2022-06-16,AWS_09_NorthEast,12.238442364099576,81.19595185165164,1009.0830090775426,5.925937351616152,0
2022-06-17,AWS_09_NorthEast,14.397641897437213,82.15759575355459,1009.0018677274618,2.421397781193512,0
2022-06-18,AWS_09_NorthEast,15.655895332358748,84.25429219864101,1008.9979819655716,9.886011085716602,0
2022-06-19,AWS_09_NorthEast,13.385761413632856,87.74642706481679,1007.793540842819,1.9486303020322824,0
2022-06-20,AWS_09_NorthEast,16.128652285117386,81.70245703616362,1008.6559462625952,4.521147818974644,0
2022-06-21,AWS_09_NorthEast,12.82128774594011,85.3436351053563,1008.2812338884928,4.5271629753696425,0
2022-06-22,AWS_09_NorthEast,14.116558374444304,85.3634349326441,1008.8698624546416,0.916864820552137,0
2022-06-23,AWS_09_NorthEast,16.38847796830199,88.29273269974566,1007.4640981939764,1.5086942809935682,0
2022-06-24,AWS_09_NorthEast,50.54681921281989,87.95743316601731,1008.441390299438,11.146594034626222,1
2022-06-25,AWS_09_NorthEast,15.631005581576186,82.91929485633302,1008.3365056156634,0.9118084052945246,0
2022-06-26,AWS_09_NorthEast,16.99780756401691,90.3042294877777,1007.19401513101,0.8579054356386049,0
2022-06-27,AWS_09_NorthEast,14.280556743986104,82.48628987314925,1007.7120627804194,2.939342701922292,0
2022-06-28,AWS_09_NorthEast,13.22399024315017,89.26220260147711,1007.2053504481732,0.4352773045902344,0
2022-06-29,AWS_09_NorthEast,12.848298874757123,84.34215822577265,1007.7228668150476,10.126085157390373,0
2022-06-30,AWS_09_NorthEast,15.9595708669369,86.4891110483842,1008.3262454227868,0.4748680738133896,0
2022-07-01,AWS_09_NorthEast,15.91533762607935,86.67766605324304,1008.1148967816016,4.313544947230539,0
2022-07-02,AWS_09_NorthEast,16.174260011372887,86.59282599505651,1008.0674860465192,1.8683324011536708,0
2022-07-03,AWS_09_NorthEast,13.95340928593199,88.0208307833878,1007.42848906508,7.339652382039087,0
2022-07-04,AWS_09_NorthEast,15.564117491472818,87.16697141461844,1008.4741807797462,4.010114835438167,0
2022-07-05,AWS_09_NorthEast,13.941256637536023,88.33643166538648,1007.8701636060878,2.2118550846695832,0
2022-07-06,AWS_09_NorthEast,12.699407958187342,87.36986924043553,1007.862078947662,18.572667455887803,0
2022-07-07,AWS_09_NorthEast,15.722094198352726,82.17080520253826,1008.2811262848386,0.3083678204878473,0
2022-07-08,AWS_09_NorthEast,16.500832773927883,86.7593698671634,1007.2810091119104,3.8800966620144006,0
2022-07-09,AWS_09_NorthEast,12.5356784816337,84.24180885167833,1007.8567775300309,20.53308212330352,0
2022-07-10,AWS_09_NorthEast,12.526339923886065,82.58672619804108,1007.920132851961,5.284173400276188,0
2022-07-11,AWS_09_NorthEast,14.16670943821193,85.02374378510135,1007.401601898976,6.057846036521877,0
2022-07-12,AWS_09_NorthEast,15.564518558422622,86.41938114729415,1007.9666535189288,0.1467780919294644,0
2022-07-13,AWS_09_NorthEast,12.455517926476013,86.59277836685642,1007.8452158057275,0.0971759627283306,0
2022-07-14,AWS_09_NorthEast,14.525015663216404,88.98358217763825,1007.5223698129817,0.165501967246077,0
2022-07-15,AWS_09_NorthEast,13.329412871044276,89.70687405478083,1007.4733132144712,21.574726645471845,0
2022-07-16,AWS_09_NorthEast,15.299165043942253,86.76092109806731,1007.7677294679738,17.49732658336556,0
2022-07-17,AWS_09_NorthEast,13.086256362226218,87.26823253655817,1007.8669045345506,1.8325352400953063,0
2022-07-18,AWS_09_NorthEast,15.478242983133311,85.96538861680493,1007.4709886083048,1.547433475934096,0
2022-07-19,AWS_09_NorthEast,14.122943744931394,87.94141042979079,1007.9666690916564,0.7099910055187906,0
2022-07-20,AWS_09_NorthEast,12.996546472146983,87.05870715884264,1007.7030488993436,1.7963786409167977,0
2022-07-21,AWS_09_NorthEast,14.542034862466735,85.39003578910018,1006.4469510606876,2.0802306281181693,0
2022-07-22,AWS_09_NorthEast,11.586020894340557,91.96296683493982,1006.6063270258876,6.207520996955759,0
2022-07-23,AWS_09_NorthEast,13.703044436446485,83.81976361507066,1007.8676901480512,9.054488589935328,0
2022-07-24,AWS_09_NorthEast,15.098703387936194,89.7707690876758,1007.1211975038566,6.179937211748318,0
2022-07-25,AWS_09_NorthEast,51.72096726239271,81.29140897876806,1007.2949073580858,4.679106123387421,1
2022-07-26,AWS_09_NorthEast,10.844296656576065,87.73984767312018,1007.7509333411984,6.534032571250145,0
2022-07-27,AWS_09_NorthEast,11.24940350114907,89.5512505743117,1007.146793711375,6.035901100059457,0
2022-07-28,AWS_09_NorthEast,16.808745684976685,79.4602899352501,1007.1375962360936,2.9060371124776028,0
2022-07-29,AWS_09_NorthEast,14.764640869378493,85.53707233064269,1006.6538219965872,1.841622133812394,0
2022-07-30,AWS_09_NorthEast,14.14491770934239,87.20262632337896,1007.242678238266,1.495681429224904,0
2022-07-31,AWS_09_NorthEast,16.4272752746116,85.74634764127283,1007.320710695266,5.118399539661593,0
2022-08-01,AWS_09_NorthEast,14.470867441390684,86.05692584172654,1006.708575454607,14.407328382251048,0
2022-08-02,AWS_09_NorthEast,15.550284882592068,85.26107745433801,1006.5068645288154,3.915067327679712,0
2022-08-03,AWS_09_NorthEast,15.258305643242243,81.49758390405788,1008.2516845312736,10.963887376027236,0
2022-08-04,AWS_09_NorthEast,14.587263227128338,91.81037441820853,1006.8630648879946,0.0644921064141589,0
2022-08-05,AWS_09_NorthEast,15.811058128437626,83.11954710744864,1006.5389753053752,7.119748876403924,0
2022-08-06,AWS_09_NorthEast,16.607772738785574,85.85460280968135,1007.2057486868376,8.646438748881433,0
2022-08-07,AWS_09_NorthEast,15.25050411947494,82.53161692374329,1006.7990324778012,4.486238710836591,0
2022-08-08,AWS_09_NorthEast,14.91893165717716,77.56264541302883,1006.2538687119192,12.235613386840315,0
2022-08-09,AWS_09_NorthEast,15.179790941356618,81.53290182539729,1007.0109575858992,4.011236681908647,0
2022-08-10,AWS_09_NorthEast,12.332354025032387,79.87795709896359,1006.3159138862704,1.238145957219276,0
2022-08-11,AWS_09_NorthEast,16.291318765362092,87.40797317207475,1007.5041195746048,1.0934354112106557,0
2022-08-12,AWS_09_NorthEast,14.142386553935731,82.22334246444808,1006.936939600458,3.652029071182263,0
2022-08-13,AWS_09_NorthEast,16.9917465672075,82.41055750143099,1006.52543205931,10.663298959968628,0
2022-08-14,AWS_09_NorthEast,16.004411276078425,80.66696043509744,1006.693126690057,0.3380405314083018,0
2022-08-15,AWS_09_NorthEast,16.39234444836477,84.0474433925762,1007.0650816067752,4.172974633045233,0
2022-08-16,AWS_09_NorthEast,17.381480329793625,81.51963787703184,1006.681813406566,6.60969841324972,0
2022-08-17,AWS_09_NorthEast,15.039204545713616,86.54807399851533,1007.6257009012648,0.551799239246127,0
2022-08-18,AWS_09_NorthEast,17.082517292029554,84.37747334226437,1007.1088186500248,0.5587617890998522,0
2022-08-19,AWS_09_NorthEast,17.031351918303745,81.65460230336691,1006.7613596620834,2.0515870458827905,0
2022-08-20,AWS_09_NorthEast,16.45561607345142,85.81791183309545,1006.0261734081818,1.4401872213918234,0
2022-08-21,AWS_09_NorthEast,15.444935793018294,83.18660647490611,1006.398778722468,0.9946731022942124,0
2022-08-22,AWS_09_NorthEast,17.836030256583953,83.12131800656864,1006.689669402292,0.9968066957447104,0
2022-08-23,AWS_09_NorthEast,18.105810590528947,78.56146651490425,1006.0172695819635,0.6301411467974698,0
2022-08-24,AWS_09_NorthEast,17.329954481776028,82.62719015883485,1007.0543477099162,4.247103231267505,0
2022-08-25,AWS_09_NorthEast,15.664454817519406,83.69472547686262,1005.8999614364692,5.243196365180931,0
2022-08-26,AWS_09_NorthEast,16.590493518198,86.61903339900886,1006.0483110480852,5.462137975123898,0
2022-08-27,AWS_09_NorthEast,17.40429512217055,80.24952490448939,1006.0661420101048,3.420196328335517,0
2022-08-28,AWS_09_NorthEast,18.641998158695383,89.22506953643429,1006.7000612714792,13.750269303324698,0
2022-08-29,AWS_09_NorthEast,15.349785432082497,83.94558541673479,1005.9070337017084,9.5612095561114,0
2022-08-30,AWS_09_NorthEast,16.99634430629931,77.5997148691427,1005.3913673752908,14.226037575594376,0
2022-08-31,AWS_09_NorthEast,17.356302722314535,79.50409409551548,1006.817735161781,2.2154563926227864,0
2022-09-01,AWS_09_NorthEast,17.95493829946298,86.18322682408294,1006.0343942200286,9.45881295523724,0
2022-09-02,AWS_09_NorthEast,16.24840349742633,85.52929600542359,1005.7057217759768,2.158749874606459,0
2022-09-03,AWS_09_NorthEast,53.47376632474812,81.73214236029834,1005.8464560781398,0.6232115831930544,1
2022-09-04,AWS_09_NorthEast,17.97924922869421,82.00477853401047,1007.0667027931224,0.1690699863078209,0
2022-09-05,AWS_09_NorthEast,17.01247668946564,77.93730468212196,1005.864766546714,1.7214891345397456,0
2022-09-06,AWS_09_NorthEast,18.516819761483735,85.27055708296926,1006.1171066871232,0.2200592558301889,0
2022-09-07,AWS_09_NorthEast,18.007903840561294,78.21704125393705,1005.9413735667382,0.5217338071134767,0
2022-09-08,AWS_09_NorthEast,19.68986545163129,83.58773709550351,1005.5350872838968,1.040814899113168,0
2022-09-09,AWS_09_NorthEast,17.746228470515337,84.98190729397356,1005.7671928568006,1.7086009093257974,0
2022-09-10,AWS_09_NorthEast,19.337571541182857,80.94164630466835,1005.475683103906,3.910157064579596,0
2022-09-11,AWS_09_NorthEast,18.1196665128106,83.57058432971209,1006.5924183510596,1.3492980874774785,0
2022-09-12,AWS_09_NorthEast,18.562838334048934,86.08044943278993,1006.1537163722824,1.6694309089114774,0
2022-09-13,AWS_09_NorthEast,20.039378980472765,81.21046485871756,1007.3339768878262,0.5566256314123017,0
2022-09-14,AWS_09_NorthEast,20.077203101015208,79.7489680489522,1005.72810900353,1.7437311037204726,0
2022-09-15,AWS_09_NorthEast,19.23195228483506,79.94195586864285,1005.6436287797987,0.8638200722183346,0
2022-09-16,AWS_09_NorthEast,19.58636356142244,77.7805568030623,1006.8310043181295,2.9166442888580515,0
2022-09-17,AWS_09_NorthEast,17.94365921577243,77.57917973835266,1006.584752122776,0.7474824727299133,0
2022-09-18,AWS_09_NorthEast,22.36236062269879,81.06900613464936,1006.2403614096208,0.9474348589678254,0
2022-09-19,AWS_09_NorthEast,21.42406015577196,79.11527497459723,1005.4839268591649,0.8500037689673281,0
2022-09-20,AWS_09_NorthEast,21.50518526304522,80.45469434381523,1006.906645029904,2.499987588270557,0
2022-09-21,AWS_09_NorthEast,18.271038670548723,74.86660455445924,1005.9920521201872,4.60889396232742,0
2022-09-22,AWS_09_NorthEast,19.90632182450885,78.9225867111958,1005.8073072552878,0.5946308773121864,0
2022-09-23,AWS_09_NorthEast,20.434063304340995,82.15447120254495,1006.5892517404724,0.9666152431671596,0
2022-09-24,AWS_09_NorthEast,18.17593096518498,75.57070396583596,1006.0023387408382,1.8358871242897208,0
2022-09-25,AWS_09_NorthEast,22.544364034251156,78.84014035226663,1005.4269543349826,3.386154067829417,0
2022-09-26,AWS_09_NorthEast,23.52741557017882,73.08958322994815,1006.0268334962408,1.0209409145358777,0
2022-09-27,AWS_09_NorthEast,24.57683483841089,74.59968152877501,1005.6134912774838,0.1729370089002171,0
2022-09-28,AWS_09_NorthEast,20.052603152143934,80.8015537696136,1004.4975699974884,0.6898931477387206,0
2022-09-29,AWS_09_NorthEast,21.935022806476145,77.31310955883642,1005.5600523425502,1.198968314428241,0
2022-09-30,AWS_09_NorthEast,23.880945035125563,83.56950096521571,1005.7362988972566,0.8107025046544089,0
2022-10-01,AWS_09_NorthEast,21.65400058794952,79.26290102490299,1005.4221959658812,0.3097167857621382,0
2022-10-02,AWS_09_NorthEast,21.32164690872576,79.41965821517819,1006.2880862620972,0.056536438471517,0
2022-10-03,AWS_09_NorthEast,19.51075173682065,74.46077560317792,1005.6127760988564,1.7442878759452132,0
2022-10-04,AWS_09_NorthEast,24.14626960746245,76.39734794866182,1006.242342258106,7.387482869538424,0
2022-10-05,AWS_09_NorthEast,56.256309231255806,75.21733041467253,1005.3886901855996,3.7737906292599015,1
2022-10-06,AWS_09_NorthEast,21.62800009180373,74.08166190109992,1006.462771468247,1.724562718326799,0
2022-10-07,AWS_09_NorthEast,23.28483670805659,79.13262860497511,1005.3733229228789,2.76328315455181,0
2022-10-08,AWS_09_NorthEast,23.22534217086231,79.59771348621173,1004.8447903764686,0.4430223104071167,0
2022-10-09,AWS_09_NorthEast,23.38471101526823,78.064489220766,1006.6387663024068,1.4610165691667414,0
2022-10-10,AWS_09_NorthEast,22.942827987335065,74.24732333949696,1005.5973542133464,0.0937775890958233,0
2022-10-11,AWS_09_NorthEast,25.837789161516472,77.58793818192098,1006.9095168955956,1.842315908014505,0
2022-10-12,AWS_09_NorthEast,23.339123055873007,70.72235213983639,1006.3196830100608,5.253467339891511,0
2022-10-13,AWS_09_NorthEast,26.103500282189348,80.29451063841972,1006.4394349761792,2.957736279854453,0
2022-10-14,AWS_09_NorthEast,24.6551008736666,72.29662398902138,1006.574535339888,1.1467742638149194,0
2022-10-15,AWS_09_NorthEast,24.46955299091008,72.69582527591712,1006.1162118294214,2.332000072058262,0
2022-10-16,AWS_09_NorthEast,23.90618224664116,76.26978243215217,1006.1305478336096,4.32089738044993,0
2022-10-17,AWS_09_NorthEast,25.66971082509863,76.4037028959464,1006.7184104443526,0.3650530195858739,0
2022-10-18,AWS_09_NorthEast,24.510290336433776,75.44095151957787,1006.1432095946652,2.364429181723754,0
2022-10-19,AWS_09_NorthEast,23.073939132329283,72.19748022205354,1005.7337985440114,0.4717516802917086,0
2022-10-20,AWS_09_NorthEast,23.154498391198786,78.79730730311405,1006.4016865052268,3.142715326561854,0
2022-10-21,AWS_09_NorthEast,25.36629308624425,70.20958624344941,1005.0634661769236,0.1553007870033965,0
2022-10-22,AWS_09_NorthEast,23.500517582915258,70.68860711798966,1006.7921049431342,0.2944209534322193,0
2022-10-23,AWS_09_NorthEast,24.896411132865005,74.6892939658128,1006.8151362008242,1.9127546374132371,0
2022-10-24,AWS_09_NorthEast,26.702820404072934,71.09025445822053,1006.7571407586285,0.288153355081369,0
2022-10-25,AWS_09_NorthEast,25.69936109372148,78.4244700019478,1006.751630004818,0.2580596375861891,0
2022-10-26,AWS_09_NorthEast,24.28560466087559,71.09654912739255,1006.143884711724,1.2160960653996395,0
2022-10-27,AWS_09_NorthEast,27.60819112307272,79.17787160098243,1006.147397068449,2.702598691282418,0
2022-10-28,AWS_09_NorthEast,26.43839048695048,77.48878886585629,1005.6012172621956,0.4689202921573186,0
2022-10-29,AWS_09_NorthEast,27.26556321807015,77.96629346925873,1007.1058856059688,2.759580792367094,0
2022-10-30,AWS_09_NorthEast,22.45872441927579,79.80125601476999,1006.0057075031984,2.475025815126862,0
2022-10-31,AWS_09_NorthEast,26.476385628651563,74.26357746102985,1006.4350299454168,1.2980592528269077,0
2022-11-01,AWS_09_NorthEast,27.36220805159723,70.86210491551273,1006.4094947249258,1.5600739956647818,0
2022-11-02,AWS_09_NorthEast,28.767054632585968,73.47435470355511,1005.6301562261428,0.0619225043130538,0
2022-11-03,AWS_09_NorthEast,24.137294689021285,71.96698061852527,1005.4464256766696,0.6862485478655578,0
2022-11-04,AWS_09_NorthEast,28.257311377048158,71.42428668920248,1006.340452057702,0.458555090305916,0
2022-11-05,AWS_09_NorthEast,29.02850877008616,73.8906219688862,1006.1301688345894,0.2437852073106156,0
2022-11-06,AWS_09_NorthEast,23.648451923108475,72.39050196834981,1006.3322034523636,0.7406070013696082,0
2022-11-07,AWS_09_NorthEast,27.50333398005194,70.95792363180169,1006.9299856387522,0.6575346606323853,0
2022-11-08,AWS_09_NorthEast,27.82152243166085,72.36870161208844,1006.530580761755,1.957855239401178,0
2022-11-09,AWS_09_NorthEast,26.512773089904105,74.64365080872915,1006.8186695682408,1.367314308017572,0
2022-11-10,AWS_09_NorthEast,26.37485368631278,75.75925624336587,1006.68383442732,3.664497057673434,0
2022-11-11,AWS_09_NorthEast,28.216972836961432,67.97603629339733,1006.325221286423,0.2356959435509272,0
2022-11-12,AWS_09_NorthEast,26.396370553598345,71.77155355730008,1006.0051542410104,0.0924119974933657,0
2022-11-13,AWS_09_NorthEast,27.09504431974636,72.15505207120238,1006.6615248881288,1.147312141729201,0
2022-11-14,AWS_09_NorthEast,28.74003945717966,68.93105282737334,1006.5946582330812,0.0015414997187123,0
2022-11-15,AWS_09_NorthEast,30.25128436884355,72.02066300752465,1007.0342649241888,2.324766213596952,0
2022-11-16,AWS_09_NorthEast,28.52436349715672,72.7265997402764,1006.5256333110354,1.0577473231435477,0
2022-11-17,AWS_09_NorthEast,28.013086941270288,73.74364343769446,1006.4772236929948,1.0043381105751308,0
2022-11-18,AWS_09_NorthEast,27.13201460503369,72.32486324487016,1006.5363630704434,0.6752920411287037,0
2022-11-19,AWS_09_NorthEast,26.48271114865996,69.35854056037078,1006.2173674460128,0.7049426519399272,0
2022-11-20,AWS_09_NorthEast,29.75320143153762,77.94725601342935,1007.4261958503404,0.8461647118074174,0
2022-11-21,AWS_09_NorthEast,27.947077899302982,74.31012763887148,1007.2989497755276,0.0242433792326732,0
2022-11-22,AWS_09_NorthEast,29.9898957414166,73.39431840453311,1006.1493915886392,0.1308647575862654,0
2022-11-23,AWS_09_NorthEast,27.854245054623988,74.66592089941562,1007.185020330756,1.0549417968644166,0
2022-11-24,AWS_09_NorthEast,27.45749070262105,72.30240382076886,1005.8880440941124,0.2439941719185149,0
2022-11-25,AWS_09_NorthEast,29.14356708130701,75.34653390850012,1007.331044069648,2.2627784753955,0
2022-11-26,AWS_09_NorthEast,28.47658013715783,71.57923180479686,1006.518421261864,0.4813106569668812,0
2022-11-27,AWS_09_NorthEast,26.860153267792448,71.336796206114,1007.075079652504,0.154544247468669,0
2022-11-28,AWS_09_NorthEast,31.46958479351104,73.16215313753536,1005.9592348121524,0.4022308436391135,0
2022-11-29,AWS_09_NorthEast,27.87614450815302,75.91245247006229,1006.35381666943,0.6626450023962243,0
2022-11-30,AWS_09_NorthEast,30.27907540887328,75.64845771875596,1007.2170095959204,0.0539329849278198,0
2022-12-01,AWS_09_NorthEast,30.21950005886761,72.82182768000709,1006.6619948079888,0.2291596114185771,0
2022-12-02,AWS_09_NorthEast,27.13448653023557,72.5261548981233,1006.6225508845824,0.5870033011059298,0
2022-12-03,AWS_09_NorthEast,27.584983505348376,72.99956226101635,1007.7708303069204,0.5576403942031055,0
2022-12-04,AWS_09_NorthEast,28.699084762603864,73.80551396785575,1008.2090209221556,2.4170599002360174,0
2022-12-05,AWS_09_NorthEast,27.9135436561876,74.68418234518467,1007.6029557833087,2.7797070454551656,0
2022-12-06,AWS_09_NorthEast,31.860225656534052,70.01970664927242,1006.6196725089078,0.3224256832558907,0
2022-12-07,AWS_09_NorthEast,53.87240290754963,74.62726956337389,1008.0787836879967,0.1984808470951704,1
2022-12-08,AWS_09_NorthEast,30.715739954945,71.64786895149001,1006.4479570576884,1.5083489855811878,0
2022-12-09,AWS_09_NorthEast,30.2035873747257,72.51966357627445,1007.108305187181,2.449240646691032,0
2022-12-10,AWS_09_NorthEast,29.878977267999712,74.6629043700968,1007.320036639141,4.974861041091118,0
2022-12-11,AWS_09_NorthEast,29.591020356212155,72.71064821016925,1008.2869731227312,0.0102292269974144,0
2022-12-12,AWS_09_NorthEast,31.431598086291647,73.17208466484992,1007.8137902453911,0.800829518577922,0
2022-12-13,AWS_09_NorthEast,28.381381145840653,69.21272379430957,1007.1582787032876,1.9863198521385708,0
2022-12-14,AWS_09_NorthEast,32.24938447252519,74.83505312440873,1006.9505569988488,2.645276757297331,0
2022-12-15,AWS_09_NorthEast,27.767637848877047,72.38858751359518,1007.9571800118332,0.0964653386913608,0
2022-12-16,AWS_09_NorthEast,30.907050097275857,70.64341464467928,1007.2226139311574,1.7120347541920422,0
2022-12-17,AWS_09_NorthEast,27.661054625153927,73.5344227456157,1007.6310245119206,0.511494991152009,0
2022-12-18,AWS_09_NorthEast,29.32695792971712,77.96297523522394,1006.871268729362,0.1162888750921269,0
2022-12-19,AWS_09_NorthEast,29.96988554682677,66.66330585479888,1007.8744199278748,1.0073796840068043,0
2022-12-20,AWS_09_NorthEast,29.12696182369973,67.73179728428615,1007.8678941531872,0.2582360987173874,0
2022-12-21,AWS_09_NorthEast,29.60925649962315,78.17415507245917,1007.036603680808,2.0034447494982413,0
2022-12-22,AWS_09_NorthEast,27.82372565341339,71.37590320160355,1008.2071939151072,2.0279078072183925,0
2022-12-23,AWS_09_NorthEast,28.44308391397245,70.64834941883691,1008.0028153598948,2.7683838454226994,0
2022-12-24,AWS_09_NorthEast,30.689386840455743,69.71185299535158,1008.1295960365914,0.7111829914764963,0
2022-12-25,AWS_09_NorthEast,30.00187429675833,73.66794144362215,1007.60445725873,0.0200987496877727,0
2022-12-26,AWS_09_NorthEast,28.9345933607446,77.863356526954,1007.9175486081684,0.4511224746025468,0
2022-12-27,AWS_09_NorthEast,31.967459087147198,68.02339193534728,1007.894084580828,0.9461368560069656,0
2022-12-28,AWS_09_NorthEast,28.15943818032249,69.7200352881242,1007.8226754631764,1.7763105578188498,0
2022-12-29,AWS_09_NorthEast,29.452873507121545,68.95255940837878,1008.0164084158374,0.7219987444698834,0
2022-12-30,AWS_09_NorthEast,29.240330296405222,72.1997802167849,1008.5937947745864,1.151962551096798,0
2022-12-31,AWS_09_NorthEast,30.922556441641568,73.66718031295173,1008.537475319352,1.1143369999331996,0
2023-01-01,AWS_09_NorthEast,30.07106025037872,74.86398364232642,1007.4434963735772,0.2704536237924935,0
2023-01-02,AWS_09_NorthEast,29.833011336115742,72.3048956419432,1008.561544131699,1.4634621001525532,0
2023-01-03,AWS_09_NorthEast,27.22300947450695,77.56866384342304,1008.6988110208204,0.86772478131003,0
2023-01-04,AWS_09_NorthEast,31.278594163400825,68.29469860792507,1008.0620160169284,2.474754851522709,0
2023-01-05,AWS_09_NorthEast,29.643646677229256,67.52599294322502,1008.4261531493738,1.7597348503011858,0
2023-01-06,AWS_09_NorthEast,30.1308580857078,74.45066632065645,1008.4532042285464,0.1772789269323526,0
2023-01-07,AWS_09_NorthEast,28.819144949521103,70.42650717912709,1007.8154327814616,1.0063695325645583,0
2023-01-08,AWS_09_NorthEast,28.56551647283217,65.94791941269636,1008.0835794004624,1.818483136697251,0
2023-01-09,AWS_09_NorthEast,32.15311296302311,69.14762975977807,1008.6840227607544,0.1365483624481814,0
2023-01-10,AWS_09_NorthEast,27.221902986654868,70.88521510824334,1008.0946751699472,2.358914457722617,0
2023-01-11,AWS_09_NorthEast,28.275706305269846,68.20425043933393,1008.8642031993176,0.3765518365581216,0
2023-01-12,AWS_09_NorthEast,32.05065886873894,67.12609729898091,1009.062695220162,1.049003823115547,0
2023-01-13,AWS_09_NorthEast,30.76163582955554,69.57659633236482,1009.0156789469986,4.234214308267253,0
2023-01-14,AWS_09_NorthEast,29.280606617449973,67.03759932385125,1009.4672478335966,1.270616648792665,0
2023-01-15,AWS_09_NorthEast,31.6046769802752,72.17061060809849,1008.4653404490869,0.8276132354446915,0
2023-01-16,AWS_09_NorthEast,30.3687627942272,64.47011283968827,1008.6325168520528,0.0102271770456926,0
2023-01-17,AWS_09_NorthEast,30.008871644801943,70.61139327705595,1008.7372963896424,0.2147902343918624,0
2023-01-18,AWS_09_NorthEast,29.957363631496804,71.93950905848173,1008.5796434868172,1.2964865867112592,0
2023-01-19,AWS_09_NorthEast,30.273759350430343,70.15247425614626,1008.9136288104356,1.0213093500002093,0
2023-01-20,AWS_09_NorthEast,30.289077292048955,73.74913015110984,1007.8194437846822,0.6784322399340845,0
2023-01-21,AWS_09_NorthEast,32.77690317384912,66.4053727028824,1008.809804938699,3.8501362519384665,0
2023-01-22,AWS_09_NorthEast,29.140792073716387,68.46360020464627,1008.05073076084,0.6062845918354356,0
2023-01-23,AWS_09_NorthEast,29.1350456085016,69.62877967052343,1008.2900151736834,1.1555308286824442,0
2023-01-24,AWS_09_NorthEast,27.471574524782227,72.81125940208963,1009.1694208839268,1.26147370013345,0
2023-01-25,AWS_09_NorthEast,29.192695018484496,71.38498165942234,1008.734829086,1.1244759524255803,0
2023-01-26,AWS_09_NorthEast,32.0063438223723,77.21808447517219,1009.2143584224588,0.9739406059259834,0
2023-01-27,AWS_09_NorthEast,30.62807627580604,68.43129353692427,1008.7860703816802,0.616614639247949,0
2023-01-28,AWS_09_NorthEast,28.273063356460117,66.72646833198495,1009.4803037000012,3.591452551282821,0
2023-01-29,AWS_09_NorthEast,29.068742724389036,76.34358627119208,1008.837927327421,0.8989478163237528,0
2023-01-30,AWS_09_NorthEast,27.012057551395397,66.75070913342996,1008.0100918555383,1.12759160402188,2
2023-01-31,AWS_09_NorthEast,27.012057551395397,73.16150000708518,1009.1300381787098,1.6027561135811736,2
2023-02-01,AWS_09_NorthEast,27.012057551395397,68.24736970512362,1007.9624012918798,0.1050802187923102,2
2023-02-02,AWS_09_NorthEast,27.012057551395397,65.04851264861868,1008.3496498918104,2.2800001948828355,2
2023-02-03,AWS_09_NorthEast,27.10154649064093,70.20720244385174,1008.663397361836,1.0777199755574105,0
2023-02-04,AWS_09_NorthEast,29.32614519316727,74.10711584137105,1008.6295487736973,1.6058112192840466,0
2023-02-05,AWS_09_NorthEast,28.38899361808576,67.82231798651505,1008.8890751446996,2.2176938548635468,0
2023-02-06,AWS_09_NorthEast,26.08009813712601,73.29686048977192,1008.668419462156,3.108393748347578,0
2023-02-07,AWS_09_NorthEast,25.235852422365497,73.94001781194217,1008.5139774084374,0.7469144859422991,0
2023-02-08,AWS_09_NorthEast,27.40882358155512,67.92108874602557,1010.015011369302,2.502428128694854,0
2023-02-09,AWS_09_NorthEast,25.794854960831024,71.13946345786957,1008.9317923285844,0.4493018459421285,0
2023-02-10,AWS_09_NorthEast,25.285466959580216,76.6423903976953,1008.1818752954962,1.6196960365222737,0
2023-02-11,AWS_09_NorthEast,29.69206501173968,73.95316665025467,1009.14281004998,0.1625597414794739,0
2023-02-12,AWS_09_NorthEast,27.760044497226914,71.30891177424708,1008.786521708652,0.0303506955135583,0
2023-02-13,AWS_09_NorthEast,27.41469063081027,73.43302624561323,1008.931621720801,0.1509958864155112,0
2023-02-14,AWS_09_NorthEast,27.43477836411757,70.22682298624497,1009.7540878947796,0.5771321773443527,0
2023-02-15,AWS_09_NorthEast,25.913471567163803,75.72086724180181,1009.199234435171,0.0473824688166914,0
2023-02-16,AWS_09_NorthEast,28.137851353465027,75.81839308786265,1008.8709897759828,1.4933713774050523,0
2023-02-17,AWS_09_NorthEast,27.224867822274703,72.94179943288465,1009.6939608009066,0.5708906807526666,0
2023-02-18,AWS_09_NorthEast,26.182730199745176,73.37327528565879,1010.0689145906975,1.99984753547514,0
2023-02-19,AWS_09_NorthEast,26.3037489402422,69.78841740795329,1009.785047698277,0.0705039836969043,0
2023-02-20,AWS_09_NorthEast,55.89504701668179,68.8338953423843,1008.3120518679426,0.3663622718158764,1
2023-02-21,AWS_09_NorthEast,26.39392027452922,71.86690118429344,1009.003096950943,0.7863816452171501,0
2023-02-22,AWS_09_NorthEast,26.535649388976022,72.84270366077666,1009.6056155788316,0.7234825284257436,0
2023-02-23,AWS_09_NorthEast,26.137022321552383,76.40243517691664,1009.4805724737174,0.210615939730504,0
2023-02-24,AWS_09_NorthEast,26.757117225039327,76.09289786282798,1009.4594405410452,7.708593098668941,0
2023-02-25,AWS_09_NorthEast,26.444170784391662,73.99256032354297,1009.1515747601844,0.5020338604075636,0
2023-02-26,AWS_09_NorthEast,26.794292301253268,77.123477459862,1008.9595492111928,1.9149877537865976,0
2023-02-27,AWS_09_NorthEast,27.747668120630244,70.83651889830895,1010.6851276701756,0.3727433806181608,0
2023-02-28,AWS_09_NorthEast,27.1061568849586,77.01538899269613,1009.7131896596244,3.153773089687752,0
2023-03-01,AWS_09_NorthEast,27.53085605779289,71.5297425599242,1010.0385888109852,0.7359422345600458,0
2023-03-02,AWS_09_NorthEast,24.7085049665181,77.73897727893528,1009.7380382962511,3.46747643084409,0
2023-03-03,AWS_09_NorthEast,25.097139592956765,74.09989867160031,1009.7749577596074,0.6274492456608126,0
2023-03-04,AWS_09_NorthEast,26.71926876318297,68.26626623312278,1009.737083319982,0.0130220940052859,0
2023-03-05,AWS_09_NorthEast,26.623794138606563,76.57389386063589,1009.223739763382,1.0916713898906032,0
2023-03-06,AWS_09_NorthEast,24.47527892934319,76.93542742285382,1009.0420170102874,1.11599118655278,0
2023-03-07,AWS_09_NorthEast,26.28618285504133,73.26145287016553,1010.0071403124778,0.1914674409165829,0
2023-03-08,AWS_09_NorthEast,23.828107651911065,73.64281543793797,1009.9221771800062,0.4017477447657882,0
2023-03-09,AWS_09_NorthEast,25.838627182459,74.40432056409989,1010.311083024663,2.295216550147104,0
2023-03-10,AWS_09_NorthEast,24.95031341702529,69.23478684379742,1010.2227637804796,0.0561725135168463,0
2023-03-11,AWS_09_NorthEast,22.784932504805496,68.04422957004957,1009.463418361271,1.0086253774948306,0
2023-03-12,AWS_09_NorthEast,24.081455420703733,79.17231076104832,1010.4460077703447,1.13383696379807,0
2023-03-13,AWS_09_NorthEast,27.87613839223908,72.92506032007242,1010.2737063724315,1.7505554178323617,0
2023-03-14,AWS_09_NorthEast,24.77630649920707,81.09365637372952,1010.247533817519,0.0572636660775161,0
2023-03-15,AWS_09_NorthEast,27.791477650144177,79.77040271834996,1011.0371330491732,1.3215530811872327,0
2023-03-16,AWS_09_NorthEast,22.0428859899672,80.49281015802947,1010.9442389489988,0.0046542681421,0
2023-03-17,AWS_09_NorthEast,25.202207065554163,73.97300876604014,1010.2764367585872,0.4621912287059402,0
2023-03-18,AWS_09_NorthEast,20.14129348905681,71.23199866244076,1010.2227264466218,1.0387738357476244,0
2023-03-19,AWS_09_NorthEast,23.80857225669413,72.93042759615062,1010.4890285012298,3.6334275161006016,0
2023-03-20,AWS_09_NorthEast,24.621343234181367,74.98611865083687,1009.663719798176,0.2030249667395718,0
2023-03-21,AWS_09_NorthEast,24.79644779826105,69.34069814568143,1009.6776983117476,0.2782102105097592,0
2023-03-22,AWS_09_NorthEast,22.205347336500807,75.16947100925609,1010.30565833705,1.6595890059707843,0
2023-03-23,AWS_09_NorthEast,48.91173665800137,76.12649083664158,1009.546460840224,0.7046735457638529,1
2023-03-24,AWS_09_NorthEast,22.3317502216693,72.98441472350358,1010.2762497329364,1.4649427405447208,0
2023-03-25,AWS_09_NorthEast,22.74968823442572,73.88271059416819,1010.062860502104,8.959946140238113,0
2023-03-26,AWS_09_NorthEast,22.209067444278357,76.4791536631443,1009.5603407614918,6.49947319414686,0
2023-03-27,AWS_09_NorthEast,21.01742885414983,78.34684676468258,1010.0047712474384,0.6547687470985948,0
2023-03-28,AWS_09_NorthEast,24.93934042031591,74.74277095681464,1010.6471907422856,1.0515433008896142,0
2023-03-29,AWS_09_NorthEast,22.519362646541943,78.42942190792398,1010.038056067638,3.525933309579047,0
2023-03-30,AWS_09_NorthEast,23.940755815125332,78.10075977682617,1010.0417738462884,0.1450433514907278,0
2023-03-31,AWS_09_NorthEast,23.73919564213668,77.9685287975654,1010.164029643412,0.9030520723646271,0
2023-04-01,AWS_09_NorthEast,20.58251798496048,76.0095293220603,1010.229575740918,0.7112038690306668,0
2023-04-02,AWS_09_NorthEast,23.72090850290733,74.10314358049393,1009.8344130842688,0.5240868151190428,0
2023-04-03,AWS_09_NorthEast,22.51415892654872,83.33031837847749,1010.1742230853582,7.725935728116456,0
2023-04-04,AWS_09_NorthEast,20.060076096711214,80.26948885595174,1009.4732242513746,1.98384903072952,0
2023-04-05,AWS_09_NorthEast,22.15720865141773,81.53326255477675,1009.5962987933138,0.7383664766768745,0
2023-04-06,AWS_09_NorthEast,19.81213701005452,78.40252210812662,1009.6577432494704,2.6493296281651806,0
2023-04-07,AWS_09_NorthEast,23.61912644210499,78.29848478308256,1010.2250919670184,1.0090350945046302,0
2023-04-08,AWS_09_NorthEast,22.293203320619146,80.39945583894016,1010.066630112313,3.093279851439445,0
2023-04-09,AWS_09_NorthEast,20.829159504439883,73.56005260091683,1009.915048339365,0.4646458277647566,0
2023-04-10,AWS_09_NorthEast,22.69676224056856,75.85651277869779,1010.3227401752572,0.3796315808413917,0
2023-04-11,AWS_09_NorthEast,18.29060552892774,76.94308836993183,1010.1613273412988,0.4261062636932283,0
2023-04-12,AWS_09_NorthEast,19.404001236558496,78.10828754563614,1009.8208647139684,1.1598467060327429,0
2023-04-13,AWS_09_NorthEast,20.014245976344363,76.96803740263462,1009.4416119618812,0.516512803085249,0
2023-04-14,AWS_09_NorthEast,23.61174117896602,80.7402072189245,1009.5421667006514,0.2387040765034319,0
2023-04-15,AWS_09_NorthEast,18.51834453212661,80.1202728199518,1009.2108316605616,7.839809745367293,0
2023-04-16,AWS_09_NorthEast,17.429520576310434,84.18811458033268,1010.0061603411236,3.460390168351342,0
2023-04-17,AWS_09_NorthEast,17.690907286955202,87.56379191263508,1009.4958717059014,1.5118380019555926,0
2023-04-18,AWS_09_NorthEast,21.08445030556037,76.48632277780273,1009.6697741429826,3.33210050320091,0
2023-04-19,AWS_09_NorthEast,18.70215313310637,80.84847410299068,1009.8435666529464,4.110768763402924,0
2023-04-20,AWS_09_NorthEast,19.22383969473423,80.97410794333376,1010.4187207556896,1.6910190798184574,0
2023-04-21,AWS_09_NorthEast,20.47649873116623,80.62515602205151,1010.3499175859392,1.096833734425415,0
2023-04-22,AWS_09_NorthEast,18.965693416053305,77.54270592911332,1009.846408456964,3.2056287643376877,0
2023-04-23,AWS_09_NorthEast,19.380439718783933,78.17418785105049,1010.494199606776,1.2582898298397658,0
2023-04-24,AWS_09_NorthEast,19.749308959281272,81.77473059788161,1008.8424071897258,0.2033869139847904,0
2023-04-25,AWS_09_NorthEast,18.17364289779923,78.34429229433874,1010.773777527002,0.6855860929206026,0
2023-04-26,AWS_09_NorthEast,18.44429554784224,81.78404477876427,1010.1674591173409,0.8856718740230292,0
2023-04-27,AWS_09_NorthEast,18.93179760018165,80.69328614966305,1009.8581132471594,4.1085920351903695,0
2023-04-28,AWS_09_NorthEast,19.747243484742924,81.97999913420075,1009.3459987410938,1.614625285087376,0
2023-04-29,AWS_09_NorthEast,17.133584188112195,78.81796050431353,1009.5570809621936,3.122496769526886,0
2023-04-30,AWS_09_NorthEast,13.669527540718931,82.27201630354001,1010.064699855736,2.125697681871085,0
2023-05-01,AWS_09_NorthEast,19.099145392646,79.27737158100271,1010.0594523291844,0.5562931319653615,0
2023-05-02,AWS_09_NorthEast,19.35188544035296,82.52177526374291,1010.0604809413952,1.902548300479785,0
2023-05-03,AWS_09_NorthEast,18.142100745951137,86.17613886456161,1009.3443959723164,0.3259281204943937,0
2023-05-04,AWS_09_NorthEast,18.127459362186976,83.05793201629604,1009.2255742581984,0.7867424670189637,0
2023-05-05,AWS_09_NorthEast,16.762791492511994,83.35635481342693,1009.7694535810136,2.4605560838179885,0
2023-05-06,AWS_09_NorthEast,18.24506933810304,84.956825346692,1010.0376353763336,1.419851075459611,0
2023-05-07,AWS_09_NorthEast,18.661417297112465,78.40765789899403,1009.6346685276442,2.617993896668337,0
2023-05-08,AWS_09_NorthEast,17.3546529532191,87.88685628007767,1010.3537020160844,0.4409598955410908,0
2023-05-09,AWS_09_NorthEast,20.89642393782011,79.67367857935369,1009.6089344586604,2.077935292758744,0
2023-05-10,AWS_09_NorthEast,14.705017142392904,85.58835421820683,1009.570945388241,0.3390798482025788,0
2023-05-11,AWS_09_NorthEast,17.18761521678573,85.29755725126775,1009.8850480783304,1.1821898915234943,0
2023-05-12,AWS_09_NorthEast,15.075685650687628,80.45628582132213,1010.1373922943772,0.8525089010652819,0
2023-05-13,AWS_09_NorthEast,18.052556208350943,86.29387108788468,1008.8307060251616,1.2195045645338138,0
2023-05-14,AWS_09_NorthEast,14.25770719739648,84.86351795978018,1008.9234381676796,0.2184639561746941,0
2023-05-15,AWS_09_NorthEast,14.527762312926566,89.14129130620366,1009.302484389301,0.672311251353675,0
2023-05-16,AWS_09_NorthEast,15.479209784401217,84.15114605879886,1011.0148247196464,1.6489860517464172,0
2023-05-17,AWS_09_NorthEast,16.729734828667425,83.34338343154789,1009.2804329389438,1.2264705152078694,0
2023-05-18,AWS_09_NorthEast,15.341455720576686,82.22104961267628,1009.3256709822688,1.194331332475258,0
2023-05-19,AWS_09_NorthEast,15.261885533192729,78.62988675885511,1009.670722783858,1.072568146333149,0
2023-05-20,AWS_09_NorthEast,15.775832798639987,82.9981488247174,1009.8245921798338,4.320525779038199,0
2023-05-21,AWS_09_NorthEast,15.5926932488263,83.2162513298048,1009.3952052726456,4.09015469035549,0
2023-05-22,AWS_09_NorthEast,18.097903528076515,84.91944510207358,1009.8662831739932,0.6697704724279259,3
2023-05-23,AWS_09_NorthEast,16.8747561703811,79.95146784314161,1008.6605400376789,0.6505538648900568,3
2023-05-24,AWS_09_NorthEast,15.340027777012164,83.58940381308356,1008.8475249875552,1.214179253055648,3
2023-05-25,AWS_09_NorthEast,18.9552828837295,86.11898915915727,1009.7844916017395,0.1507357305140561,3
2023-05-26,AWS_09_NorthEast,16.5320224739511,86.49866498147712,1009.1810420619768,0.5414692229918009,3
2023-05-27,AWS_09_NorthEast,14.327771157018372,78.97267356493266,1008.5163192333044,0.3937381622710123,3
2023-05-28,AWS_09_NorthEast,16.154609912591734,86.74938052335571,1008.4579095590116,0.379224837089988,3
2023-05-29,AWS_09_NorthEast,16.563697842222442,83.96651590237772,1008.685010474409,1.526262785276233,3
2023-05-30,AWS_09_NorthEast,14.721568871598665,84.22529475064698,1009.0625228674028,0.7276158027276685,3
2023-05-31,AWS_09_NorthEast,14.168828666582913,77.75886185764051,1009.2658145668952,0.2816001364155662,3
2023-06-01,AWS_09_NorthEast,15.87389726682468,89.40317152257929,1008.8379536269196,9.834483975556688,3
2023-06-02,AWS_09_NorthEast,15.202543847485632,85.52085348392254,1009.1650450088372,9.326943593332274,3
2023-06-03,AWS_09_NorthEast,17.962307633036335,80.4620029200787,1008.723785772001,8.927377880334525,3
2023-06-04,AWS_09_NorthEast,16.858179791316623,86.2458253362268,1009.5237734878252,2.2298322821568384,3
2023-06-05,AWS_09_NorthEast,14.790223273929591,86.21538247081493,1010.1569576159872,0.2640167524255026,3
2023-06-06,AWS_09_NorthEast,16.397361647291703,88.90917797793014,1008.6536943138968,0.5079593074147376,3
2023-06-07,AWS_09_NorthEast,17.668360816987956,84.36993175589319,1009.0586783230308,1.453636337964562,3
2023-06-08,AWS_09_NorthEast,13.688338906734977,85.39027596456464,1008.986385965388,1.1179030669513537,3
2023-06-09,AWS_09_NorthEast,14.258434420967571,83.47897481683707,1008.824763643538,9.321116637328288,3
2023-06-10,AWS_09_NorthEast,15.791600035351262,87.25215954737432,1009.0500529341302,19.32576854812736,3
2023-06-11,AWS_09_NorthEast,15.879717151263971,83.15654810890177,1008.9306352198312,7.634193517463576,3
2023-06-12,AWS_09_NorthEast,15.768203671132117,82.8745285194329,1008.4232901792568,5.8894823567919605,3
2023-06-13,AWS_09_NorthEast,15.402758156153698,85.39435012899169,1009.284486968183,3.997115914473648,3
2023-06-14,AWS_09_NorthEast,15.404508810813264,81.96214272493054,1008.6942587622904,6.61174807635185,3
2023-06-15,AWS_09_NorthEast,16.496925687954487,90.48585517289564,1008.3680611404832,13.221414427369137,3
2023-06-16,AWS_09_NorthEast,17.65066709159548,91.49871358875558,1009.7489322473798,4.138461313945928,3
2023-06-17,AWS_09_NorthEast,15.259825633005445,84.39130834952981,1008.435937672384,0.7558247562865411,3
2023-06-18,AWS_09_NorthEast,19.672652319889888,81.62516167819459,1008.5880832611732,0.8053074148758269,3
2023-06-19,AWS_09_NorthEast,18.99219587805969,86.82528405892363,1008.5147620031696,3.9453312281459776,3
2023-06-20,AWS_09_NorthEast,18.0834634948104,84.39744572898628,1008.3283984741116,1.8255057225931792,3
2023-06-21,AWS_09_NorthEast,17.064050651653467,89.39371774777297,1008.5838655239731,10.848141030869913,3
2023-06-22,AWS_09_NorthEast,17.118718696571978,83.53182367654354,1007.9031140713312,4.256228447836303,0
2023-06-23,AWS_09_NorthEast,13.650313320737958,87.54805329904826,1008.5898700871012,5.078399993951472,0
2023-06-24,AWS_09_NorthEast,12.81767482282033,86.2753993273694,1007.3783193407088,0.0262697240644713,0
2023-06-25,AWS_09_NorthEast,13.2610692674046,83.92118811164919,1007.5742831386148,3.1088111952865933,0
2023-06-26,AWS_09_NorthEast,12.531414816049075,86.68432046479163,1009.1019357732188,2.538739707938177,0
2023-06-27,AWS_09_NorthEast,14.206692624069936,88.61160703482467,1007.526682945106,5.506828853708219,0
2023-06-28,AWS_09_NorthEast,14.464261420416744,86.24602983294106,1007.1404471287132,2.170353540791427,0
2023-06-29,AWS_09_NorthEast,58.64139353031183,86.28444691619661,1007.470336381476,16.892787654465753,1
2023-06-30,AWS_09_NorthEast,13.98401978364321,83.37898290452306,1008.9216655150526,4.991753321234091,0
2023-07-01,AWS_09_NorthEast,14.2000281193273,89.43231806664254,1007.1212831236412,4.853562721087867,0
2023-07-02,AWS_09_NorthEast,16.60478204034471,89.13334340735967,1007.5048789149268,11.328870069113464,0
2023-07-03,AWS_09_NorthEast,14.932744613374537,84.7656556220246,1007.2192668773872,24.03066118793147,0
2023-07-04,AWS_09_NorthEast,15.391170274089392,85.61972754236885,1007.776890935446,0.9919040248445132,0
2023-07-05,AWS_09_NorthEast,14.300700629255314,90.22814629384584,1007.661562996178,7.485935255941005,0
2023-07-06,AWS_09_NorthEast,11.600607592897765,82.57529689625775,1007.6048487881696,0.7970332973941531,0
2023-07-07,AWS_09_NorthEast,11.315005314979931,87.77703615339215,1008.738993400068,2.748266938310392,0
2023-07-08,AWS_09_NorthEast,17.174242341823348,84.27413132409605,1007.1771443269378,0.4750494376211472,0
2023-07-09,AWS_09_NorthEast,13.26884802795885,91.26765218944924,1007.6914097552364,4.394225716972467,0
2023-07-10,AWS_09_NorthEast,13.16035935200917,86.10485381775894,1007.8777022293206,2.844388150385506,0
2023-07-11,AWS_09_NorthEast,14.475231398932616,89.67439901755338,1007.1842813430868,4.458339384263535,0
2023-07-12,AWS_09_NorthEast,14.955930117306012,83.58569230480549,1007.8837618191722,5.098868345599747,0
2023-07-13,AWS_09_NorthEast,15.17153992310856,82.09816723592026,1007.406748973136,4.34740978089848,0
2023-07-14,AWS_09_NorthEast,16.84611985710255,85.11272957061412,1007.7601127022152,1.566815816213066,0
2023-07-15,AWS_09_NorthEast,16.466157876120814,86.5729970717066,1007.485389033776,8.1618954322739,0
2023-07-16,AWS_09_NorthEast,13.031521557246515,84.21988355974601,1006.4806900262548,3.6101782977428334,0
2023-07-17,AWS_09_NorthEast,15.736188454602736,87.99183568435485,1008.1257183709268,3.028737503754787,0
2023-07-18,AWS_09_NorthEast,13.744402105405843,85.04960081384667,1008.4747678072786,19.56476710558501,0
2023-07-19,AWS_09_NorthEast,14.154002844511792,79.39542255354222,1007.3181972704856,1.5002463012966365,0
2023-07-20,AWS_09_NorthEast,12.761273448741502,87.25617867991045,1006.924809892195,3.378782253348959,0
2023-07-21,AWS_09_NorthEast,11.906890648579289,82.90588889323212,1008.0941893961387,5.160262972070832,0
2023-07-22,AWS_09_NorthEast,14.445638297124653,84.42222698889736,1008.2539668260924,0.6020533576474913,0
2023-07-23,AWS_09_NorthEast,13.107713420437022,90.11770731601418,1007.1921748327454,1.967971203362648,0
2023-07-24,AWS_09_NorthEast,15.984322300307255,90.72583338991406,1007.1352437619818,7.280628036212546,0
2023-07-25,AWS_09_NorthEast,14.224094876970932,83.62780745247045,1007.1728638978512,1.2158119632984317,0
2023-07-26,AWS_09_NorthEast,15.163887264658992,87.03235795566134,1006.344013637746,3.0591771808250563,0
2023-07-27,AWS_09_NorthEast,16.80974311174197,83.58472204786325,1007.0044363807144,4.481811305455495,0
2023-07-28,AWS_09_NorthEast,12.59011007905297,84.32132821157805,1007.9764333750736,5.004860063016428,0
2023-07-29,AWS_09_NorthEast,13.792853305698056,83.30289436678174,1007.0038422825978,5.863928380013789,0
2023-07-30,AWS_09_NorthEast,15.214941237201948,79.88335315845737,1006.5376637207162,9.043857979010252,0
2023-07-31,AWS_09_NorthEast,15.478330394846244,85.27562250008977,1007.2757973954348,2.245477295934701,0
2023-08-01,AWS_09_NorthEast,16.73278821700284,85.78695419574414,1006.6639169738612,5.5184725483949055,0
2023-08-02,AWS_09_NorthEast,16.448321726352866,82.8394027312746,1006.9346491561344,5.928390817584756,0
2023-08-03,AWS_09_NorthEast,15.36507305545346,88.04370251745398,1006.3041155134024,1.6067998579807448,0
2023-08-04,AWS_09_NorthEast,15.748869364153688,83.39799699045653,1006.3912070423254,15.51135394036362,0
2023-08-05,AWS_09_NorthEast,15.866453139089703,82.718525222819,1007.2496511026114,9.018473973439924,0
2023-08-06,AWS_09_NorthEast,13.243312359644726,86.13162844766896,1006.910388853892,1.540327573470898,0
2023-08-07,AWS_09_NorthEast,15.29330082896798,79.84408998508198,1006.4364008019936,5.05863644339318,0
2023-08-08,AWS_09_NorthEast,15.98247484390472,87.11027207819934,1006.8565194387028,5.693136695221913,0
2023-08-09,AWS_09_NorthEast,16.381385841533458,83.09993297446111,1006.4658574457096,2.5412633197628702,0
2023-08-10,AWS_09_NorthEast,14.392677664114748,87.18863540497128,1006.3505942861232,8.969465561199232,0
2023-08-11,AWS_09_NorthEast,13.963532576805388,87.99766213188875,1007.297907772151,5.273653974102926,0
2023-08-12,AWS_09_NorthEast,15.604254598641438,85.96440683965287,1007.0811260621764,4.830286230019338,0
2023-08-13,AWS_09_NorthEast,18.998217647666355,81.51691164078595,1006.6532358467574,1.122927032144306,0
2023-08-14,AWS_09_NorthEast,14.911176157998364,80.10745745345542,1006.7106218496708,2.3579204112166643,0
2023-08-15,AWS_09_NorthEast,17.99555517460132,79.46311920642518,1006.6092385375588,2.560609193216471,0
2023-08-16,AWS_09_NorthEast,18.708096038452,86.97774553121961,1006.8323374093724,5.953435686591881,0
2023-08-17,AWS_09_NorthEast,16.49718998457481,83.16660946817443,1006.1648953434202,4.335156203002749,0
2023-08-18,AWS_09_NorthEast,15.50887272502294,81.67368998940434,1006.9721372585112,0.4039748662135166,0
2023-08-19,AWS_09_NorthEast,17.399149684947087,82.97383320592358,1006.694338897248,1.6547981979805395,0
2023-08-20,AWS_09_NorthEast,17.025272760564853,86.5090763044469,1006.3631381759913,2.8829019410865024,0
2023-08-21,AWS_09_NorthEast,15.548559123878135,85.49900426191505,1006.2283337586648,6.005638561486646,0
2023-08-22,AWS_09_NorthEast,15.954968470943545,84.37234575662535,1006.8707973881492,6.1240327365494185,0
2023-08-23,AWS_09_NorthEast,17.73099855211797,84.86302939837924,1006.3534571317676,3.034846944159982,0
2023-08-24,AWS_09_NorthEast,18.559712055062025,83.38096562368165,1006.0581877245198,0.5595907681297869,0
2023-08-25,AWS_09_NorthEast,16.785723139118293,83.6364307307979,1006.1947552238709,1.559645970865696,0
2023-08-26,AWS_09_NorthEast,17.2779667202541,83.28140862586696,1006.7515262215528,1.322812062408896,0
2023-08-27,AWS_09_NorthEast,18.49775206156727,82.5050220573167,1005.5420150019291,6.834618681536699,0
2023-08-28,AWS_09_NorthEast,17.35052600746134,84.6508653177716,1006.1504445883726,0.892954118817499,0
2023-08-29,AWS_09_NorthEast,17.276029073808346,83.35882678484901,1006.8447932201318,2.814035827799604,0
2023-08-30,AWS_09_NorthEast,16.709038273165035,79.51580540392325,1006.2072472744488,4.9987943671551225,0
2023-08-31,AWS_09_NorthEast,16.80128462716679,83.62631159434012,1006.4101241100392,15.058421512340926,0
2023-09-01,AWS_09_NorthEast,22.08309480590241,82.6619705305704,1006.79997184485,32.32330141262932,0
2023-09-02,AWS_09_NorthEast,17.90608893334498,83.6338489832817,1006.6861404187516,4.583928791536704,0
2023-09-03,AWS_09_NorthEast,20.3697255666515,81.36524117477174,1006.003855968221,1.9000619367820235,0
2023-09-04,AWS_09_NorthEast,20.9709645814417,83.9902463661384,1006.1431246424282,2.0582371243157738,0
2023-09-05,AWS_09_NorthEast,18.293491062460387,81.2469098507014,1006.6456703462152,2.13574575002846,0
2023-09-06,AWS_09_NorthEast,19.24641585038892,83.47786792206487,1006.6485254834536,2.977341587140508,0
2023-09-07,AWS_09_NorthEast,18.973375208789097,79.81092796640893,1006.1208076852236,4.548142054231944,0
2023-09-08,AWS_09_NorthEast,16.528212711878716,79.89175159983641,1006.1246457294676,0.8850904617104043,0
2023-09-09,AWS_09_NorthEast,16.746260293649602,82.73193775760852,1006.272393985191,0.8080942052625351,0
2023-09-10,AWS_09_NorthEast,19.276093058346586,79.80185946077559,1006.8096876524178,0.9255699375770868,0
2023-09-11,AWS_09_NorthEast,18.694879460741607,87.28509831558998,1006.648260773548,1.617408112331136,0
2023-09-12,AWS_09_NorthEast,22.29984019887754,82.23686526904993,1006.4499701918752,2.240454566500285,0
2023-09-13,AWS_09_NorthEast,19.23858213087273,80.48132891954795,1005.5533033687072,3.066625865235373,0
2023-09-14,AWS_09_NorthEast,22.65151999735416,82.73457582852457,1005.9451476627512,0.9137902847277268,0
2023-09-15,AWS_09_NorthEast,19.14289846449928,78.70047321136784,1005.9619155660268,0.6773561475411088,0
2023-09-16,AWS_09_NorthEast,22.858780119834844,82.77856496877762,1006.7733669502536,6.14325317109058,0
2023-09-17,AWS_09_NorthEast,20.883705628857737,82.56163676655387,1005.936331411152,0.395728844588522,0
2023-09-18,AWS_09_NorthEast,21.10315200048453,83.5023880165109,1006.674700310274,0.3765524547008035,0
2023-09-19,AWS_09_NorthEast,19.62522962385444,78.28469584699936,1005.7554232814434,1.8850451815784743,0
2023-09-20,AWS_09_NorthEast,21.393388957344094,75.8037870508482,1005.7887049172097,0.2970496407619076,0
2023-09-21,AWS_09_NorthEast,23.202657145604924,77.50594908640932,1006.2688307529788,0.7647616622061837,0
2023-09-22,AWS_09_NorthEast,20.582315572152574,78.35555163883899,1006.8067181723212,0.5187865406968692,0
2023-09-23,AWS_09_NorthEast,20.426787124676505,84.06575245482883,1005.9118833073792,0.2771656759872303,0
2023-09-24,AWS_09_NorthEast,20.70237939494586,85.51251288414726,1004.7321023705346,1.3002056411462355,0
2023-09-25,AWS_09_NorthEast,23.63960629764668,79.82454802379492,1005.2276976766292,0.701437269004154,0
2023-09-26,AWS_09_NorthEast,22.629615647858245,78.68158298669918,1006.1556629745738,0.930498118640164,0
2023-09-27,AWS_09_NorthEast,23.655452390112146,77.4663441041719,1005.2667676648784,0.3269784484652631,0
2023-09-28,AWS_09_NorthEast,22.091862959146948,80.85264215721206,1005.5694591556318,2.190665918472751,0
2023-09-29,AWS_09_NorthEast,21.81801659639148,84.80670661474983,1006.0070784139444,0.5668743193465414,0
2023-09-30,AWS_09_NorthEast,22.53263369000588,83.46083504216489,1004.7754830598172,0.6294636018269957,0
2023-10-01,AWS_09_NorthEast,23.63966610798876,81.37950153144756,1005.8101556258648,0.4358372308178262,0
2023-10-02,AWS_09_NorthEast,21.801451415607985,81.19777881385178,1005.4180587171102,0.8548117200711443,0
2023-10-03,AWS_09_NorthEast,24.36279373717257,80.18715141162495,1005.2519101185704,0.9342473327150308,0
2023-10-04,AWS_09_NorthEast,22.99608175640364,77.41079214206958,1005.6020369380798,1.131471219927982,0
2023-10-05,AWS_09_NorthEast,18.97534383213935,75.20559429319299,1005.4707455912488,5.142927575804038,0
2023-10-06,AWS_09_NorthEast,24.047253020906115,77.21554485176785,1006.2429021167018,3.525959268554934,0
2023-10-07,AWS_09_NorthEast,20.95059325342033,78.40796803308076,1006.6098275795536,1.410078592255437,0
2023-10-08,AWS_09_NorthEast,24.28459325210529,72.6432641927508,1005.8333421553584,0.0595206379174969,0
2023-10-09,AWS_09_NorthEast,24.484599359093597,76.40882545016503,1005.7220721203018,1.4211317193132895,0
2023-10-10,AWS_09_NorthEast,23.76331397689689,74.2537278554011,1005.8181986146332,0.140919866060062,0
2023-10-11,AWS_09_NorthEast,24.219773271686464,79.63727155983301,1005.4769588125266,1.8585931356809955,0
2023-10-12,AWS_09_NorthEast,25.18791883753262,74.81126213776322,1005.393016111647,0.7416354290905627,0
2023-10-13,AWS_09_NorthEast,22.9310756569883,77.31014382823857,1005.221526090542,2.7274307816132644,0
2023-10-14,AWS_09_NorthEast,24.99906997362002,74.09101363712696,1005.387038610496,4.28471861080961,0
2023-10-15,AWS_09_NorthEast,25.68733273120304,80.85030020111526,1006.8758676598532,0.8096360632411531,0
2023-10-16,AWS_09_NorthEast,26.71621827286611,70.82163481383785,1005.7233096070086,0.9258224901960744,0
2023-10-17,AWS_09_NorthEast,22.5501053556902,77.21874534575215,1004.6069261963736,1.3379372066588129,0
2023-10-18,AWS_09_NorthEast,24.953576782548435,71.82742430961342,1005.7940018775756,0.3293487918137612,0
2023-10-19,AWS_09_NorthEast,23.02990215640738,73.99986609354588,1005.3026796990292,3.932798590939151,0
2023-10-20,AWS_09_NorthEast,23.09685365114359,76.01582343335768,1006.1385496951444,0.8510937684407769,0
2023-10-21,AWS_09_NorthEast,25.27110781195182,76.03350494060767,1006.0961110564978,0.273758965346258,0
2023-10-22,AWS_09_NorthEast,24.97776963285921,75.82621461262124,1006.1602683612,2.157846409431212,0
2023-10-23,AWS_09_NorthEast,26.70725993610673,75.46548970460275,1006.124553593469,0.3710609500170503,0
2023-10-24,AWS_09_NorthEast,24.59777892185499,72.95742361813336,1005.971702272257,0.2324027125312793,0
2023-10-25,AWS_09_NorthEast,25.042328672584464,74.26443420385358,1005.4437959628592,1.2412940899519362,0
2023-10-26,AWS_09_NorthEast,25.68606335987599,74.72609508216803,1006.148645338409,1.669805996407467,0
2023-10-27,AWS_09_NorthEast,24.200466578493824,75.09287133462813,1006.7102005552632,1.2644305571915386,0
2023-10-28,AWS_09_NorthEast,24.53197286393453,74.18638095012061,1007.1228738489784,1.6028987536539765,0
2023-10-29,AWS_09_NorthEast,27.413021735922843,76.44989752568935,1006.1128693164604,0.1841398704595825,0
2023-10-30,AWS_09_NorthEast,25.03662937216808,74.42009897636308,1006.1834116170696,0.9694470280448222,0
2023-10-31,AWS_09_NorthEast,27.75382116093197,74.6238715916074,1006.5153008800852,0.6624593259554472,0
2023-11-01,AWS_09_NorthEast,27.009940168029832,72.75307165803805,1007.0290928631844,5.438497377093759,0
2023-11-02,AWS_09_NorthEast,23.895325130905576,70.62605255101776,1006.0572175116928,0.0763462709407531,0
2023-11-03,AWS_09_NorthEast,27.12859060300453,74.12906422694957,1006.6650888472062,0.531361583217239,0
2023-11-04,AWS_09_NorthEast,27.231859227897548,77.17419863863245,1005.9262491145062,4.267408683958831,0
2023-11-05,AWS_09_NorthEast,27.19633125430122,74.76964535065694,1006.5219713885278,6.156245403996901,0
2023-11-06,AWS_09_NorthEast,26.46157029945243,70.87313278732867,1006.8622239702944,2.613610832246928,0
2023-11-07,AWS_09_NorthEast,25.37534613215955,75.65877276220849,1005.7518475203768,0.1185619603906758,0
2023-11-08,AWS_09_NorthEast,28.91441035931872,72.09955758646835,1006.1555363254772,1.236097370547309,0
2023-11-09,AWS_09_NorthEast,26.85091520079771,75.1406773575589,1006.916799846206,0.766545948844455,0
2023-11-10,AWS_09_NorthEast,25.78488613590916,71.7836170288993,1006.7692509614895,2.4633490025432514,0
2023-11-11,AWS_09_NorthEast,27.901394996161716,73.84472735245241,1007.0013614532004,0.0848939968867384,0
2023-11-12,AWS_09_NorthEast,26.204673227614407,71.12566480641267,1006.930275647834,0.3293413742673495,0
2023-11-13,AWS_09_NorthEast,25.997289269945828,71.09992419821548,1006.3586141901136,1.0076512439225618,0
2023-11-14,AWS_09_NorthEast,26.95817818764012,67.77981679276901,1007.6523069976056,0.2573353495659596,0
2023-11-15,AWS_09_NorthEast,26.62212314687614,73.91600466413023,1006.6451417508132,1.7699701314659142,0
2023-11-16,AWS_09_NorthEast,26.349023710366826,73.39312181611733,1005.0732288713244,2.578604816133085,0
2023-11-17,AWS_09_NorthEast,29.02247784154116,73.46646795063431,1006.484721279364,1.8287306494847484,0
2023-11-18,AWS_09_NorthEast,27.73586911033125,72.91938085137058,1006.4165271338344,0.8704878827010181,0
2023-11-19,AWS_09_NorthEast,29.87703112791038,69.71463869039354,1007.0743553471992,3.1603753286253866,0
2023-11-20,AWS_09_NorthEast,26.80706985269129,74.80886372419455,1006.4771482203312,0.2222039373878022,0
2023-11-21,AWS_09_NorthEast,25.585911119538807,74.8010852242835,1007.2786203961292,0.4523441149491251,0
2023-11-22,AWS_09_NorthEast,28.486996353290625,69.37144677507176,1007.0349561893216,1.0086635736084644,0
2023-11-23,AWS_09_NorthEast,31.132541254326803,73.2477991024327,1006.2830010290348,0.0949506899842851,0
2023-11-24,AWS_09_NorthEast,29.22790393870557,74.19354986144135,1006.7403599582728,0.1508675883323639,0
2023-11-25,AWS_09_NorthEast,33.335430042384985,70.07733643190309,1006.4506327309548,0.7598604437871983,0
2023-11-26,AWS_09_NorthEast,29.08947272748406,70.52050888620651,1006.9589758108444,4.320562846950162,0
2023-11-27,AWS_09_NorthEast,29.02177449164069,72.9338940499268,1006.5043839400472,3.5857102626005526,0
2023-11-28,AWS_09_NorthEast,25.510488292251388,66.72547839291883,1006.961207272178,0.9409685388819364,0
2023-11-29,AWS_09_NorthEast,29.458541329693265,67.91782816658753,1006.8170159097735,0.2300039705712697,0
2023-11-30,AWS_09_NorthEast,29.14068976714089,68.14298684927935,1006.906546484956,0.2942187912334816,0
2023-12-01,AWS_09_NorthEast,28.345583317466083,65.65433579075062,1008.0379190895792,0.7111284550320138,0
2023-12-02,AWS_09_NorthEast,28.8185123770185,74.23113864495534,1006.8622897064148,0.3537243836444916,0
2023-12-03,AWS_09_NorthEast,28.986414110759835,64.9470395851519,1006.1056829143856,0.1299317886847107,0
2023-12-04,AWS_09_NorthEast,28.88145504275596,71.87798321814005,1007.6114543888864,1.6802633468519992,0
2023-12-05,AWS_09_NorthEast,32.34658591774401,73.2230367112106,1007.6384267658,1.3064335009418515,0
2023-12-06,AWS_09_NorthEast,28.71424805700851,69.84867103804417,1006.1761427078768,0.516477597858458,0
2023-12-07,AWS_09_NorthEast,29.58088489191908,68.66798281966797,1006.846574210984,2.264038562436383,0
2023-12-08,AWS_09_NorthEast,28.77526476564459,71.31741096148602,1007.446578465936,2.2438216099072505,0
2023-12-09,AWS_09_NorthEast,30.60827807119121,70.57236771055805,1007.5226525448272,1.0129666997866404,0
2023-12-10,AWS_09_NorthEast,29.74808914446349,73.52757099274406,1007.2902858739208,0.1522728033945188,0
2023-12-11,AWS_09_NorthEast,29.11067268034705,62.58389803870335,1007.3338668902784,3.7601653054849775,0
2023-12-12,AWS_09_NorthEast,26.68695010574783,67.66797554694702,1006.8881667400736,1.6569177308171052,0
2023-12-13,AWS_09_NorthEast,29.983982943776304,72.06571004590499,1006.1902331939596,0.4256363135600042,0
2023-12-14,AWS_09_NorthEast,29.195517096470684,70.49146082148307,1008.4477887933306,1.4141620872057274,0
2023-12-15,AWS_09_NorthEast,29.60736163430254,72.55762985795741,1006.9717500460785,0.7788450022957716,0
2023-12-16,AWS_09_NorthEast,27.96109558797422,71.05127741987677,1007.5775462547998,1.5132244523703595,0
2023-12-17,AWS_09_NorthEast,31.91872367414389,69.82698839521245,1007.4432304701584,0.9633129764743932,0
2023-12-18,AWS_09_NorthEast,31.085631021823364,69.29261841266194,1008.0047557501284,0.9967583931231472,0
2023-12-19,AWS_09_NorthEast,31.975979636196268,77.14524440789144,1007.6472396070038,1.9970394809677685,0
2023-12-20,AWS_09_NorthEast,31.577473798115435,74.74783397515053,1007.7002670568596,1.426811489069591,0
2023-12-21,AWS_09_NorthEast,30.77023680723968,71.60475444023719,1006.3402545876326,0.1249952815507819,0
2023-12-22,AWS_09_NorthEast,28.190757562219915,70.33121035503567,1007.2747128224004,0.1014125551730063,0
2023-12-23,AWS_09_NorthEast,32.68934036316557,71.69013803100252,1008.0977589790728,0.5457850873018057,0
2023-12-24,AWS_09_NorthEast,28.55053705333065,72.5385143739568,1008.0869180227372,0.8438258762743662,0
2023-12-25,AWS_09_NorthEast,29.554755123179724,71.29911349782135,1007.3179701932966,0.4828359741498508,0
2023-12-26,AWS_09_NorthEast,31.03073882041724,67.77547423036346,1007.0390561111644,1.581002805804815,0
2023-12-27,AWS_09_NorthEast,31.115853623233797,75.37248986072085,1007.9256847997568,0.3255706308456692,0
2023-12-28,AWS_09_NorthEast,30.847689620724644,70.74929015295426,1006.4433736411556,1.826808922978152,0
2023-12-29,AWS_09_NorthEast,29.394826483924003,76.04653088525181,1007.3568196505856,2.225204314907607,0
2023-12-30,AWS_09_NorthEast,29.08841727263972,70.56262774695908,1008.845653825266,0.1991306413231136,0
2023-12-31,AWS_09_NorthEast,33.8017988529092,69.2630399436234,1008.7225336644368,1.578192501334319,0
2022-01-01,AWS_10_Gujarat,38.18437701980181,52.28923942591144,1010.9311608518168,4.1363477535034585,0
2022-01-02,AWS_10_Gujarat,41.49291312116299,48.94351302958189,1012.3760856247052,0.4892778998379231,0
2022-01-03,AWS_10_Gujarat,35.23522274314746,52.82131686759603,1012.3954544769508,0.5110744219555609,0
2022-01-04,AWS_10_Gujarat,36.26636938381127,52.10323547635085,1013.0949033624916,0.473568137598612,0
2022-01-05,AWS_10_Gujarat,38.69958441909681,48.78061082236269,1011.6096424888972,0.2498791481622197,0
2022-01-06,AWS_10_Gujarat,39.99403036532924,50.941306022576605,1011.367489242335,0.8450578537306466,0
2022-01-07,AWS_10_Gujarat,42.40858204989376,48.623968165040935,1011.933408113585,2.301974736273776,0
2022-01-08,AWS_10_Gujarat,38.51762395190004,47.39897148222212,1012.5515237444351,1.8676539392166824,0
2022-01-09,AWS_10_Gujarat,36.039684465445255,48.92187046380274,1011.2138234435748,3.458675574478958,0
2022-01-10,AWS_10_Gujarat,40.09542630910439,49.57993146665124,1012.3824443862716,0.6594828135953021,0
2022-01-11,AWS_10_Gujarat,37.99028450949746,50.47814628348964,1012.1453219538045,1.2737167276676578,0
2022-01-12,AWS_10_Gujarat,37.89507292829982,49.84405594043498,1012.2105931714872,2.182087836730365,0
2022-01-13,AWS_10_Gujarat,34.81130577226429,44.9344598387946,1012.0052431208989,3.426724455609451,0
2022-01-14,AWS_10_Gujarat,39.4349000462913,53.20375916293148,1013.032455487941,3.080711125875855,0
2022-01-15,AWS_10_Gujarat,36.25349485093783,45.15842213415513,1011.7134894871092,0.9396846999107172,0
2022-01-16,AWS_10_Gujarat,38.43575197882333,50.86803258468466,1013.018071509269,3.5604424244991257,0
2022-01-17,AWS_10_Gujarat,37.63323449482571,48.11719463576832,1012.8188784706086,0.8806309143879388,0
2022-01-18,AWS_10_Gujarat,37.77540369242222,50.81912847490773,1012.3707430258268,3.496974124876824,0
2022-01-19,AWS_10_Gujarat,37.494680946315015,49.7516557569536,1013.4130871884518,2.2506789079560243,0
2022-01-20,AWS_10_Gujarat,36.2234032524493,51.512635285744246,1011.7310857246364,0.3758644725018221,0
2022-01-21,AWS_10_Gujarat,36.02751261262111,52.07841515378302,1013.2068147356488,3.9817856380928616,0
2022-01-22,AWS_10_Gujarat,38.64215256175027,53.68058656040167,1012.1890830220648,0.4165274970739233,0
2022-01-23,AWS_10_Gujarat,37.12532618589932,52.93831218638406,1012.5423442345744,3.585812938185416,0
2022-01-24,AWS_10_Gujarat,36.0922270101787,50.79724437036508,1012.9587520934056,1.432192923151282,0
2022-01-25,AWS_10_Gujarat,36.22842179111282,53.55906865130092,1013.3575737346092,1.651114317547845,0
2022-01-26,AWS_10_Gujarat,37.94851028021405,49.2615361737266,1012.3876509147794,0.1736778015788437,0
2022-01-27,AWS_10_Gujarat,35.81596355353288,55.89136924663547,1013.181699767144,0.1020024115613637,0
2022-01-28,AWS_10_Gujarat,39.140601494816686,49.12828553939403,1012.707687325666,5.179100369179129,0
2022-01-29,AWS_10_Gujarat,36.424152995086416,49.56699590395497,1012.530336644815,0.6163069256486875,0
2022-01-30,AWS_10_Gujarat,36.04116696098984,45.5924055693876,1012.1652708595344,2.790421622420244,0
2022-01-31,AWS_10_Gujarat,37.39737092303712,49.10907294436368,1012.8274840740576,1.82850505005588,0
2022-02-01,AWS_10_Gujarat,35.94663473534504,50.38221384615717,1012.4067899516216,1.390035864233642,0
2022-02-02,AWS_10_Gujarat,36.84493212802031,50.43952742114461,1012.4648312834915,1.7337740655309282,0
2022-02-03,AWS_10_Gujarat,36.085651493143374,56.38025860798908,1012.8613817692996,0.1404562002025213,0
2022-02-04,AWS_10_Gujarat,33.459240549606584,53.163604256310535,1013.0145308930436,0.797551117067018,0
2022-02-05,AWS_10_Gujarat,34.3535830989173,54.30465779003095,1012.8873507122112,1.4012100961895744,0
2022-02-06,AWS_10_Gujarat,36.28244734439107,51.56893732677139,1013.2241364366708,3.032471816741072,0
2022-02-07,AWS_10_Gujarat,35.05275379436028,49.54817091358189,1014.0595014876216,1.8812545215840344,0
2022-02-08,AWS_10_Gujarat,38.70092231998647,58.27284524878934,1012.9087307920994,0.4371481759526674,0
2022-02-09,AWS_10_Gujarat,34.313491415379616,51.51997848479648,1012.8240988422534,6.292204657398527,0
2022-02-10,AWS_10_Gujarat,33.40833044364972,53.84459144345838,1012.8292737315016,1.5451829966250743,0
2022-02-11,AWS_10_Gujarat,35.30756537670309,49.15878736787814,1011.9299068236858,1.0436758347176458,0
2022-02-12,AWS_10_Gujarat,35.49801316802706,48.5815469519097,1013.0315138939038,2.280622184112792,0
2022-02-13,AWS_10_Gujarat,36.31799023373855,56.674604388045424,1014.2647992500812,1.3845969513320664,0
2022-02-14,AWS_10_Gujarat,31.103925084547534,53.580123514084846,1013.4338951419776,1.8567522912166616,0
2022-02-15,AWS_10_Gujarat,36.98903103108047,51.71242030828397,1013.221150050524,1.4401023502229433,0
2022-02-16,AWS_10_Gujarat,32.628677216225725,51.91271520527246,1013.7101025771568,0.295552347244353,0
2022-02-17,AWS_10_Gujarat,36.087596029598,49.47375646380415,1013.2559241935328,1.1757769774862088,0
2022-02-18,AWS_10_Gujarat,37.24966735150867,50.99797687295436,1014.113175108898,0.4992307906826259,0
2022-02-19,AWS_10_Gujarat,35.290969475811025,54.06195740689608,1013.4541106314314,1.2669616472945884,0
2022-02-20,AWS_10_Gujarat,32.3061072519426,53.02695456671705,1014.2382002857474,0.2011605552935937,0
2022-02-21,AWS_10_Gujarat,33.590016889649505,55.25515219980843,1013.6918978760208,0.3958814425876284,0
2022-02-22,AWS_10_Gujarat,34.86413825283875,44.88267928335948,1013.8466230241552,2.4810457714740064,0
2022-02-23,AWS_10_Gujarat,33.629827862751306,53.73745366892219,1013.526555782022,0.7794730080529007,0
2022-02-24,AWS_10_Gujarat,31.853482507293517,55.665114648330686,1014.1076771319896,1.6802973828637011,0
2022-02-25,AWS_10_Gujarat,33.42242416521151,46.81959744298073,1014.4912564919644,1.033280091301894,0
2022-02-26,AWS_10_Gujarat,32.34113039951652,50.44984022036465,1013.9307377343316,0.624858641232983,0
2022-02-27,AWS_10_Gujarat,33.860840914441525,49.32884182297695,1013.5905954600177,1.025315910694014,0
2022-02-28,AWS_10_Gujarat,31.2052624006198,57.67296374611372,1014.1870427793144,2.5205966820610253,0
2022-03-01,AWS_10_Gujarat,29.73486264196983,54.117311802933706,1013.4820435444868,0.496094528913597,0
2022-03-02,AWS_10_Gujarat,30.94777526562837,54.44330041361827,1014.443391840436,0.8208288962742298,0
2022-03-03,AWS_10_Gujarat,29.74931828838949,57.54333967031124,1013.4980420498788,0.3395668225309957,0
2022-03-04,AWS_10_Gujarat,31.198483128133653,53.92870929996565,1013.7318244941172,0.648920653976095,0
2022-03-05,AWS_10_Gujarat,32.97944590764576,52.433859812705336,1014.2188056704766,3.2456663964661314,0
2022-03-06,AWS_10_Gujarat,31.212254880022435,55.02040737734821,1012.7773420690804,2.310725147447202,0
2022-03-07,AWS_10_Gujarat,31.59569240887856,55.921867186945065,1013.9714515613416,0.7016858224590503,0
2022-03-08,AWS_10_Gujarat,29.952179644567224,51.36406474105242,1013.9078817680256,0.2130273864189794,0
2022-03-09,AWS_10_Gujarat,31.31569559695695,59.58219996883283,1013.6094043343122,0.8170132407685169,0
2022-03-10,AWS_10_Gujarat,29.67688210811866,49.33051295463689,1013.6929570416946,2.2157893070765398,0
2022-03-11,AWS_10_Gujarat,29.151506529136068,56.11777849243882,1013.445134323412,0.0671838381232908,0
2022-03-12,AWS_10_Gujarat,30.41854108734493,60.2885520381055,1013.398823682006,2.051742946707518,0
2022-03-13,AWS_10_Gujarat,29.564139952912928,55.76037476252275,1013.6838075883768,1.7087292848558628,0
2022-03-14,AWS_10_Gujarat,26.177903859514764,49.36327219396098,1013.4041807071384,0.100250036373068,0
2022-03-15,AWS_10_Gujarat,30.09959481956111,60.118993807181496,1014.1675719413532,1.5144205246832172,0
2022-03-16,AWS_10_Gujarat,28.57563659809114,54.34758164563282,1013.562631214536,0.5321348498792314,0
2022-03-17,AWS_10_Gujarat,28.29040449158624,58.26654262470644,1014.3307191549848,0.2927187325311243,0
2022-03-18,AWS_10_Gujarat,31.76521109039181,57.31397736900417,1013.4669008683576,0.7289116207176157,0
2022-03-19,AWS_10_Gujarat,30.767995998923265,56.14241425938687,1013.304058042972,0.3448515488959171,0
2022-03-20,AWS_10_Gujarat,29.864807063898187,50.14869237266052,1013.8461349458428,2.610652023091276,0
2022-03-21,AWS_10_Gujarat,29.207344939749056,57.68124893341295,1013.3838537477924,2.032196481908254,0
2022-03-22,AWS_10_Gujarat,29.839660296794975,58.81005125022333,1013.9004472318376,5.92559624662772,0
2022-03-23,AWS_10_Gujarat,28.15547320402845,51.9285827471326,1013.580264839346,1.1455954085983369,0
2022-03-24,AWS_10_Gujarat,28.67564266911916,61.891427409232925,1013.3493001734684,0.1401575051236984,0
2022-03-25,AWS_10_Gujarat,27.76373627807373,55.845639722764254,1013.3602996388412,0.68774977026564,0
2022-03-26,AWS_10_Gujarat,28.3495792954933,62.59015559067703,1014.5753107452584,2.736148645078341,0
2022-03-27,AWS_10_Gujarat,28.420988756423643,59.279054087290206,1014.3423497869647,0.7584168904061618,0
2022-03-28,AWS_10_Gujarat,28.1387831193122,57.48625758563378,1013.3394793077848,0.912313526219228,0
2022-03-29,AWS_10_Gujarat,27.063895932694948,57.86694013310725,1013.6004365374972,0.796468168766622,0
2022-03-30,AWS_10_Gujarat,28.46206357330229,60.64471970969504,1014.7416135578592,0.402561881123303,0
2022-03-31,AWS_10_Gujarat,26.93307963895605,62.41182911461151,1013.984942867186,0.1140184793079843,0
2022-04-01,AWS_10_Gujarat,26.705104111348376,55.04997411997351,1013.8283679674026,0.298701741187538,0
2022-04-02,AWS_10_Gujarat,24.12598959284468,56.30756804732083,1014.0535362270624,0.6787008288129137,0
2022-04-03,AWS_10_Gujarat,25.39165900730609,63.2150498796787,1014.1308924916672,0.4224261279306948,0
2022-04-04,AWS_10_Gujarat,27.778325093287645,55.732078465341445,1013.9923714971454,1.275526976135641,0
2022-04-05,AWS_10_Gujarat,27.465886097579407,58.58249528330504,1013.594520229508,1.427510306393988,0
2022-04-06,AWS_10_Gujarat,26.06854508265697,56.59154669372391,1012.999073324672,1.2661856167705292,0
2022-04-07,AWS_10_Gujarat,25.075617794593693,61.00820443455153,1013.9801834097034,0.133114098405019,0
2022-04-08,AWS_10_Gujarat,25.951933429551133,51.53641882084821,1013.0618148501094,1.6487901260851316,0
2022-04-09,AWS_10_Gujarat,21.945138866458606,61.26811064828294,1013.7377771717224,0.7281742201364035,0
2022-04-10,AWS_10_Gujarat,25.558950902613844,62.68151642718489,1013.6497165404508,3.157554802214355,0
2022-04-11,AWS_10_Gujarat,23.291940298777707,61.30881855677117,1013.609399632977,1.118602080768886,0
2022-04-12,AWS_10_Gujarat,24.83975562412231,56.977654531403104,1014.1780480272508,0.1324514066683977,0
2022-04-13,AWS_10_Gujarat,25.108848518000624,48.97716767472849,1013.8525726930336,0.0138912585043151,0
2022-04-14,AWS_10_Gujarat,24.080607711018686,57.70934144006528,1014.1886922520458,1.818573560750922,0
2022-04-15,AWS_10_Gujarat,25.5404582626339,61.8312650922777,1013.0458282912294,0.7675158200925454,0
2022-04-16,AWS_10_Gujarat,23.28885443495336,59.9358333174802,1014.31418510894,0.5095073582863818,0
2022-04-17,AWS_10_Gujarat,22.961129496451868,62.77893868875381,1014.3869204435484,0.8890816392894678,0
2022-04-18,AWS_10_Gujarat,24.80852322788781,59.611188598087466,1013.892409987206,0.1127205198616093,0
2022-04-19,AWS_10_Gujarat,23.15074558216699,59.59105217835714,1014.875279173893,0.7463319481829577,0
2022-04-20,AWS_10_Gujarat,25.53098523583421,65.33809237833728,1014.2343140950284,0.5668473415523004,0
2022-04-21,AWS_10_Gujarat,23.35214429376948,58.59632518323586,1013.8684604393374,2.4155760855742896,0
2022-04-22,AWS_10_Gujarat,23.98080133459269,62.7368495958146,1014.5897440018756,0.288292421882674,0
2022-04-23,AWS_10_Gujarat,24.37394125867025,63.27805478505003,1013.9035156495248,2.117830024188724,0
2022-04-24,AWS_10_Gujarat,22.6939951871018,68.16767899754676,1013.3868526097136,1.0409288548713602,0
2022-04-25,AWS_10_Gujarat,20.33638465088091,66.14743710773448,1014.24073205616,0.128153753985816,0
2022-04-26,AWS_10_Gujarat,23.39518016651954,62.953309832122166,1014.5779100356148,5.243849763057169,0
2022-04-27,AWS_10_Gujarat,24.07143122269989,63.56037273298253,1013.0395995058184,1.9875711547170676,0
2022-04-28,AWS_10_Gujarat,21.71349301501117,65.34066446639733,1013.5600419669216,0.4518487336903953,0
2022-04-29,AWS_10_Gujarat,23.431960714080727,59.753086326587805,1013.5214559089148,1.3075257028644145,0
2022-04-30,AWS_10_Gujarat,20.02350084671448,67.0839176917745,1013.1223133832714,3.4529108982970955,0
2022-05-01,AWS_10_Gujarat,21.834110452726247,61.82664094880449,1013.6023369873584,4.0062826693013545,0
2022-05-02,AWS_10_Gujarat,21.01663893248586,64.08490585097985,1013.3350593674388,1.9704473730935352,0
2022-05-03,AWS_10_Gujarat,18.91749180915983,63.24239421289356,1013.9191263107444,1.9511119207066228,0
2022-05-04,AWS_10_Gujarat,21.71929446710268,60.00393261102076,1013.937481389914,0.4872687476888531,0
2022-05-05,AWS_10_Gujarat,19.630599789579342,61.24778514093106,1013.7412826028952,6.872466335441071,0
2022-05-06,AWS_10_Gujarat,21.36997840099124,60.11306022335795,1013.7582219236642,0.4185418517534708,0
2022-05-07,AWS_10_Gujarat,19.152879015939707,63.27617207301781,1014.3854378783094,0.140487927697031,0
2022-05-08,AWS_10_Gujarat,17.985410774726436,58.13445018437583,1014.620484724281,5.683392726706948,0
2022-05-09,AWS_10_Gujarat,19.27305659639682,59.87356861644948,1013.8967159898629,0.2488082253105288,0
2022-05-10,AWS_10_Gujarat,21.74733453385523,61.6192463538727,1013.318221929112,1.10600437583369,0
2022-05-11,AWS_10_Gujarat,19.806969926221868,62.58362674408079,1013.6895428166588,0.9473541304893972,0
2022-05-12,AWS_10_Gujarat,19.95466380703034,67.53030611039775,1013.543211775422,2.827846643017334,0
2022-05-13,AWS_10_Gujarat,19.96703001165829,66.2521080162734,1013.846618508202,0.757909667039385,0
2022-05-14,AWS_10_Gujarat,19.7687314378649,63.01817001649355,1013.0399625969036,1.0462794685929206,0
2022-05-15,AWS_10_Gujarat,22.28821025818281,68.91457024899184,1013.831839893572,0.0670845458868497,0
2022-05-16,AWS_10_Gujarat,19.277544954717627,64.5778381378583,1013.4763837783328,0.3494827357399553,0
2022-05-17,AWS_10_Gujarat,16.34671055825859,65.69138262532307,1013.368841175644,2.6846032031002256,0
2022-05-18,AWS_10_Gujarat,18.514795061827083,58.09201244268643,1013.3640808241988,0.976169833791209,0
2022-05-19,AWS_10_Gujarat,19.04506250440848,61.03470466897844,1014.0354391843651,0.393863284193662,0
2022-05-20,AWS_10_Gujarat,16.923559189006877,67.09577808319425,1014.7038548652624,0.6904538800073454,0
2022-05-21,AWS_10_Gujarat,18.33260242549546,66.00823439670974,1013.3694061189068,0.5034097256939466,0
2022-05-22,AWS_10_Gujarat,18.22880079067137,69.51893525218014,1012.9183559593588,1.2186422310694422,0
2022-05-23,AWS_10_Gujarat,21.110260903965923,69.37327885886452,1013.2517039509208,0.0792248676600624,0
2022-05-24,AWS_10_Gujarat,17.312164892671483,62.71433575858267,1013.3850302594284,0.3822800221834536,0
2022-05-25,AWS_10_Gujarat,19.637848036224604,67.84358407555405,1013.2840299259068,0.6576760406270663,0
2022-05-26,AWS_10_Gujarat,17.88187512843594,61.52442018898984,1013.2604198739128,3.951100878119593,0
2022-05-27,AWS_10_Gujarat,19.2809792539724,59.78797242258742,1013.0590830754792,1.4643724803282847,0
2022-05-28,AWS_10_Gujarat,19.977063915662136,65.58738803984457,1013.7932329061584,1.0525363282689848,0
2022-05-29,AWS_10_Gujarat,18.350744791559567,67.00239241752534,1012.955580986632,0.3176072370269055,0
2022-05-30,AWS_10_Gujarat,17.590808438732722,65.78454326987041,1013.4638658364564,1.2241693780101122,0
2022-05-31,AWS_10_Gujarat,19.300757619867785,67.72090640377588,1012.2769787106454,3.967814888316316,0
2022-06-01,AWS_10_Gujarat,15.286715376279249,63.17760075458201,1012.7192960290272,3.759406570314753,0
2022-06-02,AWS_10_Gujarat,17.648001411812675,68.04689695977613,1013.1190544863412,0.810238501174343,0
2022-06-03,AWS_10_Gujarat,15.427834598093492,63.496668755823165,1012.9266848854646,26.32327582610664,0
2022-06-04,AWS_10_Gujarat,18.409488324222387,72.28669497581471,1013.5202490486096,3.1088923049743413,0
2022-06-05,AWS_10_Gujarat,17.272392310055285,67.75010304082481,1013.0156269183974,1.7325390157186675,0
2022-06-06,AWS_10_Gujarat,16.934319058107175,69.97353575187586,1013.5122973904032,3.149650552107935,0
2022-06-07,AWS_10_Gujarat,16.408840664117523,61.56563423765154,1013.0621513232908,1.3774730999094291,0
2022-06-08,AWS_10_Gujarat,17.902931152083198,64.09218434676163,1012.37888855664,0.1387979575270485,0
2022-06-09,AWS_10_Gujarat,14.133990179329992,65.15026794355916,1012.6591886214268,9.913195938311045,0
2022-06-10,AWS_10_Gujarat,19.59876132721371,61.97330412035648,1012.658465777832,2.5206578213939475,0
2022-06-11,AWS_10_Gujarat,16.46439219611926,70.3509081978943,1013.3299499761064,6.290696811249559,0
2022-06-12,AWS_10_Gujarat,14.664106525883128,65.72373168214699,1012.5351065821584,15.971870951813244,0
2022-06-13,AWS_10_Gujarat,12.609662088595014,61.06899630526507,1012.5579657030728,4.505716314324473,0
2022-06-14,AWS_10_Gujarat,16.242967381839218,64.14969306725884,1012.3938339766262,5.293847777779499,0
2022-06-15,AWS_10_Gujarat,16.786072290005325,62.309554143619295,1012.6215870772536,12.910230547413567,0
2022-06-16,AWS_10_Gujarat,16.847261331161956,67.95244470198666,1012.8534576037612,3.2706746033850744,0
2022-06-17,AWS_10_Gujarat,14.165329638120248,67.5731216348912,1012.8446731874304,1.7348186397017529,0
2022-06-18,AWS_10_Gujarat,14.450851519802232,67.72775235481348,1012.3039760705678,11.444324861580972,0
2022-06-19,AWS_10_Gujarat,18.287849327961645,68.7574887924871,1011.4262927255312,0.3217035324683012,0
2022-06-20,AWS_10_Gujarat,13.885986412970087,72.43537936153048,1012.5312465709584,1.0870751874683608,0
2022-06-21,AWS_10_Gujarat,16.346163434542763,71.31327580070705,1012.4103593640988,1.8784503645653223,0
2022-06-22,AWS_10_Gujarat,15.568866260058703,64.54957520038954,1012.4019732108692,6.856975668850929,0
2022-06-23,AWS_10_Gujarat,15.313661661752649,72.30279499762426,1012.294696397894,10.54071457840156,0
2022-06-24,AWS_10_Gujarat,15.680570174789242,65.33255967690785,1012.4101607633472,2.7049075206155937,0
2022-06-25,AWS_10_Gujarat,15.25940180056329,66.26473138545133,1011.2154599780348,1.516730276327087,0
2022-06-26,AWS_10_Gujarat,15.189862976161889,66.1775681567608,1012.2620435344508,1.9608062939759356,0
2022-06-27,AWS_10_Gujarat,17.530995635494687,67.97010646006706,1011.6578070161222,4.809176632781513,0
2022-06-28,AWS_10_Gujarat,15.414262997198744,60.385070616949406,1012.7127752464409,0.7739267255945244,0
2022-06-29,AWS_10_Gujarat,14.18223341629574,66.0673075475949,1012.1477109893866,3.567665556623812,0
2022-06-30,AWS_10_Gujarat,15.877844543241022,66.88340576475628,1011.6895350081102,3.9951381373387296,0
2022-07-01,AWS_10_Gujarat,14.412179264980209,60.94529654150198,1011.4261697177332,5.537284169602669,0
2022-07-02,AWS_10_Gujarat,14.369648424180903,60.88942229423803,1011.554687783032,4.167374821156408,0
2022-07-03,AWS_10_Gujarat,57.12544228910054,63.520148974412,1011.6271431087284,0.458926114993031,1
2022-07-04,AWS_10_Gujarat,15.735419699920389,63.770998774427184,1011.9339865435892,5.252921606352464,0
2022-07-05,AWS_10_Gujarat,14.103819724194386,66.114161579051,1011.2828328647502,0.0989432613397467,0
2022-07-06,AWS_10_Gujarat,15.878576250045665,65.57679260575745,1011.9662048222084,2.2266120844116104,0
2022-07-07,AWS_10_Gujarat,16.14499150549777,69.4862175628219,1012.3123763211488,2.4285422401699206,0
2022-07-08,AWS_10_Gujarat,15.758178322088154,64.81007405445615,1012.3284010706484,0.5580525857589955,0
2022-07-09,AWS_10_Gujarat,15.358845874450957,64.84946251232313,1011.5504294961828,0.0445771919863398,0
2022-07-10,AWS_10_Gujarat,14.036643275622104,68.9261903601071,1011.6944127457556,0.3321934453002751,0
2022-07-11,AWS_10_Gujarat,15.523308994258263,60.18518714858433,1011.343516282666,2.660094842485133,0
2022-07-12,AWS_10_Gujarat,14.988235886609484,71.19048380622527,1011.037241350548,1.237063779972448,0
2022-07-13,AWS_10_Gujarat,16.031822061697575,61.27618867751464,1011.3374778628132,0.321637261209522,0
2022-07-14,AWS_10_Gujarat,16.887676801961295,68.87808838588919,1010.6703590140552,1.3331668493365094,0
2022-07-15,AWS_10_Gujarat,18.922823991520737,68.31742389005812,1010.5516603778276,3.386340401755579,0
2022-07-16,AWS_10_Gujarat,17.50312303850552,70.44777604765893,1011.6572058188334,6.099002884692977,0
2022-07-17,AWS_10_Gujarat,12.317191090267118,63.5737077461008,1011.5991648524548,2.389637798547384,0
2022-07-18,AWS_10_Gujarat,59.76530800225605,65.80567574711209,1012.0493950256764,4.273720067624749,1
2022-07-19,AWS_10_Gujarat,18.76902023302423,62.18474320338896,1012.1241584321332,4.087057285788006,0
2022-07-20,AWS_10_Gujarat,16.339410547693696,65.41383378365144,1011.4648242306456,10.19876883528528,0
2022-07-21,AWS_10_Gujarat,18.947314837188127,65.24627028142761,1010.8696512324128,0.8897063404274761,0
2022-07-22,AWS_10_Gujarat,15.020866970638735,70.16788753654036,1010.8355378029592,2.911884251876396,0
2022-07-23,AWS_10_Gujarat,15.428558761920607,67.07099612385736,1010.7564856690296,4.496443927765694,0
2022-07-24,AWS_10_Gujarat,16.56130389910443,65.30570591669832,1011.370503491826,3.300258837920796,0
2022-07-25,AWS_10_Gujarat,16.668559561326283,65.21379719536561,1010.8372660842748,2.693062165049417,0
2022-07-26,AWS_10_Gujarat,18.218945075518533,63.92155429673223,1010.4787842081964,16.330787642972272,0
2022-07-27,AWS_10_Gujarat,17.04578376267092,64.5243019129101,1011.3604746809418,12.813978700078843,0
2022-07-28,AWS_10_Gujarat,16.961386884814125,65.4283378250863,1011.5490582305316,4.254063440407425,0
2022-07-29,AWS_10_Gujarat,20.924120937957653,70.93691814692221,1010.7148665361622,2.605775041231013,0
2022-07-30,AWS_10_Gujarat,16.131083614655807,66.26176914795408,1011.0404285123144,6.336260841621953,0
2022-07-31,AWS_10_Gujarat,19.32111528735627,61.88444852285952,1011.7582669568992,3.237107282752016,0
2022-08-01,AWS_10_Gujarat,18.105032989002787,72.74658717190962,1011.464167437416,24.386716106239973,0
2022-08-02,AWS_10_Gujarat,17.028120505968065,67.95582528317603,1010.5065825860098,5.211731773202224,0
2022-08-03,AWS_10_Gujarat,18.06527662183823,67.696247769671,1011.7155822820648,0.3176739758867662,0
2022-08-04,AWS_10_Gujarat,16.552623126781864,64.05823673273837,1011.2686954851227,2.313068079756854,0
2022-08-05,AWS_10_Gujarat,18.012887141732744,67.02272311685101,1011.6933860178704,5.896413734091507,0
2022-08-06,AWS_10_Gujarat,17.984880642281304,65.46501988232299,1010.7623256686796,8.313749865092266,0
2022-08-07,AWS_10_Gujarat,18.815302491343616,60.39429159612689,1010.3972218782012,7.5538104864658,0
2022-08-08,AWS_10_Gujarat,18.0383082656482,65.75115363245885,1010.7770398502328,17.02192810237312,0
2022-08-09,AWS_10_Gujarat,20.827899644210756,60.54162305984586,1010.063993609912,3.0222968351303305,0
2022-08-10,AWS_10_Gujarat,17.12295074632873,65.11490567913032,1011.1564763111564,0.6790538197478574,0
2022-08-11,AWS_10_Gujarat,17.533776774364974,65.30724163770684,1010.4394505479704,4.753133277534689,0
2022-08-12,AWS_10_Gujarat,19.04841618555956,61.30699821243343,1010.884857408146,0.3301933219145692,0
2022-08-13,AWS_10_Gujarat,17.60644700419408,64.30552414597555,1011.7454774647842,16.341706533483023,0
2022-08-14,AWS_10_Gujarat,19.952015640572306,65.6433296802362,1010.3945857728552,6.394602384405444,0
2022-08-15,AWS_10_Gujarat,21.04421702931786,62.227633612876325,1010.6132751981872,18.11546612047268,0
2022-08-16,AWS_10_Gujarat,18.42571495883786,65.040499638175,1010.3552652696438,2.131267174960461,0
2022-08-17,AWS_10_Gujarat,19.472043744939757,67.38792641315486,1010.4918924143012,0.0716525662561903,0
2022-08-18,AWS_10_Gujarat,20.458939569193586,65.99781470878648,1010.4236498281429,3.314968480114272,0
2022-08-19,AWS_10_Gujarat,20.941124536938418,62.440357639599554,1011.0174153073468,0.5813050628116714,0
2022-08-20,AWS_10_Gujarat,24.974316399746662,67.62678035233665,1010.939138976004,5.122221802343074,0
2022-08-21,AWS_10_Gujarat,45.66931612336092,65.4214903236303,1010.3585752820894,3.097178921213489,1
2022-08-22,AWS_10_Gujarat,22.288131254233573,62.54950063722553,1010.510271693766,6.300801909362319,0
2022-08-23,AWS_10_Gujarat,19.2308757597312,61.09900093124958,1010.2614056936984,1.547985533665751,0
2022-08-24,AWS_10_Gujarat,19.44414018617217,64.69662203540844,1011.115287303236,7.951771817946437,0
2022-08-25,AWS_10_Gujarat,20.71061604608657,65.986174734297,1009.1105063908144,4.734761816584704,0
2022-08-26,AWS_10_Gujarat,20.742957326579067,66.02059072299255,1009.9744654344496,19.79526064577775,0
2022-08-27,AWS_10_Gujarat,22.68159699316096,64.35411822951016,1010.5601416711418,0.8851174595365923,0
2022-08-28,AWS_10_Gujarat,18.75695050805435,61.36786956303463,1010.7503976587044,0.2363783990390429,0
2022-08-29,AWS_10_Gujarat,16.6578355124823,63.97935644858329,1010.9440159686636,8.568648836100675,0
2022-08-30,AWS_10_Gujarat,24.183556599071103,59.57543239262675,1010.2914047109136,1.859272455342111,0
2022-08-31,AWS_10_Gujarat,19.285406730457066,62.909776266617534,1009.9787108117248,2.539385621023579,0
2022-09-01,AWS_10_Gujarat,23.117267370251824,67.31514377630663,1010.2429763049064,11.696477681510784,0
2022-09-02,AWS_10_Gujarat,23.86766063567129,58.77722383217713,1010.7242106075176,0.8715953654116906,0
2022-09-03,AWS_10_Gujarat,23.64487520072764,60.01740118044979,1009.916592459168,0.5307735743729068,0
2022-09-04,AWS_10_Gujarat,22.87898623139998,64.3953118246207,1010.177738276839,0.0920082596980884,0
2022-09-05,AWS_10_Gujarat,23.40092556364717,58.80196610469362,1010.043423818817,0.8776109363790896,0
2022-09-06,AWS_10_Gujarat,21.67003522251455,65.91040432796112,1010.8022783973204,1.596105550967667,0
2022-09-07,AWS_10_Gujarat,19.755506533954872,64.10871459569353,1009.5839230652874,0.4703719874704056,0
2022-09-08,AWS_10_Gujarat,22.28008245529685,64.10706283139277,1008.8892849175668,1.8975993521973704,0
2022-09-09,AWS_10_Gujarat,22.161617848766596,64.33935766027125,1010.0768842279178,0.975890199831141,0
2022-09-10,AWS_10_Gujarat,21.7370039260741,56.91994157589784,1010.4363630215056,2.929026127884711,0
2022-09-11,AWS_10_Gujarat,23.40617608967288,57.422821763452326,1009.8591450853174,0.2646359229820673,0
2022-09-12,AWS_10_Gujarat,20.58683255521481,64.49783421461925,1009.1853222009356,2.122532582635284,0
2022-09-13,AWS_10_Gujarat,25.572641612740416,59.4858261077913,1010.4173525364484,4.04461034830032,0
2022-09-14,AWS_10_Gujarat,23.76762534187347,60.0580152578232,1009.8602722302074,2.028697247794373,0
2022-09-15,AWS_10_Gujarat,23.31293189593271,62.26618858836746,1010.185727641458,0.7811556877841996,0
2022-09-16,AWS_10_Gujarat,23.772621690253708,60.463440520252846,1009.9168603488806,0.3929352667528285,0
2022-09-17,AWS_10_Gujarat,24.185932834049037,63.11798897873731,1008.9504687219516,0.1553222662331471,0
2022-09-18,AWS_10_Gujarat,23.05058647328753,61.47727965601201,1010.2102865304788,1.542383252162643,0
2022-09-19,AWS_10_Gujarat,23.230270606757657,59.013816376463126,1010.325300327134,0.2312210720517477,0
2022-09-20,AWS_10_Gujarat,23.014536786236825,59.18715669150916,1009.9367133670922,2.7330560197914338,0
2022-09-21,AWS_10_Gujarat,23.033465813835825,60.111455422295805,1009.4643692225656,4.856222111462939,0
2022-09-22,AWS_10_Gujarat,24.06528162899372,60.370299500847736,1010.9421900418944,0.2189077999193545,0
2022-09-23,AWS_10_Gujarat,25.315828944205084,61.47831180965191,1010.2129939328216,0.7075346578773639,0
2022-09-24,AWS_10_Gujarat,27.37631660980319,59.42414129752076,1009.3302506708704,4.153423562144376,0
2022-09-25,AWS_10_Gujarat,23.548451130840988,58.536836964603005,1011.15981820264,0.9543128358179565,0
2022-09-26,AWS_10_Gujarat,27.47464685956114,58.113246433134336,1009.700833049198,1.149919528186969,0
2022-09-27,AWS_10_Gujarat,23.87773230738256,57.21969477781448,1010.6701976833052,2.064611091760766,0
2022-09-28,AWS_10_Gujarat,26.624132454711035,63.193020263049085,1010.3297854881184,0.3545966478835722,0
2022-09-29,AWS_10_Gujarat,24.39307493258611,55.621320309802485,1010.1784408441192,5.805535144977527,0
2022-09-30,AWS_10_Gujarat,24.961092179258376,54.32190328829204,1010.6953555876744,2.277227802975077,0
2022-10-01,AWS_10_Gujarat,27.52178274655226,60.639747678569385,1009.0884806000884,0.2639845338228547,0
2022-10-02,AWS_10_Gujarat,27.693944967930356,59.27206956268876,1010.2869048717508,0.1766044665942939,0
2022-10-03,AWS_10_Gujarat,28.5494028086998,63.88342632037744,1009.8326347174784,4.098996085094483,0
2022-10-04,AWS_10_Gujarat,26.21771385360097,57.30237904314472,1011.2065525232088,1.732906346442727,0
2022-10-05,AWS_10_Gujarat,29.299058934536443,57.32831189256322,1009.0406112178504,0.0589960763573822,0
2022-10-06,AWS_10_Gujarat,30.33774800773593,54.807032934235465,1010.164253332582,0.2297044276654086,0
2022-10-07,AWS_10_Gujarat,28.530914934474406,57.44315565062114,1010.2029867648426,0.0735163440240886,0
2022-10-08,AWS_10_Gujarat,25.689156180895832,51.80279719988943,1009.7158130573276,5.479209365593368,0
2022-10-09,AWS_10_Gujarat,25.663310742366864,51.20437050898158,1009.890627694072,1.0332872848233583,0
2022-10-10,AWS_10_Gujarat,28.973671634750925,55.10133488201447,1009.7939169875668,0.930258997775326,0
2022-10-11,AWS_10_Gujarat,28.07251248525597,56.79470781489451,1009.5451340651232,4.67782530309278,0
2022-10-12,AWS_10_Gujarat,27.62350611031168,54.69950104363597,1009.5717696328892,1.0536936359552551,0
2022-10-13,AWS_10_Gujarat,29.0517680237229,54.58997720614271,1009.9640504138642,1.0939540169502306,0
2022-10-14,AWS_10_Gujarat,28.95022282239262,51.66616741798611,1010.3894183040152,6.211886670326395,0
2022-10-15,AWS_10_Gujarat,29.43087668029548,57.95187294889024,1009.732086042078,0.1772165171420455,2
2022-10-16,AWS_10_Gujarat,29.43087668029548,53.78592007294938,1008.8993240989694,6.377002568454955,2
2022-10-17,AWS_10_Gujarat,29.43087668029548,60.76983895378307,1010.0306175901052,0.2717036099067608,2
2022-10-18,AWS_10_Gujarat,29.43087668029548,55.45144787926106,1010.2293982222432,0.9605801157312976,2
2022-10-19,AWS_10_Gujarat,29.99535672904465,52.37355414038305,1009.9760495538244,0.6178594915898872,0
2022-10-20,AWS_10_Gujarat,27.5161672259784,48.480146263730965,1010.1301326884976,4.665746939191581,0
2022-10-21,AWS_10_Gujarat,29.02259895365977,51.58299754816994,1010.5811971749386,0.9968492323021854,0
2022-10-22,AWS_10_Gujarat,28.98253291975976,54.9482326204624,1010.0982021524296,0.0349252283804167,0
2022-10-23,AWS_10_Gujarat,51.30239846049972,47.88129760499179,1010.5531784301146,0.3759477509476836,1
2022-10-24,AWS_10_Gujarat,30.9125934603235,52.505334346763206,1010.3132045823788,0.8453168642664984,0
2022-10-25,AWS_10_Gujarat,30.826927533056185,53.16023289948018,1009.7016816490355,1.692326177336795,0
2022-10-26,AWS_10_Gujarat,30.811558195891788,52.41061167652559,1010.7440367235904,1.2379723922735888,0
2022-10-27,AWS_10_Gujarat,32.12454331554342,52.753274240224336,1009.526831603018,2.8447731888387184,0
2022-10-28,AWS_10_Gujarat,32.40924380007855,52.98728683667208,1009.1705439479176,2.644177268316475,0
2022-10-29,AWS_10_Gujarat,28.568426240729423,51.90572091836485,1010.281802775562,1.33926163176824,0
2022-10-30,AWS_10_Gujarat,33.89404161124637,58.54974467337182,1010.5477987601456,1.270549120898659,0
2022-10-31,AWS_10_Gujarat,32.8645019669693,52.16966463970982,1010.5302854668475,0.488937456947237,0
2022-11-01,AWS_10_Gujarat,29.697239177058226,46.01656827684073,1009.6786731161252,4.751770288547898,0
2022-11-02,AWS_10_Gujarat,34.14583038870333,48.87458062313707,1010.37335377078,0.1199474898654277,0
2022-11-03,AWS_10_Gujarat,34.487463783846415,55.4727464290921,1009.4881796150164,0.758832395045239,0
2022-11-04,AWS_10_Gujarat,30.13337523372749,54.90318222083708,1010.5122606215164,1.6219067810142276,0
2022-11-05,AWS_10_Gujarat,32.804260630451985,51.86266777279844,1010.4014556896136,4.368827589605448,0
2022-11-06,AWS_10_Gujarat,33.82292342820219,49.09166523782864,1010.6486178223214,1.044317116934018,0
2022-11-07,AWS_10_Gujarat,35.18466819516016,55.34898094970547,1010.7917546095404,3.393883460817885,0
2022-11-08,AWS_10_Gujarat,34.467850227806686,48.34359955380057,1010.6844864446535,0.1660618109862063,0
2022-11-09,AWS_10_Gujarat,33.034858807170764,54.11759528448879,1009.773767570022,1.1375982930417434,0
2022-11-10,AWS_10_Gujarat,32.4024465366715,51.602607415972095,1010.2064214920924,0.5698069227625425,0
2022-11-11,AWS_10_Gujarat,31.95300294537204,54.28368574910042,1009.91384419704,2.3822248913842508,0
2022-11-12,AWS_10_Gujarat,32.92105893370156,51.16158762544445,1009.235725417294,0.883166726032385,0
2022-11-13,AWS_10_Gujarat,35.260410966255705,56.95989321903056,1010.901076294743,0.9672570870814046,0
2022-11-14,AWS_10_Gujarat,35.97337008705546,46.94393857448035,1010.8710694997276,0.1004635842930296,0
2022-11-15,AWS_10_Gujarat,34.16193046554668,54.105688748575744,1010.1137386753566,0.8644069977132371,0
2022-11-16,AWS_10_Gujarat,36.5060306233963,51.24424815396647,1010.2086691615318,0.1264241586002498,0
2022-11-17,AWS_10_Gujarat,35.6044046983822,50.07555730102639,1010.609410470536,0.5340743908883809,0
2022-11-18,AWS_10_Gujarat,38.913731497431655,55.85890474398661,1010.3761207780057,0.2035259368265362,0
2022-11-19,AWS_10_Gujarat,32.49935813972637,48.94858778087815,1011.2270968702452,0.6107819670789983,0
2022-11-20,AWS_10_Gujarat,35.0442987835693,52.61356843881625,1010.510061935039,0.3869681147962321,0
2022-11-21,AWS_10_Gujarat,35.81202632543274,52.18885810806725,1010.3073856645652,0.503586677683966,0
2022-11-22,AWS_10_Gujarat,38.38418496077177,48.04513962300779,1010.971536420192,0.2409325780424167,0
2022-11-23,AWS_10_Gujarat,33.54715186799142,54.12809394645311,1010.3283958473396,0.8686770743655832,0
2022-11-24,AWS_10_Gujarat,34.39418152183956,57.63171246506098,1011.163886722402,1.0324677549666477,0
2022-11-25,AWS_10_Gujarat,36.03706483142478,56.34671048577645,1010.809084838032,2.7177690284843345,0
2022-11-26,AWS_10_Gujarat,34.22832251813326,52.600031203899086,1011.3220168812064,1.160967857375836,0
2022-11-27,AWS_10_Gujarat,35.796362511810074,50.64752473867301,1011.3941001428196,0.389628698834713,0
2022-11-28,AWS_10_Gujarat,33.81919885414047,53.7053325650181,1010.2719104403416,1.997116748021343,0
2022-11-29,AWS_10_Gujarat,38.16568346556613,54.08748307179167,1010.9859206719422,0.5291241598284099,0
2022-11-30,AWS_10_Gujarat,38.98931085840029,51.3852165995649,1010.9594945617029,2.1183203497593626,0
2022-12-01,AWS_10_Gujarat,39.13844332028347,43.87410279221914,1010.9550348304764,0.7344870157848862,0
2022-12-02,AWS_10_Gujarat,36.88744801989839,46.30744158478505,1011.6223301224544,1.0813174244855444,0
2022-12-03,AWS_10_Gujarat,37.00966295400913,52.29042446763871,1011.0650696306712,1.05103000106486,0
2022-12-04,AWS_10_Gujarat,36.81478619355779,51.82272895179811,1010.4106967383398,4.672984994479337,0
2022-12-05,AWS_10_Gujarat,38.20805803222086,49.40217209429476,1010.9048171530592,0.2502605835865157,0
2022-12-06,AWS_10_Gujarat,38.889048042362056,51.553139138751895,1010.8155429110416,4.1844338319944905,0
2022-12-07,AWS_10_Gujarat,38.14449111929065,46.279963765093854,1010.9908825890096,1.2382654689617745,0
2022-12-08,AWS_10_Gujarat,37.51290774351444,50.08156069653269,1011.2212397668555,7.598092207709852,0
2022-12-09,AWS_10_Gujarat,38.27868884006943,49.55891663513499,1010.9114995515932,1.2769427244357066,0
2022-12-10,AWS_10_Gujarat,37.27328471685125,44.62488010549512,1011.5986701561768,1.602311341531466,0
2022-12-11,AWS_10_Gujarat,35.34243472064192,50.73131370944322,1012.084798422438,2.0768889334321754,0
2022-12-12,AWS_10_Gujarat,36.529567345173575,45.847729749766685,1011.4457129637464,2.587182065121552,0
2022-12-13,AWS_10_Gujarat,37.795584410658186,53.00853746262029,1011.7841105683104,0.9738780655475224,0
2022-12-14,AWS_10_Gujarat,36.22676155047684,51.34429927088454,1010.925639406302,1.702574709313314,0
2022-12-15,AWS_10_Gujarat,36.17580145107949,48.29695574653481,1011.8837833213736,1.4313121261751875,0
2022-12-16,AWS_10_Gujarat,38.56257966422035,47.21193824644582,1012.1745993879528,0.7840613961687937,0
2022-12-17,AWS_10_Gujarat,38.70284106701841,46.05589208605399,1012.1348037686336,2.578859215903152,0
2022-12-18,AWS_10_Gujarat,38.16923072991134,48.77161173193351,1011.2646527402898,0.3206227720939284,0
2022-12-19,AWS_10_Gujarat,37.01953830685378,52.48777022397441,1012.2091314841964,0.2743178483210767,0
2022-12-20,AWS_10_Gujarat,37.29691556325986,49.127529740936886,1012.5035750886008,2.000201187597199,0
2022-12-21,AWS_10_Gujarat,38.88748579705615,49.60205492725414,1011.3769647250812,1.5220354374302465,0
2022-12-22,AWS_10_Gujarat,36.51576651444187,46.78003707526234,1012.0418983696323,0.5733418408586034,0
2022-12-23,AWS_10_Gujarat,35.71351120440495,48.56051430342088,1011.437619935908,1.5123208372996313,0
2022-12-24,AWS_10_Gujarat,38.68102968584447,49.38061222890124,1011.081522434222,2.208740698621006,0
2022-12-25,AWS_10_Gujarat,37.76227921003646,50.41496629694564,1011.6867744471416,0.366869083176247,0
2022-12-26,AWS_10_Gujarat,39.920104040832925,49.50175776271461,1011.5471209229914,1.3062381756697783,0
2022-12-27,AWS_10_Gujarat,36.37603983513459,51.36521468129572,1011.7942962644024,2.6115929778760214,0
2022-12-28,AWS_10_Gujarat,39.59736419977729,51.97552008027883,1010.6051777349796,0.7946012493001193,0
2022-12-29,AWS_10_Gujarat,37.11779915117521,54.59013094466811,1012.123263336272,1.272025654972484,0
2022-12-30,AWS_10_Gujarat,39.171505028822175,50.66091121691687,1011.8494211325586,0.1226868726632701,0
2022-12-31,AWS_10_Gujarat,36.06740949150583,51.26247544749143,1012.3752881092704,2.6620768073852723,0
2023-01-01,AWS_10_Gujarat,35.59065858267569,48.4333085822315,1011.804993190449,2.385382398625846,0
2023-01-02,AWS_10_Gujarat,38.51985410430825,54.620817155172894,1012.9352911659572,0.913910829047768,0
2023-01-03,AWS_10_Gujarat,37.572563830735554,48.59946965755453,1011.8846081887666,0.1904694850448282,0
2023-01-04,AWS_10_Gujarat,38.21294311836081,51.82508986085117,1012.193930764383,1.619974866196244,0
2023-01-05,AWS_10_Gujarat,36.49592579346673,48.550948710058,1011.6809429889926,1.276387063532455,0
2023-01-06,AWS_10_Gujarat,38.43349752349471,49.60929965717235,1012.2546866751152,3.7788726073282817,0
2023-01-07,AWS_10_Gujarat,39.831113586289405,50.11792385516689,1012.3748051933884,0.4923572572466222,0
2023-01-08,AWS_10_Gujarat,39.5408546526273,44.21510170657237,1011.9914564979686,0.0492907577514447,0
2023-01-09,AWS_10_Gujarat,36.85616564803862,50.69099894525538,1012.6881195880584,0.4410324074323132,0
2023-01-10,AWS_10_Gujarat,35.95300569184144,49.87751893486204,1012.0616014012106,0.837680516051875,0
2023-01-11,AWS_10_Gujarat,37.79878166383713,48.12140824248456,1012.9434776051406,0.2534171310335655,0
2023-01-12,AWS_10_Gujarat,39.03736435935483,47.15628346615188,1011.7251876503016,5.848285884370451,0
2023-01-13,AWS_10_Gujarat,35.19353490502005,48.277387780077085,1012.411085221626,0.3772972278768095,0
2023-01-14,AWS_10_Gujarat,38.59620722391033,47.0432376665804,1013.791304228791,1.6991575460426955,0
2023-01-15,AWS_10_Gujarat,40.650750060816975,48.76395611856981,1011.31392178649,0.9080140647077244,0
2023-01-16,AWS_10_Gujarat,38.544867620017925,48.29310813029005,1013.020904644934,1.2150199650949478,0
2023-01-17,AWS_10_Gujarat,35.19907373637112,49.29489561377168,1012.7352483367192,4.047446694453831,0
2023-01-18,AWS_10_Gujarat,35.777039824462825,52.66550867568083,1012.456353724946,1.137501161087455,0
2023-01-19,AWS_10_Gujarat,36.38194825706029,47.69676365685675,1013.1922707563492,0.5462540568765262,0
2023-01-20,AWS_10_Gujarat,37.13695791297985,48.71903239955786,1012.8888379881912,0.3742588329190578,0
2023-01-21,AWS_10_Gujarat,37.812564863153945,50.86698157409636,1012.5596604981862,3.3383370541736426,0
2023-01-22,AWS_10_Gujarat,38.30123641626861,47.625967827329525,1012.3712463284322,6.482816488313397,0
2023-01-23,AWS_10_Gujarat,36.70132239884177,52.90509192327592,1012.5598065404072,0.4351919095117065,0
2023-01-24,AWS_10_Gujarat,37.4585497361007,47.77843337810147,1012.679815315904,1.9198437624990337,0
2023-01-25,AWS_10_Gujarat,35.37489681051312,51.13265652580455,1012.7465062942156,1.0570782696719276,0
2023-01-26,AWS_10_Gujarat,35.85753170530096,53.97395791575168,1012.4679681583632,1.7988908762380151,0
2023-01-27,AWS_10_Gujarat,38.160545756342,47.89783011567752,1012.97128246159,4.9953217936195005,0
2023-01-28,AWS_10_Gujarat,37.42499104632698,48.51245726396749,1012.6013292447162,0.4846255266134604,0
2023-01-29,AWS_10_Gujarat,37.52298480835911,49.623636552896414,1013.0254958981776,2.020298862355387,3
2023-01-30,AWS_10_Gujarat,35.07319167177699,51.10081169634083,1013.9435063772294,0.8642381858453685,3
2023-01-31,AWS_10_Gujarat,36.54704727791747,50.72158106047426,1013.4443703890944,1.5856331801385857,3
2023-02-01,AWS_10_Gujarat,36.70086916787956,51.13196623389626,1013.0274450374404,0.7829610957068307,3
2023-02-02,AWS_10_Gujarat,37.02345837158845,52.77509481242421,1012.485365659784,1.8482291342828792,3
2023-02-03,AWS_10_Gujarat,38.0283404141961,50.76981212516933,1013.1757829856248,0.6176056552586704,3
2023-02-04,AWS_10_Gujarat,36.53084115113869,47.012157400851166,1014.0265065126276,1.0051866668182463,3
2023-02-05,AWS_10_Gujarat,38.80667301096194,55.308096233714416,1012.6575680764628,1.850584708606012,3
2023-02-06,AWS_10_Gujarat,33.42869796333811,52.86269801360961,1012.0921885451232,0.0654683372470275,3
2023-02-07,AWS_10_Gujarat,35.8668588783683,47.82999315004541,1013.3746842837396,0.5964452675960255,3
2023-02-08,AWS_10_Gujarat,37.82802181291059,51.18322626636549,1014.0127610307076,1.185097496549714,3
2023-02-09,AWS_10_Gujarat,35.10744218162699,54.17883414223184,1013.8781935270032,0.1155405534385584,3
2023-02-10,AWS_10_Gujarat,37.42274361074422,49.1857756945586,1014.1249542114548,1.8218266920429496,3
2023-02-11,AWS_10_Gujarat,36.26157850349309,54.77466953627473,1012.67934609209,2.5172735511196174,3
2023-02-12,AWS_10_Gujarat,38.90225630505641,49.18822089744939,1013.1496282734856,0.2674835037352102,3
2023-02-13,AWS_10_Gujarat,35.76593250024053,53.47635836662295,1013.5585730212252,1.9833633183272623,3
2023-02-14,AWS_10_Gujarat,35.71932657104868,44.59786932969626,1012.24423421735,1.5585358172263637,3
2023-02-15,AWS_10_Gujarat,38.56292178944209,55.20946057743636,1013.409480691098,0.7936841983371579,3
2023-02-16,AWS_10_Gujarat,35.249725684588654,46.81862544339055,1013.1813595545748,0.2704640116684476,3
2023-02-17,AWS_10_Gujarat,37.30480717960589,56.15258696547841,1013.3475677254312,4.64759006333708,3
2023-02-18,AWS_10_Gujarat,36.108113804524194,49.18392806908922,1013.6275561803992,0.935462397692166,3
2023-02-19,AWS_10_Gujarat,37.20164207668925,58.43541560594722,1013.34806869879,0.3043561105830661,3
2023-02-20,AWS_10_Gujarat,34.96929987382192,53.19875023924425,1012.9938274692208,1.899646214289061,3
2023-02-21,AWS_10_Gujarat,35.25305534272071,56.0471452391729,1013.913346812051,1.4043497333891148,3
2023-02-22,AWS_10_Gujarat,34.77946311225462,52.54569561988086,1013.0315570572924,2.540844199170576,3
2023-02-23,AWS_10_Gujarat,32.285879849691455,48.6484383255202,1013.5463753883132,8.318903891822798,3
2023-02-24,AWS_10_Gujarat,56.0628808719384,50.520561550598025,1013.2071487596518,0.0688572829084168,3
2023-02-25,AWS_10_Gujarat,39.87566725525042,54.83615715867122,1013.984780944638,2.0166681125752435,3
2023-02-26,AWS_10_Gujarat,33.88435382746765,62.25294600462016,1012.8753593085434,6.782745563611385,3
2023-02-27,AWS_10_Gujarat,35.110189577760686,57.99365116863384,1013.6319219235834,1.159037845004618,3
2023-02-28,AWS_10_Gujarat,36.58460284241976,54.047804206713366,1013.853357336523,1.886598728949888,3
2023-03-01,AWS_10_Gujarat,33.418373244535466,56.73510452329243,1013.8563407314438,0.8727052899165335,0
2023-03-02,AWS_10_Gujarat,32.35629427143866,54.6716260355125,1014.2720438965836,0.6618880416425377,0
2023-03-03,AWS_10_Gujarat,30.966228024753224,53.44383249347951,1014.1653825046908,1.7883533926581685,0
2023-03-04,AWS_10_Gujarat,34.30447171487526,54.43445737724426,1013.9945939867196,6.6454902958737545,0
2023-03-05,AWS_10_Gujarat,33.635724509780864,52.67756210466945,1012.7880677434922,0.1442153763647916,0
2023-03-06,AWS_10_Gujarat,33.93097351033694,54.71708440086677,1014.087087823695,0.8225874092096007,0
2023-03-07,AWS_10_Gujarat,33.609914894654544,55.70861468740005,1014.4185820987632,4.235666475563951,0
2023-03-08,AWS_10_Gujarat,29.318401905505407,54.55525326686751,1013.4398272627272,0.1795243776112338,0
2023-03-09,AWS_10_Gujarat,30.75823101455718,53.44738777116451,1014.4227886881656,1.5787384359616905,0
2023-03-10,AWS_10_Gujarat,31.577373571556876,53.411924420034666,1014.307296395429,0.843612152128359,0
2023-03-11,AWS_10_Gujarat,29.507904663988384,54.301152510721536,1013.5156110265492,0.7095541357183496,0
2023-03-12,AWS_10_Gujarat,29.81203448125467,55.59121162927276,1013.6160363957576,0.3525201571837746,0
2023-03-13,AWS_10_Gujarat,31.539627028027784,53.92656837387475,1013.4102034110286,0.2909857531815164,0
2023-03-14,AWS_10_Gujarat,31.29820875116045,57.09490834788328,1014.4316511404032,1.089394353728292,0
2023-03-15,AWS_10_Gujarat,32.85992149458225,50.7486431238498,1013.5702557024896,0.7108661900010024,0
2023-03-16,AWS_10_Gujarat,28.955212014182685,56.407966701295045,1013.5894317799192,1.014566026827655,0
2023-03-17,AWS_10_Gujarat,28.45959711747965,58.83234186385323,1013.8142561195727,0.3271173375872144,0
2023-03-18,AWS_10_Gujarat,32.818563942328346,61.35551325706543,1013.3769505196584,0.6466400281105411,0
2023-03-19,AWS_10_Gujarat,29.11868179696366,55.95486394833196,1014.1926801665436,8.447613135692322,0
2023-03-20,AWS_10_Gujarat,26.452211061749185,58.26399841327618,1013.8073132418403,0.6884669413765754,0
2023-03-21,AWS_10_Gujarat,29.716442244058577,57.07610544679833,1014.5115028879268,0.7983526753232633,0
2023-03-22,AWS_10_Gujarat,27.31834129567161,59.63998670508629,1014.3946672055654,0.030114372328346,0
2023-03-23,AWS_10_Gujarat,28.16473803185006,55.9933150154427,1014.7900341475788,0.7190529287322003,0
2023-03-24,AWS_10_Gujarat,26.430478695945386,58.33738398712474,1013.1956104980028,2.1620215964264538,0
2023-03-25,AWS_10_Gujarat,30.03648267953464,50.487292383255856,1013.3458388753388,1.0872564796126445,0
2023-03-26,AWS_10_Gujarat,28.793510794808157,60.08980253187319,1013.989967937481,1.605235874668666,0
2023-03-27,AWS_10_Gujarat,26.058237154764196,57.63841592383172,1014.050527684409,1.2197625681845483,0
2023-03-28,AWS_10_Gujarat,28.101568701221755,55.30844007124659,1013.850052349938,0.1672205731371197,0
2023-03-29,AWS_10_Gujarat,28.621730963162733,58.35845911396469,1014.8173033377508,0.605524925434349,0
2023-03-30,AWS_10_Gujarat,27.108461165760463,61.90859330679423,1013.7981275623982,1.7773982598213265,0
2023-03-31,AWS_10_Gujarat,29.719747761575828,54.93199500377576,1014.2333192313688,1.1909069112092272,0
2023-04-01,AWS_10_Gujarat,28.609574961921453,55.25991402137877,1014.1682861058016,1.6857154741782971,0
2023-04-02,AWS_10_Gujarat,26.13526947944869,53.19426462864751,1013.697019168656,0.6698537329454735,0
2023-04-03,AWS_10_Gujarat,26.32862146214181,55.539425708457294,1014.2316087054631,0.3229287891647052,0
2023-04-04,AWS_10_Gujarat,24.62453531360722,55.49475054872351,1013.9958677832687,2.656295308527764,0
2023-04-05,AWS_10_Gujarat,23.7454644491576,57.90408901579252,1014.615136392794,0.7081314815159606,0
2023-04-06,AWS_10_Gujarat,24.796032086150685,58.77725844271906,1014.5749473753624,1.5963640940498196,0
2023-04-07,AWS_10_Gujarat,24.85884714113145,54.56156144844226,1012.729848751588,0.7200721305528477,0
2023-04-08,AWS_10_Gujarat,27.714430972299056,59.86149901602499,1013.2175167076624,3.931162907097094,0
2023-04-09,AWS_10_Gujarat,23.47470627572076,59.80564289114232,1013.9095802306298,7.231135037905664,0
2023-04-10,AWS_10_Gujarat,25.495415312368277,59.87453669088657,1014.4089195672872,1.5701493434142149,0
2023-04-11,AWS_10_Gujarat,25.484200323119545,56.6982545749337,1014.0334710486884,1.3825249022664523,0
2023-04-12,AWS_10_Gujarat,23.91533072775101,65.23220214447258,1014.1731467082132,2.7566452345475483,0
2023-04-13,AWS_10_Gujarat,26.319450714562755,61.49519945512582,1015.3538161074348,1.0892241041864452,0
2023-04-14,AWS_10_Gujarat,24.136190298187323,55.7135379985009,1013.6405760573848,3.054640901964783,0
2023-04-15,AWS_10_Gujarat,23.53160853423402,55.08603045676547,1014.1653049474402,0.7989380003801756,0
2023-04-16,AWS_10_Gujarat,26.700394314275773,57.57707738390295,1014.0180782023828,0.0486253253713975,0
2023-04-17,AWS_10_Gujarat,22.791096617798598,60.40587214201034,1014.3564260284904,3.9175495697047262,0
2023-04-18,AWS_10_Gujarat,25.039767421914885,64.60455512091659,1014.3925580105682,1.9176591824412037,0
2023-04-19,AWS_10_Gujarat,22.83934888581756,58.370600401630455,1014.1848875795332,1.0723750013505045,0
2023-04-20,AWS_10_Gujarat,21.68810999461537,55.88494997288496,1014.5972898781648,4.347737880218488,0
2023-04-21,AWS_10_Gujarat,22.836199661686955,61.528412564984045,1014.5554907666904,3.2674752921256527,0
2023-04-22,AWS_10_Gujarat,26.68750825600351,59.3822721612562,1014.0808296791018,0.1721502202123735,0
2023-04-23,AWS_10_Gujarat,20.81136631050954,61.2486208054075,1013.8087617977594,1.468835593299167,0
2023-04-24,AWS_10_Gujarat,21.75080890906439,60.55694834508278,1013.9935202175744,1.1586237294948258,0
2023-04-25,AWS_10_Gujarat,24.47066319669741,60.363852750129766,1013.0048724233202,2.247339779082188,0
2023-04-26,AWS_10_Gujarat,21.0442100693695,64.37818103386327,1013.5582973082636,0.5366588878452647,0
2023-04-27,AWS_10_Gujarat,21.379304609498792,63.193869090132175,1013.323850273046,0.0122231454126665,0
2023-04-28,AWS_10_Gujarat,22.31384195073979,62.1948197418872,1014.236734541087,0.3075863910762886,0
2023-04-29,AWS_10_Gujarat,21.60565456627933,55.21183471862243,1014.4512844671012,0.3553704832201164,0
2023-04-30,AWS_10_Gujarat,22.53882866263178,61.035995586805925,1014.0905757758796,0.5167307867598946,0
2023-05-01,AWS_10_Gujarat,21.215569653276507,64.50801720572582,1013.678759857016,0.693988834260978,0
2023-05-02,AWS_10_Gujarat,21.454093412536466,59.11298504174386,1013.3564745284688,1.8390965228349527,0
2023-05-03,AWS_10_Gujarat,21.086721113423792,61.46715731198216,1014.1469271131856,0.1157182846807446,0
2023-05-04,AWS_10_Gujarat,19.895491267059896,62.107246839713376,1014.2131646996506,0.999895979105744,0
2023-05-05,AWS_10_Gujarat,18.18748793190292,63.06436403566736,1013.6240773905351,1.0356573238000597,0
2023-05-06,AWS_10_Gujarat,23.68817620713602,61.269809319446445,1013.68261426382,1.4351605256587403,0
2023-05-07,AWS_10_Gujarat,19.407056704643185,63.86296073995331,1013.4577750635248,0.557786119017418,0
2023-05-08,AWS_10_Gujarat,53.00585122530545,63.8676863250096,1013.8210655383632,0.4512297856864582,1
2023-05-09,AWS_10_Gujarat,20.64197672638472,60.08826269182575,1013.3979960303964,0.992138245628713,0
2023-05-10,AWS_10_Gujarat,18.64299165513333,60.57689112559044,1013.5318307234776,1.616486027689921,0
2023-05-11,AWS_10_Gujarat,21.42047364195473,63.56700171721058,1012.96436757766,0.0684253188431367,0
2023-05-12,AWS_10_Gujarat,20.28308627532425,67.54957376578481,1013.658893567284,0.5213218868186567,0
2023-05-13,AWS_10_Gujarat,19.35072989194773,66.26702210509411,1014.3810043177732,2.3218815797573997,0
2023-05-14,AWS_10_Gujarat,18.866626679750823,61.664069876885655,1013.6561048002808,0.9930238657185706,0
2023-05-15,AWS_10_Gujarat,17.67619910042972,61.05511333306274,1013.980316054102,4.549397612311303,0
2023-05-16,AWS_10_Gujarat,19.809858680299303,62.42755738695343,1013.8171347231536,3.03223143153959,0
2023-05-17,AWS_10_Gujarat,19.409403195149498,68.27068045554626,1013.3500621459574,0.6322659294380759,0
2023-05-18,AWS_10_Gujarat,18.10364686043208,63.71577951707956,1013.3797109437836,1.9434250449985253,0
2023-05-19,AWS_10_Gujarat,19.728697329101184,64.40411285796,1013.0876874018056,0.4809453997775295,0
2023-05-20,AWS_10_Gujarat,21.185650554235213,61.47686832071852,1013.825467612586,0.2890970083336605,0
2023-05-21,AWS_10_Gujarat,18.7116225679386,64.11305184394149,1013.5444292325454,3.1932044206896526,0
2023-05-22,AWS_10_Gujarat,18.19589750514024,59.57418365410648,1013.7855957079804,0.6467497461020768,0
2023-05-23,AWS_10_Gujarat,17.0054787183929,60.060466435522,1013.3110625526206,0.3411378871315158,0
2023-05-24,AWS_10_Gujarat,18.0900007207937,64.54428433010284,1012.3358970646796,5.027604006302736,0
2023-05-25,AWS_10_Gujarat,17.584328601840657,65.08078301140212,1012.8425681324946,0.0472805930808416,0
2023-05-26,AWS_10_Gujarat,16.53100703320822,63.21665052367091,1013.6762311385688,0.6856887964202449,0
2023-05-27,AWS_10_Gujarat,18.667704342201198,65.50532705014156,1013.0492871339992,0.058762986220492,0
2023-05-28,AWS_10_Gujarat,18.29362625421924,60.75218168662987,1013.6505888450793,1.0520723763709134,0
2023-05-29,AWS_10_Gujarat,17.893516734185898,63.66179369357031,1013.795820559016,0.7691798706260564,0
2023-05-30,AWS_10_Gujarat,17.133731201362778,62.86130712076542,1013.5263968921184,1.913036043750284,0
2023-05-31,AWS_10_Gujarat,18.960095343383284,64.58959303857125,1013.4780281192036,4.6197958767887854,0
2023-06-01,AWS_10_Gujarat,14.856163761274654,64.00795712108098,1011.6584087367798,3.29994509994254,0
2023-06-02,AWS_10_Gujarat,14.833462995187904,71.78495507443445,1012.8556713461318,1.5121428393482814,0
2023-06-03,AWS_10_Gujarat,17.63569496769473,62.19657938894662,1012.9393104042498,9.256941609907608,0
2023-06-04,AWS_10_Gujarat,19.106271839837348,65.10562495392334,1013.359217418966,4.174672861249682,0
2023-06-05,AWS_10_Gujarat,17.305603570904736,73.54398683953526,1012.9378683912478,3.628265707454089,0
2023-06-06,AWS_10_Gujarat,17.233523228219912,67.0744841727174,1012.1024077445204,0.9403330530815204,0
2023-06-07,AWS_10_Gujarat,15.393059779840836,65.18069064188332,1012.0824971505914,0.1864725493072326,0
2023-06-08,AWS_10_Gujarat,13.6711437380527,67.80150237853884,1012.5447064496424,2.784560757959868,0
2023-06-09,AWS_10_Gujarat,15.352876213828752,67.2985980110786,1014.0994975991072,3.3789407392695288,0
2023-06-10,AWS_10_Gujarat,17.71124005048972,62.14665969483456,1012.8636516076464,0.6116718982477544,0
2023-06-11,AWS_10_Gujarat,14.31908245199922,60.85959688603421,1012.947238446974,0.2755517651660486,0
2023-06-12,AWS_10_Gujarat,15.336159010868178,65.84352864796648,1011.9217675193898,1.0955193788445992,0
2023-06-13,AWS_10_Gujarat,14.203837166030564,64.15962202834318,1013.1779864005134,0.2932961758694914,0
2023-06-14,AWS_10_Gujarat,15.137548311367627,72.46126860646437,1012.4347135847544,0.2599901670679319,0
2023-06-15,AWS_10_Gujarat,18.150672549910546,69.03692038082906,1013.3127701806465,2.6427870144543717,0
2023-06-16,AWS_10_Gujarat,15.480355531497665,69.07326582799888,1011.9059471338744,7.479077487788215,0
2023-06-17,AWS_10_Gujarat,17.712433734848492,58.64187136949121,1012.4471155908049,4.9077408731309,0
2023-06-18,AWS_10_Gujarat,15.424153674292274,64.0149649315137,1012.2048982698772,5.119216374758163,0
2023-06-19,AWS_10_Gujarat,18.41548977836182,65.78443600823168,1012.7445781662263,1.369814306570309,0
2023-06-20,AWS_10_Gujarat,16.738418482882636,63.63833162964725,1012.883318492199,0.050248334832194,0
2023-06-21,AWS_10_Gujarat,15.488084896539558,63.99441989991384,1012.044691258616,2.6955599083693023,0
2023-06-22,AWS_10_Gujarat,15.904010400133826,65.12221779100966,1012.7281272525148,2.130336273370557,0
2023-06-23,AWS_10_Gujarat,13.955227245571272,66.28806509617756,1013.0010005191764,13.238582278185508,0
2023-06-24,AWS_10_Gujarat,15.325014008893644,74.05202018099061,1012.747982588144,0.336350577095278,0
2023-06-25,AWS_10_Gujarat,18.19963885928373,63.93408244802136,1011.936454269478,6.740923313093695,0
2023-06-26,AWS_10_Gujarat,16.588227273293104,68.50113245798171,1011.977091077634,2.190644782898423,0
2023-06-27,AWS_10_Gujarat,12.901347349185173,70.36686564097212,1012.0484196569286,7.963753633856271,0
2023-06-28,AWS_10_Gujarat,15.763332706841616,63.000058239102486,1012.5938286042976,3.07356517271665,0
2023-06-29,AWS_10_Gujarat,16.262274273820864,72.02983664907117,1012.300573212484,7.729155659546041,0
2023-06-30,AWS_10_Gujarat,17.129518336296115,66.70386253941315,1011.422622816742,2.830272334908543,0
2023-07-01,AWS_10_Gujarat,15.438130468535393,58.51392738386917,1012.0092264685104,2.3126832766953878,0
2023-07-02,AWS_10_Gujarat,15.820335164793295,69.66509741498722,1012.8006112587618,14.92277259220723,0
2023-07-03,AWS_10_Gujarat,17.552783702825042,61.14465597249772,1012.4412888927748,2.0710104809818937,0
2023-07-04,AWS_10_Gujarat,15.645306957056986,70.36628700928168,1011.613547364126,7.363329785131304,0
2023-07-05,AWS_10_Gujarat,14.926911400162291,68.90557141852013,1011.1116028353902,0.3122326002044382,0
2023-07-06,AWS_10_Gujarat,17.28659657860805,62.855199439022776,1011.5957355599132,0.2911367682692015,0
2023-07-07,AWS_10_Gujarat,56.69639828117539,64.79394932786589,1011.8092366934562,2.5940068340081543,1
2023-07-08,AWS_10_Gujarat,12.827553081907316,68.00346912417893,1011.571020907272,3.9638322694664287,0
2023-07-09,AWS_10_Gujarat,16.479954450752885,64.2685782176491,1011.2516578319852,4.220343087369154,0
2023-07-10,AWS_10_Gujarat,14.606480186629776,71.13482752225781,1012.0013553981568,0.1667905613185664,0
2023-07-11,AWS_10_Gujarat,16.746629725319067,68.6373401298371,1010.479392385105,5.369240717725447,0
2023-07-12,AWS_10_Gujarat,17.60807675186834,61.38540844807094,1012.2011495302824,0.6262965612114153,0
2023-07-13,AWS_10_Gujarat,17.143707240595667,65.31749865633456,1011.9841226610084,13.989548463813447,0
2023-07-14,AWS_10_Gujarat,17.330593592697436,67.37471638015067,1011.786443373784,1.8260473155400052,0
2023-07-15,AWS_10_Gujarat,15.30516089139102,63.446151608524666,1011.8372807848602,1.3637688620717023,0
2023-07-16,AWS_10_Gujarat,15.65452854682581,69.02710633263573,1011.3639528598046,1.54923760646335,0
2023-07-17,AWS_10_Gujarat,17.278276341280534,67.56043263429727,1011.4591111261876,12.466109309065208,0
2023-07-18,AWS_10_Gujarat,16.547142317315565,67.83415427866203,1012.1744512448316,2.967323918856401,0
2023-07-19,AWS_10_Gujarat,14.18021315830158,64.69465006597602,1011.3305156417244,2.566633028858555,0
2023-07-20,AWS_10_Gujarat,17.89022823541128,62.54143887760812,1011.565890429934,3.755143133575463,0
2023-07-21,AWS_10_Gujarat,14.418826964757276,69.20621694312531,1011.6046508879772,12.015918151905964,0
2023-07-22,AWS_10_Gujarat,17.164994245816896,70.78822734837773,1011.3614599476604,1.658972589346391,0
2023-07-23,AWS_10_Gujarat,17.05572173487602,68.5578169214199,1011.1695402411174,0.8975315328404029,0
2023-07-24,AWS_10_Gujarat,18.587193571989037,68.0809056170385,1010.3712723090604,4.072865070899094,0
2023-07-25,AWS_10_Gujarat,16.534193680158094,65.54162042077627,1011.6206894413136,3.044852208991372,0
2023-07-26,AWS_10_Gujarat,13.920433405203385,63.17347876679657,1011.7201998590668,0.2878717430719163,0
2023-07-27,AWS_10_Gujarat,17.25781624780529,67.4663925015565,1011.1863342449644,3.321060460028608,0
2023-07-28,AWS_10_Gujarat,17.623726014867618,63.30097588150414,1011.7406201088124,3.719208956488525,0
2023-07-29,AWS_10_Gujarat,18.820133126993007,68.12601026391246,1011.2781405983684,5.33098119743493,0
2023-07-30,AWS_10_Gujarat,16.50561466175611,65.87256353086526,1010.077289827716,24.358828041059752,0
2023-07-31,AWS_10_Gujarat,18.44291419568012,60.56006548190892,1010.500167523555,2.4635550168162377,0
2023-08-01,AWS_10_Gujarat,18.82717070180656,65.09043361436635,1010.7530120450892,3.2119416755099106,0
2023-08-02,AWS_10_Gujarat,16.479705776567876,61.12304765558759,1010.6628560290484,0.3508381843186267,0
2023-08-03,AWS_10_Gujarat,18.152552321868583,60.608414215360895,1010.9756658827504,8.016040449110065,0
2023-08-04,AWS_10_Gujarat,15.570966020865786,58.0596255050824,1010.4505535902892,0.4649107413989578,0
2023-08-05,AWS_10_Gujarat,18.72968388385176,60.58467690245384,1011.7325567335064,12.219877925411916,0
2023-08-06,AWS_10_Gujarat,18.324416534890062,60.984211952361576,1009.776089153819,1.9281528329611604,0
2023-08-07,AWS_10_Gujarat,16.24276882042514,68.28661566621403,1010.783981389043,1.853366440024679,0
2023-08-08,AWS_10_Gujarat,17.618025507596553,66.11161687245544,1010.4220269780292,1.7928160676908216,0
2023-08-09,AWS_10_Gujarat,19.95605369051958,70.30398114145324,1010.1178993710968,13.525076008314558,0
2023-08-10,AWS_10_Gujarat,18.74620395571865,63.63606025348473,1011.0373158043642,17.6284256625613,0
2023-08-11,AWS_10_Gujarat,17.542558725806387,60.24840739863247,1010.2101517170788,16.293881779112283,0
2023-08-12,AWS_10_Gujarat,17.53789779817307,64.01741160172018,1010.7098693325504,5.490263958334015,0
2023-08-13,AWS_10_Gujarat,20.31960383415758,62.6785503110174,1010.188283353586,0.5297556022221152,0
2023-08-14,AWS_10_Gujarat,18.20600691664016,65.12923049413286,1009.6862200074996,2.1975771212236275,0
2023-08-15,AWS_10_Gujarat,19.40358357025169,59.493502281572034,1010.502035547152,1.5368302973279495,0
2023-08-16,AWS_10_Gujarat,18.58564519819509,63.81208168456775,1010.7417028899204,5.545513813828007,0
2023-08-17,AWS_10_Gujarat,16.021563317076954,67.6145433623097,1010.2656751393132,3.0535335870878577,0
2023-08-18,AWS_10_Gujarat,18.49703129657018,67.56086686521547,1011.1990818104276,4.312886288345572,0
2023-08-19,AWS_10_Gujarat,21.323087384902287,66.93968917267583,1010.6654550069272,0.0394623670440762,0
2023-08-20,AWS_10_Gujarat,22.973504289720005,64.92071942974655,1010.856882815992,6.872542558251288,0
2023-08-21,AWS_10_Gujarat,18.74111479512481,65.98306348832573,1010.143658095403,13.669356521457516,0
2023-08-22,AWS_10_Gujarat,20.54685068812594,62.940768841227545,1010.1345199820328,4.980443860402709,0
2023-08-23,AWS_10_Gujarat,23.68773436857324,64.21142609055404,1010.2591503503608,8.595540448759667,0
2023-08-24,AWS_10_Gujarat,22.14581347912012,62.45387175832592,1010.2310702414766,2.927553651008681,0
2023-08-25,AWS_10_Gujarat,18.677724876124863,61.08948951941755,1010.1559499067812,0.0918677504997044,0
2023-08-26,AWS_10_Gujarat,20.252914171419807,63.389560918972215,1009.8121621193384,20.93953032447802,0
2023-08-27,AWS_10_Gujarat,21.19186601905882,67.60772897101029,1010.7425629060548,0.272852015515041,0
2023-08-28,AWS_10_Gujarat,22.871796377239573,63.22707377425878,1009.594626909541,0.9636833375902222,0
2023-08-29,AWS_10_Gujarat,19.31702875756405,63.724392652306605,1010.6224331893452,0.2423933028488559,0
2023-08-30,AWS_10_Gujarat,22.444142879016862,64.48999081239967,1010.7062150155222,4.413232472586796,0
2023-08-31,AWS_10_Gujarat,22.500778354358985,63.0073029462386,1010.130245751234,3.938503203192351,0
2023-09-01,AWS_10_Gujarat,21.15371219805482,61.25979377047112,1011.5242211402096,1.0588691774366692,0
2023-09-02,AWS_10_Gujarat,24.99176005727443,64.14228529042884,1010.2445533975992,4.707785023550853,0
2023-09-03,AWS_10_Gujarat,20.57586895029722,59.48012333210578,1010.0775565590784,3.671178670083422,0
2023-09-04,AWS_10_Gujarat,22.65798447245376,65.08506845755372,1010.0849333689248,0.4923604413766541,0
2023-09-05,AWS_10_Gujarat,22.58129220575717,65.21150800976623,1010.7362666588976,1.613214441032165,0
2023-09-06,AWS_10_Gujarat,23.01794581503077,61.16432489605047,1010.0461425793164,2.8989480819688427,0
2023-09-07,AWS_10_Gujarat,24.360246700648133,59.19416585189533,1010.4823611569597,0.6689575408987903,0
2023-09-08,AWS_10_Gujarat,20.787411439751764,67.45647013064477,1009.4754185715676,0.4387052570403141,0
2023-09-09,AWS_10_Gujarat,23.214837244677987,58.82067765150629,1010.2118399479212,0.4439543635049962,0
2023-09-10,AWS_10_Gujarat,26.10817603365727,59.91298187790273,1010.6196221052238,2.576006536680988,0
2023-09-11,AWS_10_Gujarat,24.529202083138728,54.63980191501515,1010.0940785003016,0.932831927634215,0
2023-09-12,AWS_10_Gujarat,22.51958738342634,64.66335633447872,1009.72512507839,1.8846793185906967,0
2023-09-13,AWS_10_Gujarat,22.490962480469317,56.09949713362575,1009.9501208803474,1.576022834284766,0
2023-09-14,AWS_10_Gujarat,24.64871205295329,61.737841426225145,1009.3703841776672,0.5484128887309474,0
2023-09-15,AWS_10_Gujarat,23.32007317357565,61.05507854194702,1010.5292215120996,0.3499361087308337,0
2023-09-16,AWS_10_Gujarat,24.022683895491948,59.77530734086512,1010.6743167605284,0.2016442826092928,0
2023-09-17,AWS_10_Gujarat,23.305406470133896,58.24938806037557,1009.9923296585188,0.03626325780514,0
2023-09-18,AWS_10_Gujarat,27.715979942131973,61.06371049662277,1010.8044976891013,0.1271223194191281,0
2023-09-19,AWS_10_Gujarat,25.30988548080449,64.83533903287207,1010.411296497298,0.4440687762269247,0
2023-09-20,AWS_10_Gujarat,25.055172606561563,58.71335645454621,1010.0433248243528,1.8755467014104028,0
2023-09-21,AWS_10_Gujarat,22.713823515371825,54.36968653205757,1010.7006055702068,0.2524840840868343,0
2023-09-22,AWS_10_Gujarat,24.11111810106837,53.7664603806361,1010.379035899408,1.1116020179271848,0
2023-09-23,AWS_10_Gujarat,25.445419598827744,58.49936688257672,1010.6121464726808,0.4218187050505236,0
2023-09-24,AWS_10_Gujarat,25.63509502294281,57.55829455014785,1010.709536263392,1.0755752364781244,0
2023-09-25,AWS_10_Gujarat,28.40431560071236,58.277111726185645,1009.8902276559402,2.0795085959775186,0
2023-09-26,AWS_10_Gujarat,48.66695397346644,59.51147971981501,1010.3512042682514,0.463830812266534,1
2023-09-27,AWS_10_Gujarat,27.84785497923477,57.06519128981252,1009.0381176761904,0.6413332985546819,0
2023-09-28,AWS_10_Gujarat,26.748414372889368,66.65899502228939,1009.4213270991416,1.9256097347819496,0
2023-09-29,AWS_10_Gujarat,27.960186415358944,59.38830963806858,1010.2532112822464,1.1856045947130682,0
2023-09-30,AWS_10_Gujarat,24.356028919053276,60.80913284870167,1010.181780787484,0.1490123761560411,0
2023-10-01,AWS_10_Gujarat,25.1625913430277,57.49636061879512,1009.5250762124988,2.1291828484896858,0
2023-10-02,AWS_10_Gujarat,28.622388201974232,57.37910440583771,1009.8112344644632,0.4874301348124182,0
2023-10-03,AWS_10_Gujarat,29.670756152160664,55.90878853650308,1010.179729820086,0.729340339329337,0
2023-10-04,AWS_10_Gujarat,25.055399058367424,57.77846796259345,1010.0009604311,0.4219078410034198,0
2023-10-05,AWS_10_Gujarat,27.822343074205296,52.8434452054495,1009.8911331398208,1.1757801297294643,0
2023-10-06,AWS_10_Gujarat,25.74342288401153,52.45810636277809,1009.303053345612,1.845312460790597,0
2023-10-07,AWS_10_Gujarat,27.18494144001067,55.28051882251975,1010.1868021663856,2.438475652603084,0
2023-10-08,AWS_10_Gujarat,25.518005966697785,54.1650414775157,1009.9207750837634,3.828923000952848,0
2023-10-09,AWS_10_Gujarat,28.37928343499212,55.00859476314584,1011.1065323165716,0.6675958039391775,0
2023-10-10,AWS_10_Gujarat,28.46742187706903,55.721843439894734,1010.7277813463662,4.045982131264735,0
2023-10-11,AWS_10_Gujarat,28.63593619567695,55.72863660668195,1010.098283088489,1.4394032034685351,0
2023-10-12,AWS_10_Gujarat,28.677985433543128,58.898244615060776,1009.0669985023056,0.740447790957721,0
2023-10-13,AWS_10_Gujarat,30.25482745615678,58.64442623036116,1011.2566732136518,3.2744595791177518,0
2023-10-14,AWS_10_Gujarat,32.05896376254712,56.1051719832804,1010.4602062788722,1.2999282394754534,0
2023-10-15,AWS_10_Gujarat,27.858196494993397,62.01279283187528,1009.7845876506829,0.9084835821116688,0
2023-10-16,AWS_10_Gujarat,28.593867332015016,54.524163302371726,1010.5114874291849,0.0173523071040139,0
2023-10-17,AWS_10_Gujarat,30.231158978897568,58.28827251777213,1010.4754500336526,1.896156987470127,0
2023-10-18,AWS_10_Gujarat,29.81655767509144,57.1761699763349,1009.7596937746488,0.1207547118708293,0
2023-10-19,AWS_10_Gujarat,29.92425582955971,54.87595130275,1009.6325483905443,0.5124532538966298,0
2023-10-20,AWS_10_Gujarat,28.610116482480286,55.00739278291847,1010.47973918334,4.893236518077445,0
2023-10-21,AWS_10_Gujarat,30.073682382743574,53.94402219456702,1010.6580429052644,0.2530063182652036,0
2023-10-22,AWS_10_Gujarat,30.266103037278967,57.41434319173995,1010.2929011133482,0.5604795808933798,0
2023-10-23,AWS_10_Gujarat,31.43913030241165,58.75662956730493,1010.2729436494436,4.039875980601808,0
2023-10-24,AWS_10_Gujarat,29.92474198862507,54.99269067950032,1010.8350358248396,0.6180183313719904,0
2023-10-25,AWS_10_Gujarat,32.79822547735637,49.154427525922905,1010.096735067022,0.5977528067129506,0
2023-10-26,AWS_10_Gujarat,29.73505566273848,56.269763958663525,1008.74161319759,1.5659926458177909,0
2023-10-27,AWS_10_Gujarat,34.134437124942984,53.96954481739495,1010.467916484278,0.2112349969405698,0
2023-10-28,AWS_10_Gujarat,30.74620580589395,51.218194837297,1010.792410299489,5.4041467531826335,0
2023-10-29,AWS_10_Gujarat,34.304373022060666,54.48699051248448,1010.4694924751328,0.4824222887595973,0
2023-10-30,AWS_10_Gujarat,31.182719511768,53.09625051188456,1009.608743199548,2.310489396056636,0
2023-10-31,AWS_10_Gujarat,33.71850388062692,50.73053361988921,1009.9443715536888,0.5087038064670693,0
2023-11-01,AWS_10_Gujarat,32.08881129733744,53.23728325634457,1010.2127780906154,0.4831461364160825,0
2023-11-02,AWS_10_Gujarat,32.91873764593113,58.01644984312579,1009.63908425607,0.0888492646561468,0
2023-11-03,AWS_10_Gujarat,33.860660369293235,54.09230216715713,1010.030529215823,0.1905925376094544,0
2023-11-04,AWS_10_Gujarat,32.615848578024725,53.62908284510527,1011.035062930071,1.1071142378282004,0
2023-11-05,AWS_10_Gujarat,30.417669960166176,54.77823714035202,1009.8598306454952,1.2900186611457811,0
2023-11-06,AWS_10_Gujarat,32.47331103838556,54.031958008812886,1010.2284308824204,2.537954180674564,0
2023-11-07,AWS_10_Gujarat,32.82171013359448,52.37239296953417,1010.7555966494714,0.0931565326210244,0
2023-11-08,AWS_10_Gujarat,36.323542116319295,53.69005734585623,1009.613287283164,0.6604346814666117,0
2023-11-09,AWS_10_Gujarat,33.80869747936856,53.249078116933234,1011.117395838609,0.3350132015216891,0
2023-11-10,AWS_10_Gujarat,34.28215766786695,46.44733788765576,1010.152320054264,0.6644643003340547,0
2023-11-11,AWS_10_Gujarat,33.99746118318348,54.37243452171067,1009.9568558478596,0.6561459052060691,0
2023-11-12,AWS_10_Gujarat,34.6402926164171,52.81607079596129,1011.1999254744808,0.6560834260028943,0
2023-11-13,AWS_10_Gujarat,32.59709606379147,54.20333145891973,1010.9650477822374,0.5557988506602481,0
2023-11-14,AWS_10_Gujarat,33.561332359847135,52.421375044053285,1010.0402786033144,2.16574600769476,0
2023-11-15,AWS_10_Gujarat,35.721599166841685,51.32746424318147,1010.3858605251736,1.7553539529425268,0
2023-11-16,AWS_10_Gujarat,34.52659569898102,49.42157449909291,1010.7428773135894,0.6266160440650492,0
2023-11-17,AWS_10_Gujarat,34.840731030438576,52.67066630284853,1010.4624067325312,0.2375936956360191,0
2023-11-18,AWS_10_Gujarat,35.09130150296653,52.5647625018205,1011.2932977036064,1.0955895137270577,0
2023-11-19,AWS_10_Gujarat,36.28022752177671,56.05068546345503,1011.108382734186,3.767139991205924,0
2023-11-20,AWS_10_Gujarat,34.41090041676849,50.46222485716895,1009.2015142857769,0.1978294184664838,0
2023-11-21,AWS_10_Gujarat,35.643608947567834,55.05227753051908,1010.3159912946958,2.097731687337826,0
2023-11-22,AWS_10_Gujarat,32.38291096242148,54.120147033032,1010.4858322707804,1.372109386276421,0
2023-11-23,AWS_10_Gujarat,33.311527659212054,49.3435017529696,1010.5478329788374,1.3322479481339342,0
2023-11-24,AWS_10_Gujarat,35.47020704906241,47.418807354247846,1011.0335659340668,4.0921614126718,0
2023-11-25,AWS_10_Gujarat,34.296634888693454,54.531656604597735,1011.405792425693,4.683324400794192,0
2023-11-26,AWS_10_Gujarat,37.53805736121696,52.78633052774416,1010.5463225265752,0.4192529094418646,0
2023-11-27,AWS_10_Gujarat,34.56695369594791,53.79342610039673,1010.3316926546378,2.4791213159823497,0
2023-11-28,AWS_10_Gujarat,36.0806859456088,51.70269567419301,1010.7620100225156,1.4545342097147749,0
2023-11-29,AWS_10_Gujarat,37.5764949438064,48.11586219918364,1009.870617853118,0.7885170401886816,0
2023-11-30,AWS_10_Gujarat,37.21047941118469,51.65275109664845,1011.3310923966442,1.6432216880437729,0
2023-12-01,AWS_10_Gujarat,35.748382251292355,52.99741979033767,1010.9498465921304,4.684216268106487,0
2023-12-02,AWS_10_Gujarat,36.07272443305328,44.29783508256217,1010.8351860937532,1.0912208352382198,0
2023-12-03,AWS_10_Gujarat,37.45880648788349,52.35065067793301,1011.1822750524776,4.222113319182556,0
2023-12-04,AWS_10_Gujarat,38.04343233030175,53.33426073160143,1010.6446967416788,1.5445555209538375,0
2023-12-05,AWS_10_Gujarat,39.16192131547908,53.5833179647093,1010.9593765533364,0.9893053052693378,0
2023-12-06,AWS_10_Gujarat,38.204796046042645,52.10083805352964,1010.8264310648868,1.5499551411199826,0
2023-12-07,AWS_10_Gujarat,38.1025780977808,49.410422393036,1010.2500620674974,1.3839954123500038,0
2023-12-08,AWS_10_Gujarat,37.662946350765466,50.42360153094569,1011.225320601604,0.8214868736376547,0
2023-12-09,AWS_10_Gujarat,37.40184373889948,46.13456654742868,1012.5194061767552,1.2398819006516093,0
2023-12-10,AWS_10_Gujarat,36.7326820178531,53.66878606806072,1011.3066180362472,1.822291160390412,0
2023-12-11,AWS_10_Gujarat,38.102171802583925,52.84451314676905,1010.9383706663344,2.738281165096066,0
2023-12-12,AWS_10_Gujarat,37.062188239925305,49.4214233964295,1011.3858861070222,0.5443213901044448,0
2023-12-13,AWS_10_Gujarat,38.520878934755146,52.170803874402175,1010.842753081182,0.0221344007417103,0
2023-12-14,AWS_10_Gujarat,38.61587086549786,52.20298814353964,1011.1246476208752,1.2018267208955071,0
2023-12-15,AWS_10_Gujarat,38.2907402967732,47.009416227535766,1011.2431317003666,1.0079129214148308,0
2023-12-16,AWS_10_Gujarat,36.70191767678036,56.37145434761699,1011.2118878836872,0.0835843250884299,0
2023-12-17,AWS_10_Gujarat,37.54967358727114,47.71308153413917,1011.3757149253898,1.5015741040581885,0
2023-12-18,AWS_10_Gujarat,39.35149062247728,43.83898227189008,1011.901555234506,4.255540020633974,0
2023-12-19,AWS_10_Gujarat,35.20577359947738,51.37695049932496,1011.3864522264796,0.7718283032656671,0
2023-12-20,AWS_10_Gujarat,38.08849843111003,51.15387055308933,1011.4754982468112,3.371579974197308,0
2023-12-21,AWS_10_Gujarat,38.97300456521779,48.93349364161303,1010.6987163622344,2.5157832472366346,0
2023-12-22,AWS_10_Gujarat,38.52018249748223,50.72587290591829,1011.0300128157002,0.2645980157631834,0
2023-12-23,AWS_10_Gujarat,40.99989889607731,47.72191285930701,1011.7661644592685,2.3216666329493387,0
2023-12-24,AWS_10_Gujarat,35.50244546895809,44.936700153851575,1012.330469305113,1.09069542536005,0
2023-12-25,AWS_10_Gujarat,36.16590926953437,52.96857173541491,1011.699643121856,3.7630956618270535,0
2023-12-26,AWS_10_Gujarat,38.232760451707215,50.94547504472056,1011.791155976566,0.3150193961900088,0
2023-12-27,AWS_10_Gujarat,39.37187610624227,48.90456000790106,1011.1529832140876,0.2003767134754063,0
2023-12-28,AWS_10_Gujarat,38.07138166142544,55.24636193739551,1011.4864487763954,0.4141845040777377,0
2023-12-29,AWS_10_Gujarat,39.97047425255734,49.11980421926783,1012.0502917885942,0.0922175490038541,0
2023-12-30,AWS_10_Gujarat,37.13250364297228,51.77876853898453,1012.5669444153406,0.5786704202247298,0
2023-12-31,AWS_10_Gujarat,37.5907053253039,47.06138368008951,1012.100532075382,0.4990377727788762,0
